codigoint;produto;loja;situacao;embseparacao;ppcx;estcx;pedcx;vd1sem-cx;vd2sem-cx;vm30dcx;cobestq-med30d;cobestq+ped;capgondcx;secaoope;grupomerc;dtsolicitacao
1000659;CEREAL MUCILON ARROZ E AVEIA SH 180G;4;6;12;0,67;0,58;0;0,08;0,25;0,21;19,09;19,09;2,83;10;101;24/nov/25
1000659;CEREAL MUCILON ARROZ E AVEIA SH 180G;6;6;12;1;0,67;1;0,67;0,58;0,68;6,86;17,14;4,25;10;101;24/nov/25
1000680;CEREAL MUCILON MILHO SH 180G;12;6;12;0,83;0,67;0;0,08;0,17;0,12;40;40;1,42;10;101;24/nov/25
1000657;CEREAL MUCILON MULTICERAIS SH 180G;3;6;12;1,5;1,92;1;0,83;0,67;0,64;20,91;31,82;4,25;10;101;24/nov/25
1000657;CEREAL MUCILON MULTICERAIS SH 180G;4;6;12;0,83;0,75;0;0,58;0,42;0,54;9,64;9,64;5,67;10;101;24/nov/25
1000657;CEREAL MUCILON MULTICERAIS SH 180G;7;6;12;0,83;0,5;1;0,75;0,67;0,88;4;12;2,83;10;101;24/nov/25
9992894;LEITE PO DOBON COMP VITAM SH 400G;2;6;25;0,8;0,68;1;1,2;1,08;1,04;4,59;11,35;1,36;10;102;24/nov/25
1010875;LEITE PO SH 1000G INT CCGL;3;6;10;2;3;3;0;1;0,7;30;60;2,6;10;102;24/nov/25
1010875;LEITE PO SH 1000G INT CCGL;4;6;10;1,5;1,2;0;0,2;0,2;0,16;51,43;51,43;2,6;10;102;24/nov/25
1010875;LEITE PO SH 1000G INT CCGL;5;6;10;1,5;1,3;0;0,1;0;0,09;97,5;97,5;1,3;10;102;24/nov/25
1010875;LEITE PO SH 1000G INT CCGL;13;6;10;1,5;0,8;2;0,2;0,5;0,3;18,46;64,62;3,9;10;102;24/nov/25
1010875;LEITE PO SH 1000G INT CCGL;17;6;10;1,5;1,1;0;0,2;0,4;0,44;17,37;17,37;2,6;10;102;24/nov/25
1010870;LEITE PO SH 120G QUALITEM INTEGRAL INST;2;6;50;0,6;0;2;0;0;0;;;0,68;10;102;24/nov/25
1010870;LEITE PO SH 120G QUALITEM INTEGRAL INST;5;6;50;0,5;0;1;0;0;0;0;1.500,00;1,36;10;102;24/nov/25
1010870;LEITE PO SH 120G QUALITEM INTEGRAL INST;6;6;50;0,5;-0,98;1;0,2;0,38;0,23;-30;0,61;0,68;10;102;24/nov/25
1010870;LEITE PO SH 120G QUALITEM INTEGRAL INST;7;6;50;0,5;-0,02;1;0;0;0,01;-15;735;0,68;10;102;24/nov/25
1010870;LEITE PO SH 120G QUALITEM INTEGRAL INST;8;6;50;0,4;1,16;1;0;0;0,01;870;1.620,00;1,02;10;102;24/nov/25
1010870;LEITE PO SH 120G QUALITEM INTEGRAL INST;11;6;50;0,6;0;2;0;0,04;0,14;0;100;0,68;10;102;24/nov/25
1010870;LEITE PO SH 120G QUALITEM INTEGRAL INST;12;6;50;0,6;0;2;0;0;0,03;0;500;1,02;10;102;24/nov/25
1010870;LEITE PO SH 120G QUALITEM INTEGRAL INST;13;6;50;0,5;0;1;0;0;0;;;1,36;10;102;24/nov/25
1010870;LEITE PO SH 120G QUALITEM INTEGRAL INST;14;6;50;0,6;0,1;1;0,18;0,14;0,19;3,75;41,25;0,68;10;102;24/nov/25
1010870;LEITE PO SH 120G QUALITEM INTEGRAL INST;18;6;50;0,6;0,44;0;0,34;0,08;0,13;23,57;23,57;0,34;10;102;24/nov/25
1020489;LEITE PO SH 350G INT NINHO;3;6;12;1,67;2,5;1;0,17;0;0,19;90;126;2,83;10;102;24/nov/25
32711;LEITE PO SH 360G INT STA CLARA;2;6;28;1;0,84;0;0,07;0,32;0,2;29,42;29,42;1,21;10;102;24/nov/25
32711;LEITE PO SH 360G INT STA CLARA;3;6;28;1;2,18;2;0,14;0,04;0,14;107,65;206,47;1,21;10;102;24/nov/25
32711;LEITE PO SH 360G INT STA CLARA;3;6;28;1;2,18;2;0,14;0,04;0,14;107,65;206,47;1,21;10;102;24/nov/25
32711;LEITE PO SH 360G INT STA CLARA;6;6;28;1;0,75;0;0,25;0,25;0,22;24,23;24,23;1,21;10;102;24/nov/25
32711;LEITE PO SH 360G INT STA CLARA;11;6;28;1;0,29;2;0,43;0,29;0,36;5,58;44,65;1,82;10;102;24/nov/25
32711;LEITE PO SH 360G INT STA CLARA;12;6;28;1;0,39;2;0,11;0,18;0,2;13,75;83,75;1,82;10;102;24/nov/25
32711;LEITE PO SH 360G INT STA CLARA;13;6;28;1;0,64;0;0,32;0,36;0,34;13,17;13,17;2,43;10;102;24/nov/25
32711;LEITE PO SH 360G INT STA CLARA;17;6;28;1;-0,04;2;0;0,21;0,27;-0,94;51,56;1,21;10;102;24/nov/25
32711;LEITE PO SH 360G INT STA CLARA;18;6;28;1;0,11;2;0,29;0,21;0,31;2,43;47,84;1,21;10;102;24/nov/25
1011845;LEITE PO SH 400G CCGL INTEGRAL INST;11;6;25;0,8;0,56;1;0;0,16;0,32;12,35;34,41;1,36;10;102;24/nov/25
1011845;LEITE PO SH 400G CCGL INTEGRAL INST;17;6;25;0,6;0,52;0;0,08;0,12;0,08;43,33;43,33;2,72;10;102;24/nov/25
20152;LEITE PO SH 400G ELEGE INTEGRAL INST;12;6;25;4;3,92;0;0,44;1,2;0,82;33,41;33,41;4,08;10;102;24/nov/25
1010874;LEITE PO SH 400G INT CCGL;3;6;25;1,4;1,96;1;0,76;0,6;0,62;22,27;33,64;1,36;10;102;24/nov/25
1010874;LEITE PO SH 400G INT CCGL;12;6;25;1;0,76;0;0,6;0,44;0,58;9,19;9,19;1,36;10;102;24/nov/25
1010874;LEITE PO SH 400G INT CCGL;13;6;25;0,6;0,56;0;0,28;0,48;0,38;10,24;10,24;1,36;10;102;24/nov/25
97713;LEITE PO SH DESN 400G ELEGE R.3;3;6;25;1,6;2,2;1;0,72;0,56;0,68;22,6;32,88;1,36;10;102;24/nov/25
97713;LEITE PO SH DESN 400G ELEGE R.3;17;6;25;0,6;0,36;1;0,16;0,68;0,27;9,31;35,17;0,68;10;102;24/nov/25
1018116;ACHOC LIQ ELEGE BOB ESPONJA 1L;4;6;12;1,5;1,25;0;0,33;0,17;0,23;37,5;37,5;0,58;10;103;24/nov/25
1018116;ACHOC LIQ ELEGE BOB ESPONJA 1L;11;6;12;4;2,17;3;1;0,92;0,86;17,73;42,27;2,33;10;103;24/nov/25
1008608;ACHOC LIQ ITALAC 1L;3;6;12;3;1;1;0,08;2,5;0,93;7,5;15;5,83;10;103;24/nov/25
1008608;ACHOC LIQ ITALAC 1L;4;6;12;1;0,08;1;0,25;0,17;0,62;0,94;12,19;0,58;10;103;24/nov/25
1008608;ACHOC LIQ ITALAC 1L;5;6;12;1;0,25;1;0,08;0,5;0,41;4,29;21,43;3,5;10;103;24/nov/25
1008608;ACHOC LIQ ITALAC 1L;6;6;12;1;0;1;0;0,17;0,93;0;7,5;2,92;10;103;24/nov/25
1008608;ACHOC LIQ ITALAC 1L;11;6;12;1,5;0;1;0,42;2;0,93;0;7,5;3,5;10;103;24/nov/25
1008608;ACHOC LIQ ITALAC 1L;12;6;12;1,5;0,33;1;0,58;0,83;0,86;2,73;10,91;1,17;10;103;24/nov/25
1008608;ACHOC LIQ ITALAC 1L;13;6;12;2;0,25;1;1,33;3,08;2,26;0,78;3,88;2,92;10;103;24/nov/25
1008608;ACHOC LIQ ITALAC 1L;17;6;12;1,5;-0,5;1;0,42;0,83;0,97;-3,6;3,6;1,17;10;103;24/nov/25
1008608;ACHOC LIQ ITALAC 1L;18;6;12;3;-1,5;1;1,08;2;1,15;-9,15;-3,05;5,83;10;103;24/nov/25
9986480;ACHOC LIQ ITALAC 200ML;2;6;24;15;7,13;9;10,58;10,25;8,44;5,91;13,38;20,58;10;103;24/nov/25
9986480;ACHOC LIQ ITALAC 200ML;3;6;24;15,5;16,13;10;9,63;11,17;10,34;10,91;17,68;19,5;10;103;24/nov/25
9986480;ACHOC LIQ ITALAC 200ML;4;6;24;8,17;5,75;3;4,29;2,96;3,72;10,81;16,45;1,08;10;103;24/nov/25
9986480;ACHOC LIQ ITALAC 200ML;5;6;24;8,17;6,21;4;6,88;6,96;7,82;5,56;9,14;6,5;10;103;24/nov/25
9986480;ACHOC LIQ ITALAC 200ML;7;6;24;8,17;6,08;8;6,42;14,33;9,86;4,32;10;20,58;10;103;24/nov/25
9986480;ACHOC LIQ ITALAC 200ML;8;6;24;8,17;3,13;6;4,25;2,13;3,5;6,25;18,25;4,33;10;103;24/nov/25
9986480;ACHOC LIQ ITALAC 200ML;11;6;24;8,17;6,54;3;4,17;8,25;4,71;9,73;14,19;13;10;103;24/nov/25
9986480;ACHOC LIQ ITALAC 200ML;13;6;24;10;0,08;10;5,38;5,54;4,77;0,12;14,79;20,58;10;103;24/nov/25
9986480;ACHOC LIQ ITALAC 200ML;14;6;24;8,17;4,92;7;3,33;4,13;4,69;7,34;17,8;6,5;10;103;24/nov/25
9986480;ACHOC LIQ ITALAC 200ML;14;6;24;8,17;4,92;7;3,33;4,13;4,69;7,34;17,8;6,5;10;103;24/nov/25
9986480;ACHOC LIQ ITALAC 200ML;18;6;24;15;8,67;7;8,71;8,5;8,31;7,3;13,19;20,58;10;103;24/nov/25
1005980;ACHOC LIQ NESCAU ACTIC GO 180ML;3;6;27;80;79,41;3;10,89;22,52;15,61;35,61;36,96;31,78;10;103;24/nov/25
1005980;ACHOC LIQ NESCAU ACTIC GO 180ML;14;6;27;6;4,89;5;2,41;5,67;4,04;8,48;17,15;5,78;10;103;24/nov/25
1005980;ACHOC LIQ NESCAU ACTIC GO 180ML;17;6;27;6;5,15;0;0,78;4,15;2,91;12,37;12,37;13,48;10;103;24/nov/25
1015109;ACHOC LIQ NESCAU ZERO LACTOSE 180ML;3;6;27;2;2,81;1;0,93;0,85;0,5;39,31;53,28;2,89;10;103;24/nov/25
1008504;ACHOC LIQ SHOWKINHO 200ML;2;6;27;25;23;0;8,74;28,11;17,94;8,97;8,97;18,3;10;103;24/nov/25
1008504;ACHOC LIQ SHOWKINHO 200ML;3;6;27;30;29,81;4;10,44;24,26;16,17;12,91;14,64;28,89;10;103;24/nov/25
1008504;ACHOC LIQ SHOWKINHO 200ML;8;6;27;10;6,44;8;4,44;8,78;4,83;9,34;20,93;5,78;10;103;24/nov/25
1008504;ACHOC LIQ SHOWKINHO 200ML;11;6;27;40;38,44;12;22,63;84,41;36,77;7,32;9,6;9,63;10;103;24/nov/25
1008504;ACHOC LIQ SHOWKINHO 200ML;12;6;27;38;22,41;11;24,22;35,07;25,76;6,09;9,08;31,78;10;103;24/nov/25
1008504;ACHOC LIQ SHOWKINHO 200ML;14;6;27;10;6,3;5;5,81;6,74;4,89;9,01;16,17;5,78;10;103;24/nov/25
1008504;ACHOC LIQ SHOWKINHO 200ML;17;6;27;8;7,56;0;4,15;11,07;5,83;9,07;9,07;9,63;10;103;24/nov/25
1381;ACHOC LIQ TODDYNHO 200ML;3;6;27;10;10,93;3;3,11;4,04;3,06;25;31,86;11,56;10;103;24/nov/25
1381;ACHOC LIQ TODDYNHO 200ML;4;6;27;4;3,3;0;0,74;0,89;0,73;31,79;31,79;1,93;10;103;24/nov/25
1381;ACHOC LIQ TODDYNHO 200ML;8;6;27;4;3,56;0;0,48;0,33;0,37;66,98;66,98;3,85;10;103;24/nov/25
1381;ACHOC LIQ TODDYNHO 200ML;12;6;27;10;5,78;5;1,81;3,33;1,83;22,08;41,18;15,41;10;103;24/nov/25
1381;ACHOC LIQ TODDYNHO 200ML;13;6;27;10;7,41;0;3,41;1,07;1,79;28,99;28,99;5,78;10;103;24/nov/25
1381;ACHOC LIQ TODDYNHO 200ML;14;6;27;4;3,07;5;3,26;2,96;2,07;10,38;27,25;5,78;10;103;24/nov/25
1381;ACHOC LIQ TODDYNHO 200ML;17;6;27;4;2,89;0;0,74;1,48;0,89;22,72;22,72;5,78;10;103;24/nov/25
1381;ACHOC LIQ TODDYNHO 200ML;18;6;27;10;9,48;0;0,74;1,48;1,55;42,91;42,91;5,78;10;103;24/nov/25
1024281;ACHOC PO 3C CHOCOLATTO LT 350G;2;6;30;2;1,83;0;0,4;0,77;0,27;47,14;47,14;0,4;10;103;24/nov/25
1014281;ACHOC PO 3C CHOCOLLA SH 560G;1;6;12;1,33;1,25;0;0,08;0,17;0,08;112,5;112,5;2,33;10;103;24/nov/25
1014281;ACHOC PO 3C CHOCOLLA SH 560G;2;6;12;1,33;0,58;2;0,75;1,25;0,74;5,53;24,47;0,58;10;103;24/nov/25
1014281;ACHOC PO 3C CHOCOLLA SH 560G;11;6;12;2;1,83;0;0,75;0,75;0,8;16,1;16,1;3,5;10;103;24/nov/25
1014281;ACHOC PO 3C CHOCOLLA SH 560G;13;6;12;2;1,25;0;0,75;0,75;0,78;11,25;11,25;1,17;10;103;24/nov/25
1014281;ACHOC PO 3C CHOCOLLA SH 560G;17;6;12;2;0,58;2;1,17;0,75;0,76;5,38;23,85;1,75;10;103;24/nov/25
1014281;ACHOC PO 3C CHOCOLLA SH 560G;18;6;12;2;1,58;0;0,58;0,58;0,6;18,39;18,39;1,17;10;103;24/nov/25
9961326;ACHOC PO APTI SH 200G;2;6;20;2,2;0,95;2;2;1,85;1,6;4,16;12,92;3,4;10;103;24/nov/25
9961326;ACHOC PO APTI SH 200G;3;6;20;6;7,4;3;2,95;3,65;3,47;14,95;21,01;11,9;10;103;24/nov/25
9961326;ACHOC PO APTI SH 200G;5;6;20;2;1,55;2;1,8;1,75;1,97;5,5;12,6;2,55;10;103;24/nov/25
9961326;ACHOC PO APTI SH 200G;7;6;20;3;2,85;1;1,3;1,35;1,37;14,62;19,74;3,4;10;103;24/nov/25
9961326;ACHOC PO APTI SH 200G;13;6;20;3;1,2;3;2,4;2,15;1,7;4,93;17,26;5,95;10;103;24/nov/25
9961326;ACHOC PO APTI SH 200G;17;6;20;1,5;1,4;0;1,05;0,75;0,98;10;10;5,95;10;103;24/nov/25
5192;ACHOC PO CBS SUPERCAU SH 400G;12;6;24;2;1,79;0;0,13;0,13;0,34;36,86;36,86;4,25;10;103;24/nov/25
5192;ACHOC PO CBS SUPERCAU SH 400G;13;6;24;2;1,79;0;0,33;0,42;0,61;20,48;20,48;2,83;10;103;24/nov/25
5192;ACHOC PO CBS SUPERCAU SH 400G;17;6;24;1,67;1,63;0;0,29;0,42;0,42;27,21;27,21;2,83;10;103;24/nov/25
1013925;ACHOC PO NESCAU ACTGO SH 550G;13;6;12;1;0,75;0;0,5;0,08;0,29;18;18;1,67;10;103;24/nov/25
1013925;ACHOC PO NESCAU ACTGO SH 550G;17;6;12;2;0,92;2;0,67;0,75;0,53;12,22;38,89;7,5;10;103;24/nov/25
1014127;ACHOC PO NESCAU ACTGO SH 730G;3;6;12;3,67;4,42;1;0,25;0,83;0,72;42,97;52,7;4,67;10;103;24/nov/25
1014127;ACHOC PO NESCAU ACTGO SH 730G;6;6;12;2;1,67;0;0,08;0,17;0,1;120;120;4,67;10;103;24/nov/25
1014127;ACHOC PO NESCAU ACTGO SH 730G;13;6;12;1,33;1,08;0;0,25;0,67;0,41;18,57;18,57;4,67;10;103;24/nov/25
1014127;ACHOC PO NESCAU ACTGO SH 730G;17;6;12;2,5;2;0;0,92;1;0,91;15,32;15,32;4,67;10;103;24/nov/25
1022384;ACHOC PO NESCAU LT LV350G PG330G;7;6;36;2;1,89;2;2,11;3,31;2,99;4,42;9,09;2,53;10;103;24/nov/25
1008305;ACHOC PO NESQUIK MORANGO LT 380G;12;6;24;0,5;0,46;0;0,21;0,42;0,22;14,35;14,35;0,42;10;103;24/nov/25
1000686;ACHOC PO TODDY ORIG PT 370G;5;6;24;1;0,46;1;1,04;1,21;1,04;3,08;9,81;1,75;10;103;24/nov/25
1000686;ACHOC PO TODDY ORIG PT 370G;11;6;24;2,92;2,33;0;0,96;0,29;1,63;10;10;3;10;103;24/nov/25
1000686;ACHOC PO TODDY ORIG PT 370G;14;6;24;1,75;1,63;1;1;1,08;1;11,36;18,35;2,25;10;103;24/nov/25
1019073;ACHOC PO TODDY SH 480G;6;6;20;0,6;0,3;1;0,45;0,2;0,35;6;26;1,2;10;103;24/nov/25
1019073;ACHOC PO TODDY SH 480G;8;6;20;0,5;0,45;0;0,3;0,25;0,13;24,55;24,55;0;10;103;24/nov/25
1019073;ACHOC PO TODDY SH 480G;11;6;20;1;0,7;1;0,6;0,45;0,53;9,33;22,67;2,4;10;103;24/nov/25
1019073;ACHOC PO TODDY SH 480G;17;6;20;0,6;0,15;1;0,85;1;0,96;1,1;8,41;3,6;10;103;24/nov/25
1009220;AMIDO MILHO MAISCERTA 1KG;3;6;10;2;3,3;2;0,8;1,2;1,28;18;28,91;1,2;10;103;24/nov/25
1009220;AMIDO MILHO MAISCERTA 1KG;11;6;10;1;0,4;2;1;0,5;1,45;1,94;11,61;1,2;10;103;24/nov/25
1009220;AMIDO MILHO MAISCERTA 1KG;13;6;10;1;0,7;1;0,8;1,1;1,68;2,92;7,08;1,8;10;103;24/nov/25
1009220;AMIDO MILHO MAISCERTA 1KG;17;6;10;1,5;0;2;2,1;1;1,26;0;11,11;1,2;10;103;24/nov/25
1006881;AVEIA FLOCOS CBS 170G;11;6;12;0,83;0,75;0;0,33;0,67;0,39;13,5;13,5;1,08;10;103;24/nov/25
1004811;AVEIA FLOCOS FINOS NATURALE 1KG;3;6;12;2,83;3;1;1,42;2,08;1,77;11,87;15,82;1,67;10;103;24/nov/25
1004811;AVEIA FLOCOS FINOS NATURALE 1KG;12;6;12;0,83;0,58;1;0,75;1,08;0,76;5,38;14,62;1,67;10;103;24/nov/25
1004811;AVEIA FLOCOS FINOS NATURALE 1KG;13;6;12;1,17;1;1;1;1;0,93;7,5;15;0,83;10;103;24/nov/25
1010853;AVEIA FLOCOS FINOS NATURALE 200G;2;6;24;0,5;-0,83;1;0,83;0,79;0,69;-8,45;1,69;0,54;10;103;24/nov/25
1010853;AVEIA FLOCOS FINOS NATURALE 200G;3;6;24;2;0;1;0,92;2,75;1,87;0;3,75;3,25;10;103;24/nov/25
1010853;AVEIA FLOCOS FINOS NATURALE 200G;4;6;24;0,5;-1,04;1;1,83;0,46;1,18;-6,2;-0,25;1,08;10;103;24/nov/25
1010853;AVEIA FLOCOS FINOS NATURALE 200G;7;6;24;0,5;0,17;1;0,04;1;0,61;1,9;13,33;0,54;10;103;24/nov/25
1010853;AVEIA FLOCOS FINOS NATURALE 200G;8;6;24;0,5;0,17;1;0,42;0,21;0,29;4;28;1,63;10;103;24/nov/25
1010853;AVEIA FLOCOS FINOS NATURALE 200G;11;6;24;0,75;0,67;1;0,88;0,33;0,84;5,58;13,95;3,25;10;103;24/nov/25
1013097;AVEIA FLOCOS FINOS QUAKER 165G;3;6;28;0,5;0,43;1;0,25;0,39;0,27;11,25;37,5;1,39;10;103;24/nov/25
26215;AVEIA FLOCOS FINOS SOBERANA 500G;3;6;12;1;1,75;1;0,67;0,58;0,6;20,32;31,94;0,83;10;103;24/nov/25
26215;AVEIA FLOCOS FINOS SOBERANA 500G;11;6;12;0,67;0,5;1;0,33;0,25;0,39;9;27;0,83;10;103;24/nov/25
1010858;AVEIA FLOCOS NATURALE 1KG;17;6;12;0,5;0;1;1,08;0;0,47;0;15;0,67;10;103;24/nov/25
1008302;AVEIA FLOCOS NESTLE 170G;3;6;28;0,93;1,79;1;0,36;0,39;0,42;30;46,8;1,39;10;103;24/nov/25
1008302;AVEIA FLOCOS NESTLE 170G;12;6;28;0,5;0,39;0;0,21;0,46;0,23;12,22;12,22;0,93;10;103;24/nov/25
120999;BARRA CEREAL RITTER BANANA ZERO ACUC 25G;3;6;24;1;1,79;1;0,29;0,88;0,32;39,09;60,91;6,25;10;103;24/nov/25
120999;BARRA CEREAL RITTER BANANA ZERO ACUC 25G;11;6;24;0,75;0,71;0;0,38;0,58;0,3;16,45;16,45;1,04;10;103;24/nov/25
1006318;BEBIDA NESCAFE SMOOVLATTE 270ML;11;6;24;0,5;0,29;1;0,63;0,29;0,22;9,13;40,43;1,42;10;103;24/nov/25
1023413;BEBIDA NESCAU PRO ENERGY 270ML CANELA;18;6;24;1;0;2;0;0;0;;;0;10;103;24/nov/25
1021888;BEBIDA NESTLE NESCAU EXTRA CACAU 270ML;18;6;24;0,5;0,42;0;0,08;0;0,05;60;60;1;10;103;24/nov/25
1001804;CEREAL MATINAL NESCAU 210G + FLAKES 230G;3;6;12;1,5;2,33;1;0,42;1;0,66;24,71;35,29;2,5;10;103;24/nov/25
1001804;CEREAL MATINAL NESCAU 210G + FLAKES 230G;4;6;12;1,5;1,33;0;0,08;0,08;0,14;68,57;68,57;2,5;10;103;24/nov/25
1001804;CEREAL MATINAL NESCAU 210G + FLAKES 230G;12;6;12;2,33;1,42;0;0,92;1,25;1,01;9,81;9,81;2,5;10;103;24/nov/25
1001804;CEREAL MATINAL NESCAU 210G + FLAKES 230G;17;6;12;0,83;0,75;0;0,75;0,5;0,29;18;18;1,67;10;103;24/nov/25
1017370;CEREAL MATINAL NESTLE CRUNCH SH 120G;3;6;20;1,1;1,75;1;0,2;1,1;0,63;19,44;30,56;1,3;10;103;24/nov/25
1017370;CEREAL MATINAL NESTLE CRUNCH SH 120G;6;6;20;0,6;0,55;0;0;0,2;0,13;30;30;1,95;10;103;24/nov/25
1017370;CEREAL MATINAL NESTLE CRUNCH SH 120G;17;6;20;0,9;0,85;0;0,1;1,5;0,63;9,44;9,44;1,3;10;103;24/nov/25
1018003;CEREAL MATINAL NESTLE KIT KAT SH 90G;14;6;22;1;1,64;0;0,32;0,23;0,37;30,86;30,86;0,73;10;103;24/nov/25
1013641;CEREAL MATINAL NESTLE MOCA FLAKES SH 120;4;6;20;1;0,9;0;0,1;0,1;0,21;30;30;1,5;10;103;24/nov/25
1013641;CEREAL MATINAL NESTLE MOCA FLAKES SH 120;7;6;20;1;0,75;0;0;0,2;0,09;56,25;56,25;0,5;10;103;24/nov/25
1014259;CEREAL MATINAL NESTLE SNOW FLAKES 230G;18;6;24;0,5;0,46;0;0,25;0,29;0,2;15,71;15,71;1,25;10;103;24/nov/25
1006914;CEREAL MATINAL NESTLE SNOW FLAKES SH 120;3;6;20;1,7;0,6;1;0,55;1,55;0,97;4,34;11,57;1;10;103;24/nov/25
1006914;CEREAL MATINAL NESTLE SNOW FLAKES SH 120;5;6;20;0,8;-0,4;1;0,55;1;0,65;-4,29;6,43;0,5;10;103;24/nov/25
1006914;CEREAL MATINAL NESTLE SNOW FLAKES SH 120;7;6;20;0,5;0,45;0;0;0,15;0,13;24,55;24,55;1;10;103;24/nov/25
1006914;CEREAL MATINAL NESTLE SNOW FLAKES SH 120;8;6;20;1,8;1,3;0;0,25;0,75;0,35;26;26;1;10;103;24/nov/25
1006914;CEREAL MATINAL NESTLE SNOW FLAKES SH 120;11;6;20;0,7;0,45;1;0,5;2,55;1,09;2,9;9,35;0,5;10;103;24/nov/25
1006914;CEREAL MATINAL NESTLE SNOW FLAKES SH 120;14;6;20;1;0,05;1;0,55;1,9;0,84;0,42;8,75;1;10;103;24/nov/25
1006914;CEREAL MATINAL NESTLE SNOW FLAKES SH 120;18;6;20;1;0,65;1;0,25;0,6;0,74;6,19;15,71;6;10;103;24/nov/25
1007719;CEREAL MATINAL NESTON 3 CEREAIS SH  210G;14;6;12;0,5;0,42;1;0,42;0,25;0,23;12,5;42,5;0,83;10;103;24/nov/25
1007719;CEREAL MATINAL NESTON 3 CEREAIS SH  210G;17;6;12;1;0,08;2;1,67;1,67;1,38;0,42;10,56;1,67;10;103;24/nov/25
1014675;CEREAL MATINAL SUCRILHOS KELL L240GPG200;6;6;36;0,67;0,42;1;0,5;0,22;0,49;6;20,4;1,11;10;103;24/nov/25
1014675;CEREAL MATINAL SUCRILHOS KELL L240GPG200;11;6;36;0,5;0,36;0;0,42;0,25;0,19;13;13;0,56;10;103;24/nov/25
1014675;CEREAL MATINAL SUCRILHOS KELL L240GPG200;13;6;36;0,5;0,44;0;0,56;0;0,21;15;15;1,39;10;103;24/nov/25
56684;CEREAL MATINAL SUPERBOM SUPERBALL SH 200;18;6;42;0,5;0,29;0;0,07;0,14;0,19;10,29;10,29;4,86;10;103;24/nov/25
8000839;CHOC PO APTI PREMIUM 50% CACAU  200G;2;6;12;1;0,92;0;0,17;0,42;0,41;15,71;15,71;4,33;10;103;24/nov/25
8000839;CHOC PO APTI PREMIUM 50% CACAU  200G;3;6;12;4;4,42;1;0,75;0,83;0,97;31,8;39;2,17;10;103;24/nov/25
8000839;CHOC PO APTI PREMIUM 50% CACAU  200G;17;6;12;1,75;0,92;2;0,5;0,83;0,58;11;35;2,17;10;103;24/nov/25
9921214;FARINHA AVEIA APTI 150G;3;6;12;2;3;3;0,92;1,17;0,8;26,34;52,68;2,17;10;103;24/nov/25
9921214;FARINHA AVEIA APTI 150G;6;6;12;1;0,67;0;0,25;0,25;0,25;18,46;18,46;2,17;10;103;24/nov/25
9921214;FARINHA AVEIA APTI 150G;18;6;12;2;1,92;0;0;0,08;0,12;115;115;4,33;10;103;24/nov/25
1011848;FARINHA AVEIA CERELUS 250G;17;6;12;0,67;0,5;1;0,08;0,33;0,1;36;108;0,83;10;103;24/nov/25
1013586;CHA BARAO MISTO POS REFEICAO 13G;17;6;30;1;0,97;0;0,1;0,37;0,26;26,36;26,36;4;10;104;24/nov/25
17805;CHA PRENDA BOLDO 12G;3;6;20;2;2,8;1;1,05;0,7;0,85;23,01;31,23;3;10;104;24/nov/25
17805;CHA PRENDA BOLDO 12G;8;6;20;2;1,95;0;0,35;0,4;0,41;33,43;33,43;3;10;104;24/nov/25
17805;CHA PRENDA BOLDO 12G;12;6;20;2;1,65;0;0,15;0,35;0,34;34,14;34,14;3;10;104;24/nov/25
17805;CHA PRENDA BOLDO 12G;17;6;20;2;0,85;2;1,25;1,85;1,44;4,15;13,9;3;10;104;24/nov/25
17806;CHA PRENDA CAMOMILA 10G;2;6;20;5,1;4,05;0;0,75;1,3;1,17;24,3;24,3;4,5;10;104;24/nov/25
17806;CHA PRENDA CAMOMILA 10G;3;6;20;5,7;6,6;2;1,7;2,85;2,7;17,14;22,34;4,5;10;104;24/nov/25
17806;CHA PRENDA CAMOMILA 10G;5;6;20;5;3,45;0;1,1;1,05;1,47;16,43;16,43;16,5;10;104;24/nov/25
17806;CHA PRENDA CAMOMILA 10G;7;6;20;5;3,6;0;1,1;1,1;1,35;18,62;18,62;9;10;104;24/nov/25
17806;CHA PRENDA CAMOMILA 10G;11;6;20;6;4,9;0;1,2;1,7;1,68;20,42;20,42;1,5;10;104;24/nov/25
17806;CHA PRENDA CAMOMILA 10G;12;6;20;4,6;3,7;0;2;2,2;2,58;10,05;10,05;3;10;104;24/nov/25
17806;CHA PRENDA CAMOMILA 10G;13;6;20;2;1,1;2;0,95;0,6;0,68;11,38;32,07;3;10;104;24/nov/25
17806;CHA PRENDA CAMOMILA 10G;17;6;20;3,9;2,75;0;1,95;2,9;2,3;8,38;8,38;3;10;104;24/nov/25
1014689;CHA PRENDA CAMOMILA C/LARANJA10G;3;6;20;2;2,8;1;0,4;0,45;0,42;46,67;63,33;3;10;104;24/nov/25
1014689;CHA PRENDA CAMOMILA C/LARANJA10G;11;6;20;1,9;1,1;0;0,2;0,7;0,37;20,63;20,63;3;10;104;24/nov/25
1014689;CHA PRENDA CAMOMILA C/LARANJA10G;13;6;20;2,2;1,5;0;0,2;0,6;0,61;17,31;17,31;3;10;104;24/nov/25
1014689;CHA PRENDA CAMOMILA C/LARANJA10G;14;6;20;1;0,95;1;0,25;0,25;0,15;43,85;90;3;10;104;24/nov/25
1014689;CHA PRENDA CAMOMILA C/LARANJA10G;17;6;20;0,8;0,7;0;0,2;0,9;0,55;8,94;8,94;3;10;104;24/nov/25
17807;CHA PRENDA CIDREIRA 10G;17;6;20;2;1,75;0;0,4;0,6;0,42;29,17;29,17;3;10;104;24/nov/25
17808;CHA PRENDA ERVA DOCE 18G;3;6;20;6;7,45;3;0,15;1,55;0,84;62,08;87,08;6;10;104;24/nov/25
17808;CHA PRENDA ERVA DOCE 18G;6;6;20;1;0,8;0;0,25;0,05;0,09;60;60;4,5;10;104;24/nov/25
17808;CHA PRENDA ERVA DOCE 18G;7;6;20;1,5;1,15;1;0,1;0,25;0,25;32,86;61,43;6;10;104;24/nov/25
17808;CHA PRENDA ERVA DOCE 18G;8;6;20;1,5;1,45;0;0,15;0,15;0,13;79,09;79,09;4,5;10;104;24/nov/25
28078;CHA PRENDA ERVA DOCE 27G;3;6;10;2,7;3,5;1;0,3;0,4;0,42;58,33;75;9;10;104;24/nov/25
28078;CHA PRENDA ERVA DOCE 27G;18;6;10;1,5;1,4;0;0;0,5;0,19;52,5;52,5;3;10;104;24/nov/25
17809;CHA PRENDA FRUTAS VERMELHAS 20G;18;6;20;2;1,7;0;0,2;0,45;0,23;51;51;3;10;104;24/nov/25
27766;CHA PRENDA FUNCHO 18G;12;6;20;2;1,95;0;0,15;0,15;0,25;55,71;55,71;3;10;104;24/nov/25
9986121;CHA PRENDA GOLD CAMOMILA 15G;2;6;10;4;3,2;0;0,3;0,7;0,56;40;40;6;10;104;24/nov/25
9986121;CHA PRENDA GOLD CAMOMILA 15G;14;6;10;1,5;2;0;0;0,8;0,26;54,55;54,55;6;10;104;24/nov/25
9986121;CHA PRENDA GOLD CAMOMILA 15G;18;6;10;2;1,1;0;0,3;0,5;0,51;15;15;3;10;104;24/nov/25
1006540;CHA PRENDA GOLD CAMOMILA/MEL 15G;12;6;10;1;0,9;0;0,2;0,3;0,28;22,5;22,5;6;10;104;24/nov/25
1006540;CHA PRENDA GOLD CAMOMILA/MEL 15G;14;6;10;1;0,6;1;0;0,7;0,19;22,5;60;6;10;104;24/nov/25
1006540;CHA PRENDA GOLD CAMOMILA/MEL 15G;17;6;10;2;1,4;0;0,4;0,6;0,49;20;20;6;10;104;24/nov/25
1006540;CHA PRENDA GOLD CAMOMILA/MEL 15G;18;6;10;2;1,5;0;0,1;0,4;0,14;75;75;6;10;104;24/nov/25
28080;CHA PRENDA GOLD FRUTAS VERMELHAS 30G;3;6;10;3;3,9;2;0,7;0,3;0,54;50,87;76,96;6;10;104;24/nov/25
1006542;CHA PRENDA GOLD MISTO TRANQUILIZE 15G;13;6;10;1;0,7;1;0,2;0,2;0,26;19,09;46,36;3;10;104;24/nov/25
1006544;CHA PRENDA GOLD PRETO 27G;3;6;10;2;2,7;1;1,2;0,5;1,05;18;24,67;6;10;104;24/nov/25
1006544;CHA PRENDA GOLD PRETO 27G;17;6;10;3;1,5;2;1,1;1,7;1,33;7,89;18,42;6;10;104;24/nov/25
48375;CHA PRENDA GOLD VERDE 27G;8;6;10;3;2,7;0;0,1;0,1;0,12;162;162;6;10;104;24/nov/25
48375;CHA PRENDA GOLD VERDE 27G;12;6;10;2;1,6;0;0,1;0,2;0,16;68,57;68,57;6;10;104;24/nov/25
26008;CHA PRENDA MACA/CANELA 20G;13;6;20;2;1,9;0;0,1;0,35;0,33;40,71;40,71;3;10;104;24/nov/25
26008;CHA PRENDA MACA/CANELA 20G;17;6;20;2;1,7;0;0,2;0,9;0,62;19,25;19,25;3;10;104;24/nov/25
1006653;CHA PRENDA MACA/CANELA 30G;5;6;10;1,2;1;0;0,2;0,2;0,16;42,86;42,86;6;10;104;24/nov/25
1006653;CHA PRENDA MACA/CANELA 30G;11;6;10;3;2,8;0;0,1;0,8;0,49;40;40;3;10;104;24/nov/25
1006653;CHA PRENDA MACA/CANELA 30G;13;6;10;2;1,8;0;0,1;0,2;0,14;90;90;3;10;104;24/nov/25
1006653;CHA PRENDA MACA/CANELA 30G;17;6;10;3,1;2,6;0;0,5;0,6;0,65;27,86;27,86;6;10;104;24/nov/25
1006653;CHA PRENDA MACA/CANELA 30G;18;6;10;1,2;1;0;0,3;0,5;0,3;23,08;23,08;3;10;104;24/nov/25
29103;CHA PRENDA MATE CRAVO/CANELA 40G;3;6;20;1,8;2,5;1;0,85;0,75;1,13;15,46;21,65;4,5;10;104;24/nov/25
29103;CHA PRENDA MATE CRAVO/CANELA 40G;11;6;20;1;0,85;0;0,15;0,2;0,29;20,4;20,4;1,5;10;104;24/nov/25
27767;CHA PRENDA MATE NATURAL 40G;2;6;20;2;1,65;0;0,45;0,6;0,58;19,8;19,8;4,5;10;104;24/nov/25
27767;CHA PRENDA MATE NATURAL 40G;6;6;20;1;0,55;1;0,65;0,35;0,49;7,86;22,14;3;10;104;24/nov/25
27767;CHA PRENDA MATE NATURAL 40G;7;6;20;1,1;0,9;0;0,25;0,35;0,41;15,43;15,43;4,5;10;104;24/nov/25
17813;CHA PRENDA PRETO 18G;2;6;20;4;3,85;0;0,45;0,35;0,47;57,75;57,75;3;10;104;24/nov/25
17813;CHA PRENDA PRETO 18G;4;6;20;3,5;3,4;0;0,65;1,15;1,14;20,82;20,82;4,5;10;104;24/nov/25
17813;CHA PRENDA PRETO 18G;5;6;20;3,5;2,35;0;0,7;1,25;1,04;15,84;15,84;4,5;10;104;24/nov/25
17813;CHA PRENDA PRETO 18G;7;6;20;2;1,3;2;1,1;0,55;0,99;9,18;23,29;6;10;104;24/nov/25
17813;CHA PRENDA PRETO 18G;11;6;20;3;2,65;0;0,9;0,6;1;18,49;18,49;1,5;10;104;24/nov/25
17813;CHA PRENDA PRETO 18G;12;6;20;10;7,6;0;1,15;1,55;1,48;35,91;35,91;6;10;104;24/nov/25
17813;CHA PRENDA PRETO 18G;13;6;20;2;1,55;0;0,7;0,65;0,67;16,32;16,32;4,5;10;104;24/nov/25
17813;CHA PRENDA PRETO 18G;17;6;20;2,6;1,05;3;1,05;1,15;1,31;5,63;21,7;1,5;10;104;24/nov/25
17814;CHA PRENDA PRETO C/CANELA 18G;2;6;20;1,35;1,2;0;0,15;0,2;0,25;34,29;34,29;3;10;104;24/nov/25
17814;CHA PRENDA PRETO C/CANELA 18G;12;6;20;0,7;0,4;1;0,7;0,4;0,56;5;17,5;3;10;104;24/nov/25
45110;CHA PRENDA VERDE HORTELA/CANELA 17G;3;6;20;3;2,9;3;0,2;0,05;0,16;124,29;252,86;3;10;104;24/nov/25
1008898;CHA REAL MATE TOSTADO NATURAL 32G;3;6;30;2,33;3,6;2;1,03;0,73;0,72;35,22;54,78;4;10;104;24/nov/25
1010779;CHA REAL MULTERVAS LIM/GENG/MEL 14G;2;6;30;0,67;0,63;0;0,03;0;0,02;190;190;3;10;104;24/nov/25
1010779;CHA REAL MULTERVAS LIM/GENG/MEL 14G;13;6;30;1;0,97;0;0,07;0,07;0,05;145;145;4;10;104;24/nov/25
1008260;CHA REAL MULTIERVAS CARQUEJA 10G;3;6;30;1;1,9;1;0,57;0,5;0,49;27,14;41,43;2;10;104;24/nov/25
1008259;CHA REAL MULTIERVAS HORTELA 10G;17;6;30;1;0,8;0;0,37;0,13;0,21;26,67;26,67;4;10;104;24/nov/25
1008254;CHA REAL MULTIERVAS PRETO 18G;2;6;30;1,77;1,73;0;0,57;0,27;0,37;32,5;32,5;4;10;104;24/nov/25
1008254;CHA REAL MULTIERVAS PRETO 18G;7;6;30;2;1,03;2;0,6;0,77;0,6;12,08;35,45;2;10;104;24/nov/25
1018043;CAFE 3C DRIP GOUMERT PORTINARI SH 10G;4;6;10;5;1,7;4;0,8;0,8;0,79;15;50,29;2;10;105;24/nov/25
1017917;CAFE SOL 3C CAPPUCCINO SH 20G;2;6;50;0,72;0,24;1;0,3;0,06;0,08;20;103,33;0,68;10;105;24/nov/25
1017917;CAFE SOL 3C CAPPUCCINO SH 20G;3;6;50;0,76;-0,1;2;1,4;0,5;0,45;-1,56;29,69;2,04;10;105;24/nov/25
1017917;CAFE SOL 3C CAPPUCCINO SH 20G;6;6;50;0,52;0;2;0;0;0;;;0,34;10;105;24/nov/25
1017917;CAFE SOL 3C CAPPUCCINO SH 20G;11;6;50;0,5;-0,02;1;0;0,02;0;-30;1.470,00;2,04;10;105;24/nov/25
1017917;CAFE SOL 3C CAPPUCCINO SH 20G;17;6;50;1;0;0,8;0;0;0;;;2,04;10;105;24/nov/25
1007972;CAFE SOL 3C TRAD SH 40G;1;6;24;1;0,83;1;0,75;0,42;0,58;10;22;3,54;10;105;24/nov/25
1007972;CAFE SOL 3C TRAD SH 40G;2;6;24;6;2,92;4;4,13;4,04;3,27;6,25;14,82;2,13;10;105;24/nov/25
1007972;CAFE SOL 3C TRAD SH 40G;3;6;24;9,67;9,92;8;10,17;6,25;6,18;11,23;20,28;5,67;10;105;24/nov/25
1007972;CAFE SOL 3C TRAD SH 40G;8;6;24;1,67;2,29;1;0,63;0,63;0,69;23,24;33,38;7,08;10;105;24/nov/25
1007972;CAFE SOL 3C TRAD SH 40G;11;6;24;4;3,54;1;1,88;2,25;3,19;7,77;9,97;5,67;10;105;24/nov/25
1007972;CAFE SOL 3C TRAD SH 40G;12;6;24;9,67;3,5;7;2,96;5,08;3;8,16;24,47;7,08;10;105;24/nov/25
1007972;CAFE SOL 3C TRAD SH 40G;17;6;24;3;1,17;3;3,21;2,63;2,28;3,59;12,82;5,67;10;105;24/nov/25
1005761;CAFE SOL BOM JESUS SH 40G;12;6;24;4,33;3,83;0;0,71;0,46;0,63;42,46;42,46;3,54;10;105;24/nov/25
1005761;CAFE SOL BOM JESUS SH 40G;17;6;24;3,08;2,17;2;1,17;0,71;1,12;13,57;26,09;4,25;10;105;24/nov/25
26989;CAFE SOL IGUACU CAPPUCCINO CANE PT  200G;18;1;24;0,5;0,42;0;0,08;0;0,03;100;100;1;10;105;24/nov/25
21782;CAFE SOL IGUACU GRAN CLASSIC VD 200G;5;6;12;1;0,83;0;0,17;0,08;0,1;60;60;1,5;10;105;24/nov/25
21782;CAFE SOL IGUACU GRAN CLASSIC VD 200G;17;6;12;2;1,67;0;0,42;0,58;0,45;26,09;26,09;3;10;105;24/nov/25
1007601;CAFE SOL IGUACU SH LV55G PG50G;2;6;24;3,08;0,08;0,83;0;1,58;1,36;0,43;4,71;3,54;10;105;24/nov/25
1007601;CAFE SOL IGUACU SH LV55G PG50G;3;6;24;10,42;0,13;0,83;1,83;5,29;4,44;0,2;1,51;4,25;10;105;24/nov/25
1007601;CAFE SOL IGUACU SH LV55G PG50G;4;6;24;1,5;0,04;0,83;0,21;0,63;0,92;0,32;6,63;2,13;10;105;24/nov/25
1007601;CAFE SOL IGUACU SH LV55G PG50G;5;6;24;2;1,25;0,83;1,08;0,71;1,01;8,65;14,42;1,42;10;105;24/nov/25
1007601;CAFE SOL IGUACU SH LV55G PG50G;6;6;24;1,83;1;0,83;1,58;1,04;1,39;5,03;9,23;3,54;10;105;24/nov/25
1007601;CAFE SOL IGUACU SH LV55G PG50G;7;6;24;2,58;2,33;0;1,29;1,13;1,42;11,51;11,51;7,08;10;105;24/nov/25
1007601;CAFE SOL IGUACU SH LV55G PG50G;11;6;24;7,33;0,58;0,83;1,67;3,21;2,93;1,4;3,39;4,25;10;105;24/nov/25
1007601;CAFE SOL IGUACU SH LV55G PG50G;12;6;24;2,83;0,13;0,83;0,75;1,83;1,96;0,45;3,42;8,5;10;105;24/nov/25
1007601;CAFE SOL IGUACU SH LV55G PG50G;13;6;24;8,33;0;0,83;1,25;3,58;3,79;0;1,54;4,25;10;105;24/nov/25
1007601;CAFE SOL IGUACU SH LV55G PG50G;14;6;24;2,33;1,42;0,83;1,63;1,42;1,33;7,45;11,82;4,25;10;105;24/nov/25
1007601;CAFE SOL IGUACU SH LV55G PG50G;17;6;24;7,33;0;0,83;0;4,5;3,79;0;1,54;4,25;10;105;24/nov/25
1007601;CAFE SOL IGUACU SH LV55G PG50G;18;6;24;5;1,33;0,83;1,33;2,25;1,96;4,75;7,72;4,25;10;105;24/nov/25
95459;CAFE SOL MELITTA C/LEITE LT 200G;7;6;24;0,5;0,33;0;0,04;0,04;0,04;60;60;1;10;105;24/nov/25
1000603;CAFE SOL MELITTA CAPPUCCINO CHOC LT 200G;4;6;24;0,5;0,21;0,96;0;0;0;;;0,5;10;105;24/nov/25
1000603;CAFE SOL MELITTA CAPPUCCINO CHOC LT 200G;14;6;24;0,5;0,46;0;0,13;0,17;0,1;33;33;0,5;10;105;24/nov/25
1000603;CAFE SOL MELITTA CAPPUCCINO CHOC LT 200G;18;6;24;1;0,92;0;0,04;0,04;0,03;220;220;1;10;105;24/nov/25
1014327;CAFE SOL MELITTA DESCAFEINADO SH 40G;3;6;24;2,92;3,42;2;1,5;1,04;1,15;20,85;33,05;3,54;10;105;24/nov/25
1014327;CAFE SOL MELITTA DESCAFEINADO SH 40G;17;6;24;1;0,92;1;0,67;1,71;0,99;6,47;13,53;2,13;10;105;24/nov/25
1014327;CAFE SOL MELITTA DESCAFEINADO SH 40G;18;6;24;0,5;0,21;1;0,54;0,92;0,62;2,34;13,59;2,13;10;105;24/nov/25
1014326;CAFE SOL MELITTA TRADICIONAL SH 40G;2;6;24;6,92;6,5;0;3,71;5,58;4,22;10,78;10,78;5,67;10;105;24/nov/25
1014326;CAFE SOL MELITTA TRADICIONAL SH 40G;3;6;24;8,42;8;2;9,25;6,13;6,82;8,22;10,27;4,25;10;105;24/nov/25
1014326;CAFE SOL MELITTA TRADICIONAL SH 40G;7;6;24;5;4,83;0;3,54;4,67;2,58;13,13;13,13;3,54;10;105;24/nov/25
8132;CAFE SOL MELITTA VD 200G;5;6;12;2;1,67;0;0,17;0,33;0,23;50;50;3,5;10;105;24/nov/25
1006784;CAFE SOL NESCAFE CAPUCCINO 2FRAD LT 180G;17;6;24;0,5;1,17;0;0,21;0,21;0,17;49,41;49,41;0,5;10;105;24/nov/25
1022650;CAFE SOL NESCAFE CREMOSO DOLCA LT 150G;2;6;12;1;0,25;2;0;0;0,04;45;405;0,83;10;105;24/nov/25
1022650;CAFE SOL NESCAFE CREMOSO DOLCA LT 150G;3;6;12;1,83;2,67;2;0,58;0,33;0,51;36,92;64,62;2,5;10;105;24/nov/25
1022650;CAFE SOL NESCAFE CREMOSO DOLCA LT 150G;7;6;12;1;-0,08;2;0;0,33;0,16;-3,75;86,25;1,67;10;105;24/nov/25
1022650;CAFE SOL NESCAFE CREMOSO DOLCA LT 150G;8;6;12;1;1,58;1;0;0;0,14;81,43;132,86;0,83;10;105;24/nov/25
1022650;CAFE SOL NESCAFE CREMOSO DOLCA LT 150G;11;6;12;0,67;0;2;0;0,08;0,21;0;65,45;2,5;10;105;24/nov/25
1022650;CAFE SOL NESCAFE CREMOSO DOLCA LT 150G;12;6;12;0,5;0,33;1;0,08;0,17;0,18;13,33;53,33;0,83;10;105;24/nov/25
1022650;CAFE SOL NESCAFE CREMOSO DOLCA LT 150G;13;6;12;1;0;2;0;0,08;0,37;0;37,89;1,67;10;105;24/nov/25
1022650;CAFE SOL NESCAFE CREMOSO DOLCA LT 150G;18;6;12;0,83;0;2;0;0;0,31;0;45;2,5;10;105;24/nov/25
1015861;CAFE SOL NESCAFE DESCAFEINADO SH 40G;13;6;24;0,75;0,63;0;0,92;0,46;0,42;10,47;10,47;2,13;10;105;24/nov/25
1015861;CAFE SOL NESCAFE DESCAFEINADO SH 40G;17;6;24;1,5;0,83;2;0,83;0,33;0,63;9,23;31,38;1,42;10;105;24/nov/25
1017943;CAFE SOL NESCAFE DOLCA SH 40G;6;6;24;1,5;0,21;3;4,04;2,17;3,59;0,41;6,26;4,25;10;105;24/nov/25
1017943;CAFE SOL NESCAFE DOLCA SH 40G;12;6;24;2;1,46;2;2,42;2,96;3,35;3,04;7,22;4,25;10;105;24/nov/25
1017943;CAFE SOL NESCAFE DOLCA SH 40G;18;6;24;4;3,88;1;0,88;5,63;3,64;7,46;9,39;3,54;10;105;24/nov/25
1006715;CAFE SOL NESCAFE GOLD EQUILIBRA LT 100G;17;6;12;0,5;0;0,08;0;0,33;0,23;0;2,5;2;10;105;24/nov/25
1014495;CAFE SOL NESCAFE GOLD EQUILIBRA SH 40G;14;6;24;1;1,83;2;0;0,42;0,3;42,58;89,03;0,71;10;105;24/nov/25
1006990;CAFE SOL NESCAFE GOLD INTENSIDAD LT 100G;17;6;12;0,5;-0,25;1;0,33;1,17;0,72;-2,43;7,3;2;10;105;24/nov/25
1021809;CAFE SOL NESCAFE MATINAL SH LV40G PG36G;2;6;24;3;0,29;2;0;0,83;2,03;1;7,89;2,83;10;105;24/nov/25
1021809;CAFE SOL NESCAFE MATINAL SH LV40G PG36G;3;6;24;4,17;0,88;2;2,5;8,71;6,75;0,91;2,98;6,38;10;105;24/nov/25
1021809;CAFE SOL NESCAFE MATINAL SH LV40G PG36G;4;6;24;2;-0,08;1;0;0,25;1,89;-0,31;3,4;2,13;10;105;24/nov/25
1021809;CAFE SOL NESCAFE MATINAL SH LV40G PG36G;5;6;24;2;-0,08;2;1,13;2,46;2,32;-0,25;5,77;1,42;10;105;24/nov/25
1021809;CAFE SOL NESCAFE MATINAL SH LV40G PG36G;6;6;24;3;-2,21;2;0,21;4,67;2,75;-5,62;-0,53;6,38;10;105;24/nov/25
1021809;CAFE SOL NESCAFE MATINAL SH LV40G PG36G;7;6;24;1;0,04;2;0;0;1,62;0,18;8,8;2,13;10;105;24/nov/25
1021809;CAFE SOL NESCAFE MATINAL SH LV40G PG36G;8;6;24;1;0;2;0,38;0,5;0,47;0;30;11,33;10;105;24/nov/25
1021809;CAFE SOL NESCAFE MATINAL SH LV40G PG36G;11;6;24;5;-0,46;2;0;1,13;3,23;-0,99;3,34;6,38;10;105;24/nov/25
1021809;CAFE SOL NESCAFE MATINAL SH LV40G PG36G;12;6;24;3;0,08;2;0;1,67;2,51;0,23;5,81;11,33;10;105;24/nov/25
1021809;CAFE SOL NESCAFE MATINAL SH LV40G PG36G;14;6;24;1;0;2;0;0,79;1,07;0;13,09;2,13;10;105;24/nov/25
1021809;CAFE SOL NESCAFE MATINAL SH LV40G PG36G;17;6;24;3;1;2;0;0,29;1,18;5,95;17,85;6,38;10;105;24/nov/25
1021809;CAFE SOL NESCAFE MATINAL SH LV40G PG36G;18;6;24;5;0,08;2;1,71;3,13;3,09;0,19;4,72;8,5;10;105;24/nov/25
1021810;CAFE SOL NESCAFE MATINAL VD LV160GPG144G;2;6;12;2,67;2,5;0;1,42;1,33;1,69;10,34;10,34;1,5;10;105;24/nov/25
1021810;CAFE SOL NESCAFE MATINAL VD LV160GPG144G;11;6;12;6;5,67;2;1,92;3,67;7,43;5,34;7,23;4,5;10;105;24/nov/25
1021810;CAFE SOL NESCAFE MATINAL VD LV160GPG144G;17;6;12;4;3,33;6;2,92;4,5;4,1;5,69;15,92;4,5;10;105;24/nov/25
1021810;CAFE SOL NESCAFE MATINAL VD LV160GPG144G;18;6;12;8;7,08;2;2,67;2,92;4,03;12,32;15,8;4,5;10;105;24/nov/25
1022276;CAFE SOL NESCAFE MATINAL VD LV200GPG180;1;6;12;1;0,08;1;0;0;0;;;3;10;105;24/nov/25
1022276;CAFE SOL NESCAFE MATINAL VD LV200GPG180;2;6;12;0,83;0;1;0,08;0,5;0,23;0;30;1,5;10;105;24/nov/25
1022276;CAFE SOL NESCAFE MATINAL VD LV200GPG180;5;6;12;1;0,75;1;0,08;0,08;0,06;90;210;1;10;105;24/nov/25
1022276;CAFE SOL NESCAFE MATINAL VD LV200GPG180;6;6;12;0,5;-0,83;1;0;0,17;0,19;-30;6;3;10;105;24/nov/25
1022276;CAFE SOL NESCAFE MATINAL VD LV200GPG180;7;6;12;2;0;1;0;0,33;0,21;0;32,73;3;10;105;24/nov/25
1022276;CAFE SOL NESCAFE MATINAL VD LV200GPG180;8;6;12;1;0;1;0;0;0,23;0;30;3;10;105;24/nov/25
1022276;CAFE SOL NESCAFE MATINAL VD LV200GPG180;11;6;12;4;0;1;0;0;0,1;0;72;1,5;10;105;24/nov/25
1022276;CAFE SOL NESCAFE MATINAL VD LV200GPG180;14;6;12;0,83;0,08;1;0,25;0,08;0,21;2,73;35,45;1,5;10;105;24/nov/25
1022276;CAFE SOL NESCAFE MATINAL VD LV200GPG180;17;6;12;2;0;1;0;0;0,23;0;30;1,5;10;105;24/nov/25
1007397;CAFE SOL NESCAFE ORIGINAL SH 40G;2;6;24;2;1,13;1;0,79;1;0,44;18;34;2,13;10;105;24/nov/25
1007397;CAFE SOL NESCAFE ORIGINAL SH 40G;6;6;24;2;1,63;0;1,67;0,67;0,54;20,89;20,89;2,13;10;105;24/nov/25
1007397;CAFE SOL NESCAFE ORIGINAL SH 40G;11;6;24;2;0,38;3;1,08;0,5;0,37;7,11;63,95;5,67;10;105;24/nov/25
1007397;CAFE SOL NESCAFE ORIGINAL SH 40G;17;6;24;2;0;3;1,04;0,92;0,46;0;45,96;1,42;10;105;24/nov/25
1007397;CAFE SOL NESCAFE ORIGINAL SH 40G;18;6;24;2;1,88;0;0,83;1,13;0,49;27;27;6,38;10;105;24/nov/25
1021811;CAFE SOL NESCAFE ORIGINAL VD LV160GPG144;14;6;12;3;1,42;3;2,08;1,5;1,63;6,07;18,93;1,5;10;105;24/nov/25
1021811;CAFE SOL NESCAFE ORIGINAL VD LV160GPG144;17;6;12;5;2,83;3;3,67;5,08;5,11;3,88;7,98;4,5;10;105;24/nov/25
1022274;CAFE SOL NESCAFE ORIGINAL VD LV200GPG180;3;6;12;1,33;0,25;1;0,42;0,25;0,39;4,5;22,5;1,5;10;105;24/nov/25
1022274;CAFE SOL NESCAFE ORIGINAL VD LV200GPG180;8;6;12;1;0;1;0,08;1,08;0,33;0;21,18;3;10;105;24/nov/25
1022274;CAFE SOL NESCAFE ORIGINAL VD LV200GPG180;14;6;12;10;7,08;1;1,17;1,5;0,86;57,95;66,14;1,5;10;105;24/nov/25
1022274;CAFE SOL NESCAFE ORIGINAL VD LV200GPG180;17;6;12;2,33;0;1;0;2,25;1,69;0;4,14;1,5;10;105;24/nov/25
1007399;CAFE SOL NESCAFE TRADICAO SH 40G;17;6;24;5;-0,83;2;4,63;4,67;3,69;-1,58;2,21;6,38;10;105;24/nov/25
1022275;CAFE SOL NESCAFE TRADICAO V LV200GPG180;12;6;12;4;2,75;7;2,92;3,5;3,6;5,35;18,97;7;10;105;24/nov/25
1022275;CAFE SOL NESCAFE TRADICAO V LV200GPG180;17;6;12;6;3;6;6,42;14,33;7,51;2,8;8,39;3;10;105;24/nov/25
1021812;CAFE SOL NESCAFE TRADICAO VD LV160GPG144;8;6;12;8;8,17;1;4,5;2,58;3,62;15,81;17,74;6;10;105;24/nov/25
1021812;CAFE SOL NESCAFE TRADICAO VD LV160GPG144;14;6;12;8,17;5,83;6;3,33;3,42;3,87;10,55;21,41;1,5;10;105;24/nov/25
1021812;CAFE SOL NESCAFE TRADICAO VD LV160GPG144;17;6;12;10,83;7,58;3;7,83;11,67;9,9;5,36;7,49;6;10;105;24/nov/25
1000375;CAFE VACUO 3C EXTRA FORTE 250G;2;6;20;0,5;0,35;1;0,75;0,85;0,39;6,36;24,55;1,3;10;105;24/nov/25
1000375;CAFE VACUO 3C EXTRA FORTE 250G;3;6;20;1,4;1,75;2;1,55;1,65;0,75;16,41;35,16;3,25;10;105;24/nov/25
1001647;CAFE VACUO 3C MOIDO GOURMET CERRADO 250G;14;1;20;0,8;1,35;0;0,4;0,2;0,2;47,65;47,65;0,65;10;105;24/nov/25
1000351;CAFE VACUO 3C TRAD 250G;12;6;20;1;0,75;0;0,55;0,55;0,26;20,45;20,45;2,6;10;105;24/nov/25
1463;CAFE VACUO MELITTA DESCAFEINADO 250G;17;6;20;1;0,9;0;0,05;0,4;0,14;45;45;1;10;105;24/nov/25
18802;CAFE VACUO MELITTA TRAD 250G;2;6;20;3;2,5;0;1,55;1,15;1,77;9,87;9,87;1,5;10;105;24/nov/25
18802;CAFE VACUO MELITTA TRAD 250G;12;6;20;3;2,8;0;0,8;1,1;1,1;17,87;17,87;2,5;10;105;24/nov/25
1018221;CAPSULA DOLCE GUSTO ALPINO TRAD C/10;11;6;6;0,83;0,67;0;0,17;0;0,39;12;12;3,33;10;105;24/nov/25
1018222;CAPSULA DOLCE GUSTO AU LAIT BAUN C/10;17;6;6;2,33;0,83;2;0,67;1,17;0,66;8,82;30;3,33;10;105;24/nov/25
1011367;CAPSULA DOLCE GUSTO CAFE AU LAIT C/10;13;6;6;5,67;3,5;0;1,33;1,33;1,79;13,7;13,7;3,33;10;105;24/nov/25
1011367;CAPSULA DOLCE GUSTO CAFE AU LAIT C/10;14;6;6;3;2,67;0;1,83;1,83;1,63;11,43;11,43;3,33;10;105;24/nov/25
1011367;CAPSULA DOLCE GUSTO CAFE AU LAIT C/10;17;6;6;3,67;2;3;2,67;3,67;2,88;4,86;12,16;3,33;10;105;24/nov/25
1022943;CAPSULA DOLCE GUSTO CAPPUC MOCA BRI C/10;5;6;6;0,5;0;1;1,33;0;0,31;0;22,5;3,33;10;105;24/nov/25
1022943;CAPSULA DOLCE GUSTO CAPPUC MOCA BRI C/10;17;6;6;4;2,67;0;1,5;0,83;0,54;34,29;34,29;3,33;10;105;24/nov/25
1013197;CAPSULA DOLCE GUSTO CAPPUCCINO C/10;3;6;6;3,33;4;1;0,83;0,5;1,21;23,23;29,03;6,67;10;105;24/nov/25
1013197;CAPSULA DOLCE GUSTO CAPPUCCINO C/10;17;6;6;4;1,17;4;4;3,67;3,58;2,28;10,11;3,33;10;105;24/nov/25
1013197;CAPSULA DOLCE GUSTO CAPPUCCINO C/10;18;6;6;2,33;2,17;0;0,17;0,83;0,27;55,71;55,71;3,33;10;105;24/nov/25
1022868;CAPSULA DOLCE GUSTO CHAP DIAMANTINA C/10;3;6;6;2;2,67;1;1,17;0,83;1,28;14,55;20;3,33;10;105;24/nov/25
1022868;CAPSULA DOLCE GUSTO CHAP DIAMANTINA C/10;14;6;6;1;1,67;0;0;0,5;0,27;42,86;42,86;3,33;10;105;24/nov/25
1022861;CAPSULA DOLCE GUSTO CHOCO ALPINO INT C10;3;6;6;2;3,17;2;0,67;0;0,47;47,5;77,5;3,33;10;105;24/nov/25
1022861;CAPSULA DOLCE GUSTO CHOCO ALPINO INT C10;12;6;6;1,5;0,83;2;0;0,17;0,62;9,38;31,88;3,33;10;105;24/nov/25
1022861;CAPSULA DOLCE GUSTO CHOCO ALPINO INT C10;14;6;6;2;-0,17;1;0,17;0,17;0,19;-6;30;3,33;10;105;24/nov/25
1007261;CAPSULA DOLCE GUSTO CHOCOCIINO C/10;13;6;6;2,33;0,67;3;0;0;0,27;17,14;94,29;3,33;10;105;24/nov/25
1007261;CAPSULA DOLCE GUSTO CHOCOCIINO C/10;14;6;6;2;0,33;3;2;0,5;0,82;2,86;28,57;3,33;10;105;24/nov/25
1022863;CAPSULA DOLCE GUSTO CHOCOCINO KITKAT C10;3;6;6;2;2,83;1;0,83;0;0,43;46,36;62,73;3,33;10;105;24/nov/25
1022863;CAPSULA DOLCE GUSTO CHOCOCINO KITKAT C10;13;6;6;2,33;0;3;0;0;0;;;3,33;10;105;24/nov/25
1022863;CAPSULA DOLCE GUSTO CHOCOCINO KITKAT C10;14;6;6;2;0;3;0;0;0;;;3,33;10;105;24/nov/25
1022863;CAPSULA DOLCE GUSTO CHOCOCINO KITKAT C10;18;6;6;1,5;0,17;2;0;0;0,23;5;65;3,33;10;105;24/nov/25
1015981;CAPSULA DOLCE GUSTO DOCE DE LEITE C/10;13;6;6;2,33;1;2;0,83;0,5;0,89;7,83;23,48;3,33;10;105;24/nov/25
1015981;CAPSULA DOLCE GUSTO DOCE DE LEITE C/10;17;6;6;2,33;1,33;0;0,67;1,17;0,78;12;12;3,33;10;105;24/nov/25
1011371;CAPSULA DOLCE GUSTO ESP INTENS  C/10;3;6;6;1,5;2,33;1;1,33;0,33;1,32;12,35;17,65;3,33;10;105;24/nov/25
1011371;CAPSULA DOLCE GUSTO ESP INTENS  C/10;13;6;6;2;1,5;0;0,33;0,83;0,43;24,55;24,55;3,33;10;105;24/nov/25
1011371;CAPSULA DOLCE GUSTO ESP INTENS  C/10;14;6;6;2;1;2;1;2,17;1,05;6,67;20;3,33;10;105;24/nov/25
1011371;CAPSULA DOLCE GUSTO ESP INTENS  C/10;17;6;6;4;2,33;0;1,5;1,5;1,24;13,13;13,13;3,33;10;105;24/nov/25
1022865;CAPSULA DOLCE GUSTO ESPR A.PARANAIBA C10;17;6;6;3;2,33;0;0;0,5;0,35;46,67;46,67;3,33;10;105;24/nov/25
1022862;CAPSULA DOLCE GUSTO ESPRES CERR MIN C/10;17;6;6;3;2,5;0;0,33;0,5;0,58;30;30;3,33;10;105;24/nov/25
1011369;CAPSULA DOLCE GUSTO ESPRESSO C/10;13;6;6;2,33;2,17;0;0,83;0;0,47;32,5;32,5;3,33;10;105;24/nov/25
1011369;CAPSULA DOLCE GUSTO ESPRESSO C/10;17;6;6;2;0,5;2;1,5;0,83;1,21;2,9;14,52;3,33;10;105;24/nov/25
1022875;CAPSULA DOLCE GUSTO GOLD C/10;18;6;6;2,83;1,83;2;0;0;0;;;3,33;10;105;24/nov/25
1021818;CAPSULA DOLCE GUSTO LATTE MACCHIATO C/10;12;6;6;1,33;0,67;2;0;0;0,16;30;120;3,33;10;105;24/nov/25
1021818;CAPSULA DOLCE GUSTO LATTE MACCHIATO C/10;13;6;6;2,33;0,83;2;0,33;0,17;0,51;11,54;39,23;3,33;10;105;24/nov/25
1021818;CAPSULA DOLCE GUSTO LATTE MACCHIATO C/10;14;6;6;2;1,83;0;0;0,67;0,23;55;55;3,33;10;105;24/nov/25
1021818;CAPSULA DOLCE GUSTO LATTE MACCHIATO C/10;17;6;6;4;1,17;4;0,5;1,5;2,14;3,82;16,91;3,33;10;105;24/nov/25
1007549;CAPSULA DOLCE GUSTO LUNGO  C/10;6;6;6;1;0,83;0;0;0;0,04;150;150;3,33;10;105;24/nov/25
1007549;CAPSULA DOLCE GUSTO LUNGO  C/10;13;6;6;2,33;1;2;0,67;0,5;0,58;12;36;3,33;10;105;24/nov/25
1007549;CAPSULA DOLCE GUSTO LUNGO  C/10;17;6;6;2,33;0,67;3;1,17;0,5;0,7;6,67;36,67;3,33;10;105;24/nov/25
1011370;CAPSULA DOLCE GUSTO MATINAL C/10;13;6;6;2,33;2,17;0;0,5;0,17;0,43;35,45;35,45;3,33;10;105;24/nov/25
1011370;CAPSULA DOLCE GUSTO MATINAL C/10;14;6;6;2;0,67;2;1,83;1,17;1,63;2,86;11,43;3,33;10;105;24/nov/25
1013625;CAPSULA DOLCE GUSTO MOCHA CANELA C/10;14;6;6;2;1,67;1;1,17;1,17;1,24;9,38;15;3,33;10;105;24/nov/25
1013625;CAPSULA DOLCE GUSTO MOCHA CANELA C/10;17;6;6;2,67;1,67;2;1,5;2,67;2,06;5,66;12,45;3,33;10;105;24/nov/25
1011372;CAPSULA DOLCE GUSTO NESCAU C/10;12;6;6;1,5;1,33;0;0;0;0,19;48;48;3,33;10;105;24/nov/25
1011372;CAPSULA DOLCE GUSTO NESCAU C/10;13;6;6;3;2,67;0;0,83;0;0,19;96;96;3,33;10;105;24/nov/25
1022871;CAPSULA DOLCE GUSTO ORGANICO C/10;14;6;6;2;2,17;0;0,5;1,33;0,51;30;30;3,33;10;105;24/nov/25
1022871;CAPSULA DOLCE GUSTO ORGANICO C/10;17;6;6;6;2,83;4;1,17;2,5;1,4;14,17;34,17;3,33;10;105;24/nov/25
1022038;CAPSULA NESCAFE NESPRESSO ANDES C/10;14;6;12;0,5;0,25;1;0,58;0,17;0,21;8,18;40,91;0,83;10;105;24/nov/25
1013512;CAPSULA STARBUCKS ESPRESSO 57G C/10;14;6;12;0,33;-0,08;1;0;0,17;0,12;-5;55;0,83;10;105;24/nov/25
1013508;CAPSULA STARBUCKS HOUSE BLEND 57G C/10;3;6;12;0,5;1,25;1;0,17;0,25;0,18;50;90;0,83;10;105;24/nov/25
1013508;CAPSULA STARBUCKS HOUSE BLEND 57G C/10;12;6;12;0,5;0;1;0;0;0;;;0,83;10;105;24/nov/25
1013510;CAPSULA STARBUCKS PIKE PLACE 53G C/10;3;6;12;0,67;1,58;1;0,08;0,25;0,1;114;186;0,83;10;105;24/nov/25
1010336;CAPSULA TRES CORACOES EXPRESSO DECAF C10;8;6;8;0,75;0,63;0;0;0,25;0,09;50;50;1,25;10;105;24/nov/25
1016481;CAPSULA TRES CORACOES MOGIANA PAUL C/10;6;6;8;1,25;1,13;0;0;0,13;0,03;270;270;2,5;10;105;24/nov/25
1000464;CAPUCCINO PRONTO 3C CLASSIC 260ML;14;6;6;0,5;0,17;1;0,83;0,17;0,27;4,29;30;0;10;105;24/nov/25
1000463;CAPUCCINO PRONTO 3C PINGADO 260ML;4;6;6;1;0,83;1;0,33;0,17;0,39;15;33;1,67;10;105;24/nov/25
1000463;CAPUCCINO PRONTO 3C PINGADO 260ML;13;6;6;1;0,83;1;0;0,33;0,12;50;110;6,67;10;105;24/nov/25
1000463;CAPUCCINO PRONTO 3C PINGADO 260ML;18;6;6;2;1,5;0;0;0,17;0,08;135;135;3,33;10;105;24/nov/25
1015982;CASPSULA DOLCE GUSTO NESQUIK C/10;17;6;6;3,33;2,83;0;0,83;0,33;0,43;46,36;46,36;3,33;10;105;24/nov/25
36573;CEVADA CORSETTI SOLUVEL PT 100G;17;6;6;1,33;1;0;0,17;0,5;0,23;30;30;10;10;105;24/nov/25
9992177;FILTRO P.BRIGITTA 102;3;6;48;1,5;2,29;1;1,27;1,48;1,44;11,11;15,96;1,56;10;105;24/nov/25
9992177;FILTRO P.BRIGITTA 102;14;6;48;0,5;0,48;1;0,31;0,52;0,52;6,51;20,09;1,04;10;105;24/nov/25
9983311;FILTRO P.MELLITA 102 MD C/30;2;6;48;0,5;0,46;0;0,15;0,17;0,13;24,44;24,44;0,52;10;105;24/nov/25
9983311;FILTRO P.MELLITA 102 MD C/30;3;6;48;1,5;2,15;1;0,38;0,79;0,59;25,54;37,44;1,56;10;105;24/nov/25
1008839;ACUCAR DEMERARA UNIAO 1KG;2;6;10;2;0,1;3;1;1,1;1,87;0,38;11,63;9,6;10;106;24/nov/25
1008839;ACUCAR DEMERARA UNIAO 1KG;3;6;10;5;0,2;6;5,7;2,5;3,99;0,35;10,88;19,2;10;106;24/nov/25
1008839;ACUCAR DEMERARA UNIAO 1KG;4;6;10;3;-1,1;4;0,8;0,7;1,84;-4,18;11,01;9,6;10;106;24/nov/25
1008839;ACUCAR DEMERARA UNIAO 1KG;5;6;10;1;0;2;0;0,5;0,49;0;28,57;12,8;10;106;24/nov/25
1008839;ACUCAR DEMERARA UNIAO 1KG;6;6;10;1;-1;2;0;0,8;0,72;-9,68;9,68;9,6;10;106;24/nov/25
1008839;ACUCAR DEMERARA UNIAO 1KG;7;6;10;1;-1,5;2;0,7;1,3;1,12;-9,38;3,13;9,6;10;106;24/nov/25
1008839;ACUCAR DEMERARA UNIAO 1KG;8;6;10;1;0,3;2;0;0,7;0,4;5,29;40,59;3,2;10;106;24/nov/25
1008839;ACUCAR DEMERARA UNIAO 1KG;11;6;10;2;-0,1;3;0;0,8;1,14;-0,61;17,76;19,2;10;106;24/nov/25
1008839;ACUCAR DEMERARA UNIAO 1KG;12;6;10;2;0;3;1;0,6;1,59;0;13,24;12,8;10;106;24/nov/25
1008839;ACUCAR DEMERARA UNIAO 1KG;13;6;10;1;0;2;0,2;0,3;0,49;0;28,57;9,6;10;106;24/nov/25
1008839;ACUCAR DEMERARA UNIAO 1KG;14;6;10;2;-2;3;2,4;2,1;2,08;-6,74;3,37;12,8;10;106;24/nov/25
1008839;ACUCAR DEMERARA UNIAO 1KG;17;6;10;2;0,6;2;0,2;0,6;0,51;8,18;35,45;0;10;106;24/nov/25
1008839;ACUCAR DEMERARA UNIAO 1KG;18;6;10;2;0;3;0;1,3;0,89;0;23,68;19,2;10;106;24/nov/25
1009595;ACUCAR MAGRO LIGHT C/STEVIA 400G;11;6;20;0,5;0,45;0;0,1;0,2;0,13;24,55;24,55;1,25;10;106;24/nov/25
9909601;ACUCAR MASCAVO CBS 500G;13;6;20;1;0,85;0;0,15;0;0,11;56,67;56,67;3,75;10;106;24/nov/25
9909601;ACUCAR MASCAVO CBS 500G;18;6;20;1;0,95;0;0,2;0,05;0,12;57;57;5;10;106;24/nov/25
1023103;ACUCAR MASCAVO GASPARIN 500G;11;6;20;0,9;0,85;1;0,9;1,2;0,92;6,46;14,05;3,4;10;106;24/nov/25
1023103;ACUCAR MASCAVO GASPARIN 500G;12;6;20;1;0,3;2;0,65;1,3;0,79;2,65;20,29;8,5;10;106;24/nov/25
16722;ADOCANTE ADOCYL 100ML;2;6;12;2;1,92;0;0,75;1,25;0,97;13,8;13,8;2,17;10;106;24/nov/25
16722;ADOCANTE ADOCYL 100ML;3;6;12;5;5,5;2;2,25;2,75;2,57;15;20,45;5,42;10;106;24/nov/25
16722;ADOCANTE ADOCYL 100ML;5;6;12;0,67;0,42;1;0,92;0,58;0,37;7,89;26,84;2,17;10;106;24/nov/25
16722;ADOCANTE ADOCYL 100ML;6;6;12;0,67;0,33;1;0,58;0,08;0,37;6,32;25,26;0;10;106;24/nov/25
16722;ADOCANTE ADOCYL 100ML;11;6;12;1;0,58;1;0,33;0,42;0,33;12,35;33,53;1,08;10;106;24/nov/25
16722;ADOCANTE ADOCYL 100ML;17;6;12;1;0,25;2;1,42;4;1,52;1,15;10,38;0;10;106;24/nov/25
16723;ADOCANTE ADOCYL 200ML;2;6;12;1;0,92;0;0,33;0,42;0,6;10,65;10,65;2,17;10;106;24/nov/25
16723;ADOCANTE ADOCYL 200ML;3;6;12;2;2,75;1;0,67;1,58;1,13;17,07;23,28;4,33;10;106;24/nov/25
16723;ADOCANTE ADOCYL 200ML;11;6;12;1;0,58;1;0,33;0,17;0,27;15;40,71;0;10;106;24/nov/25
16723;ADOCANTE ADOCYL 200ML;17;6;12;1;0,5;1;0,42;0,67;0,33;10,59;31,76;0;10;106;24/nov/25
1011313;ADOCANTE ADOCYL STEVIA 80ML;3;6;12;1;1,83;1;0,92;0,25;0,27;47,14;72,86;4,33;10;106;24/nov/25
1011313;ADOCANTE ADOCYL STEVIA 80ML;8;6;12;0,67;0,58;0;0,17;0;0,18;23,33;23,33;1,08;10;106;24/nov/25
4348;ADOCANTE ZERO CAL 100ML;3;6;12;4;5,17;2;1,33;1,33;1,17;31;43;14,08;10;106;24/nov/25
4348;ADOCANTE ZERO CAL 100ML;4;6;12;1,5;1,17;0;0,58;0,33;0,53;15,56;15,56;0;10;106;24/nov/25
4348;ADOCANTE ZERO CAL 100ML;8;6;12;1;0,83;0;0,25;0,67;0,39;15;15;1,08;10;106;24/nov/25
20224;ADOCANTE ZERO CAL 200ML;3;6;12;1,5;2,33;1;0,25;0,42;0,51;32,31;46,15;8,67;10;106;24/nov/25
20224;ADOCANTE ZERO CAL 200ML;13;6;12;1;0,75;1;0,67;0,83;0,78;6,75;15,75;1,08;10;106;24/nov/25
20224;ADOCANTE ZERO CAL 200ML;17;6;12;1;0,5;1;0,33;1;0,31;11,25;33,75;0;10;106;24/nov/25
1011170;BARRA CEREAL NATURALE 7 GRAOS 22G;3;6;160;0,75;1,68;1;0,27;0,61;0,32;36,52;58,24;0,94;10;106;24/nov/25
1010723;BARRA CEREAL NATURALE BAN/AV/CHOC 25G;2;6;160;0,75;0,73;0;0,44;0,28;0,39;13,1;13,1;0,63;10;106;24/nov/25
1010723;BARRA CEREAL NATURALE BAN/AV/CHOC 25G;3;6;160;0,5;1,47;1;0,3;0,68;0,47;21,89;36,8;0,94;10;106;24/nov/25
1010723;BARRA CEREAL NATURALE BAN/AV/CHOC 25G;12;6;160;0,5;0,48;0;0,05;0,36;0,16;21,59;21,59;0,63;10;106;24/nov/25
1011175;BARRA CEREAL NATURALE BANANA 22G;2;6;160;0,75;0,74;0;0,07;0,22;0,18;28,79;28,79;0,31;10;106;24/nov/25
1011178;BARRA CEREAL NATURALE BANANA ZR ACU;2;6;160;0,75;0,69;0;0,06;0,25;0,15;31,42;31,42;0,31;10;106;24/nov/25
1011178;BARRA CEREAL NATURALE BANANA ZR ACU;18;6;160;0,75;0,69;0;0,11;0,21;0,17;27,98;27,98;0;10;106;24/nov/25
1010720;BARRA CEREAL NATURALE BRIG/AV/CHOC 25G;12;6;160;0,38;0,32;1;0,75;0,3;0,39;5,73;23,71;1,25;10;106;24/nov/25
1011174;BARRA CEREAL NATURALE CAST C/CHOC 22G;3;6;160;0,75;0,55;1;0,26;0,61;0,34;11,19;31,53;0,94;10;106;24/nov/25
1011174;BARRA CEREAL NATURALE CAST C/CHOC 22G;17;6;160;0,75;0,72;1;0,1;0,1;0,07;75;179,35;0;10;106;24/nov/25
1010721;BARRA CEREAL NATURALE COCO/AVEIA 25G;2;6;160;0,75;0,74;0;0,06;0,15;0,16;32,75;32,75;0,31;10;106;24/nov/25
1011171;BARRA CEREAL NATURALE GRANOLA 22G;8;6;160;0,38;0,36;0;0,02;0,04;0,03;79,09;79,09;0,31;10;106;24/nov/25
51617;BARRA CEREAL RITTER AV/CAST/CH LIGHT 25G;8;6;24;1;0,83;0;0,33;0,25;0,27;21,43;21,43;4,17;10;106;24/nov/25
51617;BARRA CEREAL RITTER AV/CAST/CH LIGHT 25G;11;6;24;0,75;0,42;1;0,71;0,71;0,47;6,25;21,25;4,17;10;106;24/nov/25
51617;BARRA CEREAL RITTER AV/CAST/CH LIGHT 25G;13;6;24;1;0,75;0;0;0,21;0,15;36;36;4,17;10;106;24/nov/25
60510;BARRA CEREAL RITTER BAN/AVEIA/MEL 25G;4;6;192;0,13;0,1;0;0,01;0,03;0,03;21,92;21,92;0,75;10;106;24/nov/25
60510;BARRA CEREAL RITTER BAN/AVEIA/MEL 25G;7;6;192;0,06;-0,11;1;0,02;0;0;-157,5;1.282,50;0;10;106;24/nov/25
60510;BARRA CEREAL RITTER BAN/AVEIA/MEL 25G;12;6;192;0,13;-0,2;1;0,11;0,14;0,1;-14,07;57,04;0,52;10;106;24/nov/25
60510;BARRA CEREAL RITTER BAN/AVEIA/MEL 25G;18;6;192;0,13;0,07;1;0,02;0;0;140;2.060,00;0;10;106;24/nov/25
44407;BARRA CEREAL RITTER BRIGADEIRO 22G;2;6;24;1,75;2,88;3;0;0,25;0,53;37,64;76,91;4,17;10;106;24/nov/25
44407;BARRA CEREAL RITTER BRIGADEIRO 22G;12;6;24;1;-1,25;2;0,54;0,88;0,98;-8,91;5,35;4,17;10;106;24/nov/25
44407;BARRA CEREAL RITTER BRIGADEIRO 22G;14;6;24;0,5;-2,88;1;0,71;1,83;0,86;-23,52;-15,34;0;10;106;24/nov/25
9996007;BARRA CEREAL RITTER BROWNIE 25G;7;6;24;0,5;0;1;0;0;0;;;0;10;106;24/nov/25
9996007;BARRA CEREAL RITTER BROWNIE 25G;13;6;24;1;0,83;0;0,25;0,46;0,35;16,67;16,67;1,04;10;106;24/nov/25
44402;BARRA CEREAL RITTER CASTANHA PARA  22G;4;6;24;5;3,92;0;0,54;0,17;0,28;97,24;97,24;6;10;106;24/nov/25
44402;BARRA CEREAL RITTER CASTANHA PARA  22G;8;6;24;1;0,67;0;0,25;0,08;0,15;32;32;2,08;10;106;24/nov/25
44402;BARRA CEREAL RITTER CASTANHA PARA  22G;13;6;24;5;2,21;0;0,5;0,13;0,15;106;106;2,08;10;106;24/nov/25
44402;BARRA CEREAL RITTER CASTANHA PARA  22G;14;6;24;6;-0,67;7;0,42;0,46;0,39;-12;114;7;10;106;24/nov/25
44402;BARRA CEREAL RITTER CASTANHA PARA  22G;17;6;24;5;4,08;0;1,08;0,25;0,76;37,69;37,69;8;10;106;24/nov/25
47645;BARRA CEREAL RITTER MOR/CHOC 25G;2;6;24;1;0,96;0;0,04;0,25;0,21;31,36;31,36;4,17;10;106;24/nov/25
47645;BARRA CEREAL RITTER MOR/CHOC 25G;4;6;24;1;2;0;0;0,79;0,46;30,64;30,64;0;10;106;24/nov/25
47645;BARRA CEREAL RITTER MOR/CHOC 25G;6;6;24;0,5;-0,08;1;0,04;0,5;0,47;-1,25;13,75;0;10;106;24/nov/25
47645;BARRA CEREAL RITTER MOR/CHOC 25G;12;6;24;1,71;-0,92;3;0,38;1,25;0,9;-7,1;16,13;4,17;10;106;24/nov/25
47645;BARRA CEREAL RITTER MOR/CHOC 25G;13;6;24;2;1,58;0;0,08;0,21;0,29;38;38;4,17;10;106;24/nov/25
47645;BARRA CEREAL RITTER MOR/CHOC 25G;14;6;24;0,5;-1;1;0,08;0,67;0,47;-15;0;0;10;106;24/nov/25
47645;BARRA CEREAL RITTER MOR/CHOC 25G;18;6;24;1;0,54;1;0,17;0,04;0,16;24,38;69,38;0;10;106;24/nov/25
1014980;BEBIDA 3CORAC P WHEY CHOCOLATE 250ML;3;6;12;4;4,5;1;0,83;0,5;0,54;57,86;70,71;6,5;10;106;24/nov/25
1014980;BEBIDA 3CORAC P WHEY CHOCOLATE 250ML;14;6;12;1,5;1;2;2,5;2,67;1,85;3,79;11,37;1,08;10;106;24/nov/25
1014981;BEBIDA 3CORAC P WHEY CLASSICO 250ML;12;6;12;1,5;1,42;0;0,33;0,17;0,27;36,43;36,43;1,08;10;106;24/nov/25
1014981;BEBIDA 3CORAC P WHEY CLASSICO 250ML;18;6;12;1,5;1,33;0;0,17;0,17;0,12;80;80;1,08;10;106;24/nov/25
1014982;BEBIDA 3CORAC P WHEY COOKIES 250ML;8;6;12;1;0,67;0;0,58;0,08;0,27;17,14;17,14;1,08;10;106;24/nov/25
1014982;BEBIDA 3CORAC P WHEY COOKIES 250ML;17;6;12;1;0,83;0;0,42;0,08;0,21;27,27;27,27;0;10;106;24/nov/25
1014982;BEBIDA 3CORAC P WHEY COOKIES 250ML;18;6;12;1;0,83;0;0,17;0,25;0,21;27,27;27,27;1,08;10;106;24/nov/25
1014979;BEBIDA 3CORAC P WHEY DOCE DE LEITE 250ML;3;6;12;4;3,5;1;1,25;0,58;0,74;33,16;42,63;5,42;10;106;24/nov/25
1014979;BEBIDA 3CORAC P WHEY DOCE DE LEITE 250ML;4;6;12;1;0,92;0;0,42;0,08;0,25;25,38;25,38;1,08;10;106;24/nov/25
1018119;BEBIDA PARMALAT WHEY ABACATE 250ML;14;6;18;0,56;0,28;1;0,22;0,33;0,39;5;23;0,72;10;106;24/nov/25
1005051;BEBIDA PARMALAT WHEY BAUNILHA 250ML;4;6;18;1;0,94;0;0,33;0;0,25;26,84;26,84;1,44;10;106;24/nov/25
1018120;BEBIDA PARMALAT WHEY CAPPUCCINO 250ML;3;6;18;1,11;0,22;1;0,89;1;0,56;2,79;15,35;2,89;10;106;24/nov/25
1018120;BEBIDA PARMALAT WHEY CAPPUCCINO 250ML;11;6;18;0,56;0,44;0;0,56;0,11;0,3;10,43;10,43;1,44;10;106;24/nov/25
1018120;BEBIDA PARMALAT WHEY CAPPUCCINO 250ML;12;6;18;1,5;1,33;0;0,17;0,5;0,29;32,73;32,73;0,72;10;106;24/nov/25
1018120;BEBIDA PARMALAT WHEY CAPPUCCINO 250ML;14;6;18;0,78;-0,33;1;0,94;0,94;1,04;-2,25;4,5;0,72;10;106;24/nov/25
1018120;BEBIDA PARMALAT WHEY CAPPUCCINO 250ML;17;6;18;1;0,67;0;0,39;0,06;0,14;32,73;32,73;0;10;106;24/nov/25
1005048;BEBIDA PARMALAT WHEY CHOCO 250ML;3;6;18;1;0,56;1;0,61;1,17;0,74;5,26;14,74;2,17;10;106;24/nov/25
1018118;BEBIDA PARMALAT WHEY MILHO VERDE 250ML;14;6;18;0,56;0,28;1;0,44;0,39;0,4;4,84;22,26;0,72;10;106;24/nov/25
1010654;GELATINA ZERO APTI ABACAXI 12G;3;6;18;2,78;3,56;2;2,5;2,83;1,27;19,59;30,61;5,56;10;106;24/nov/25
1010653;GELATINA ZERO APTI FRUTAS VERM 12G;3;6;18;3;4,06;2;1,06;0,78;0,79;35,9;53,61;2,78;10;106;24/nov/25
1010653;GELATINA ZERO APTI FRUTAS VERM 12G;14;6;18;0,5;0,33;1;0,56;0,11;0,23;10;40;0;10;106;24/nov/25
1010653;GELATINA ZERO APTI FRUTAS VERM 12G;17;6;18;1,5;1;0;1;0;0,23;30;30;0;10;106;24/nov/25
9000613;GELATINA ZERO APTI MORANGO SILV 12G;3;6;18;3;4,06;2;1,83;1,72;0,91;31,29;46,71;2,78;10;106;24/nov/25
9000613;GELATINA ZERO APTI MORANGO SILV 12G;11;6;18;0,78;0,67;0;0,11;0,11;0,19;24;24;2,78;10;106;24/nov/25
9000425;GELATINA ZERO APTI UVA 12G;3;6;18;3;4,44;2;1,06;0,83;0,7;44,44;64,44;5,56;10;106;24/nov/25
9000425;GELATINA ZERO APTI UVA 12G;12;6;18;1,5;1,44;0;0,11;0,06;0,12;86,67;86,67;5,56;10;106;24/nov/25
1008782;GELATINA ZERO NEILAR ABACAXI 12G;2;6;24;0,75;1,42;0;0,21;0,13;0,14;72,86;72,86;2,08;10;106;24/nov/25
1008782;GELATINA ZERO NEILAR ABACAXI 12G;11;6;24;0,75;0,29;1;0,67;0,67;0,39;5,25;23,25;2,08;10;106;24/nov/25
1008783;GELATINA ZERO NEILAR UVA 12G;3;6;24;1,5;-0,13;1;0,5;1,13;0,96;-0,91;6,36;2,08;10;106;24/nov/25
1008783;GELATINA ZERO NEILAR UVA 12G;11;6;24;0,83;0;1;0,13;0,67;0,23;0;30;2,08;10;106;24/nov/25
1008783;GELATINA ZERO NEILAR UVA 12G;12;6;24;0,83;0,54;1;0,5;0,13;0,34;11,14;31,71;2,08;10;106;24/nov/25
49107;GRANOLA CERELUS C/MACA/CANELA 250G;13;6;12;0,67;0,33;1;0,17;0,42;0,18;13,33;53,33;0,83;10;106;24/nov/25
49107;GRANOLA CERELUS C/MACA/CANELA 250G;17;6;12;0,67;0,25;1;0,58;0;0,39;4,5;22,5;0;10;106;24/nov/25
49107;GRANOLA CERELUS C/MACA/CANELA 250G;18;6;12;0,67;0,58;1;0,08;0;0,14;30;81,43;0;10;106;24/nov/25
1013282;GRANOLA CERELUS PREMIUM BANANA 200G;8;6;12;0,67;0,58;0;0,08;0,08;0,08;52,5;52,5;0,83;10;106;24/nov/25
50939;GRANOLA CERELUS TRADICIONAL CROC 250G;3;6;12;1;0,92;1;0,25;0,42;0,25;25,38;53,08;0,83;10;106;24/nov/25
50939;GRANOLA CERELUS TRADICIONAL CROC 250G;5;6;12;0,67;0,42;1;0;0,25;0,14;21,43;72,86;1,67;10;106;24/nov/25
50939;GRANOLA CERELUS TRADICIONAL CROC 250G;12;6;12;0,67;0,58;0;0,08;0,08;0,08;52,5;52,5;0,83;10;106;24/nov/25
50939;GRANOLA CERELUS TRADICIONAL CROC 250G;14;6;12;0,5;0,08;1;0,08;0,25;0,14;4,29;55,71;0;10;106;24/nov/25
1012877;GRANOLA JASMINE INTEG MACA/CANELA 250G;11;6;22;0,5;0;1;0;0,05;0,02;0;330;0,45;10;106;24/nov/25
1010724;GRANOLA NATURALE CEREAIS E FRUTAS  250G;2;6;18;1;0,83;0;0,28;0,22;0,22;26,47;26,47;0,56;10;106;24/nov/25
1010729;GRANOLA NATURALE CEREAIS E FRUTAS 1KG;14;6;12;1,75;1,25;1;0,5;0,25;0,31;28,13;50,63;0;10;106;24/nov/25
1010729;GRANOLA NATURALE CEREAIS E FRUTAS 1KG;18;6;12;1;0,92;0;0,08;0,08;0,08;82,5;82,5;0;10;106;24/nov/25
1010726;GRANOLA NATURALE FRUTAS LIGTH 250G;2;6;18;1;0,94;0;0,11;0,17;0,14;46,36;46,36;0,56;10;106;24/nov/25
1010726;GRANOLA NATURALE FRUTAS LIGTH 250G;3;6;18;1,78;2,67;1;0,28;0,39;0,31;60;82,5;1,67;10;106;24/nov/25
1010726;GRANOLA NATURALE FRUTAS LIGTH 250G;13;6;18;1;0,83;0;0,11;0,17;0,21;28,13;28,13;0,56;10;106;24/nov/25
49103;PROTEINA SOJA CERELUS TEXT FINA 250G;12;6;12;0,67;0,5;0;0,25;0,17;0,12;30;30;1,67;10;106;24/nov/25
1019166;ACHOC PO NESCAU SH 2,01KG;2;6;4;7,5;3,5;5;3,5;0,5;1,52;16,15;39,23;1,5;10;107;24/nov/25
1019166;ACHOC PO NESCAU SH 2,01KG;4;6;4;3;2,5;0;1,25;0;0,35;50;50;1;10;107;24/nov/25
1019166;ACHOC PO NESCAU SH 2,01KG;8;6;4;4,5;4,25;0;0,75;0,25;0,47;63,75;63,75;1,5;10;107;24/nov/25
1019166;ACHOC PO NESCAU SH 2,01KG;11;6;4;7,5;0,5;8;3,75;1,5;1,98;1,76;30;1;10;107;24/nov/25
1019166;ACHOC PO NESCAU SH 2,01KG;12;6;4;9;8,25;0;1,25;1,25;1,05;55;55;1;10;107;24/nov/25
1019166;ACHOC PO NESCAU SH 2,01KG;13;6;4;9;7,5;0;3;7;3,33;15,79;15,79;9;10;107;24/nov/25
1019166;ACHOC PO NESCAU SH 2,01KG;17;6;4;15;10,25;0;3,75;2,5;2,68;26,74;26,74;9;10;107;24/nov/25
1019166;ACHOC PO NESCAU SH 2,01KG;18;6;4;12;5,75;7;5,5;2,75;3,21;12,55;27,82;9;10;107;24/nov/25
1020008;DUETO ERV/MILHO OLE 1.700KG;2;6;6;2;1,17;2;1,5;1,17;1,36;6;16,29;0;10;107;24/nov/25
1020008;DUETO ERV/MILHO OLE 1.700KG;7;6;6;1,33;1;0;0,33;0,17;0,31;22,5;22,5;0;10;107;24/nov/25
1020008;DUETO ERV/MILHO OLE 1.700KG;8;6;6;2;1,5;0;0,33;0,33;0,47;22,5;22,5;0;10;107;24/nov/25
1020008;DUETO ERV/MILHO OLE 1.700KG;12;6;6;4;1,67;3;2,67;2,67;2,61;4,48;12,54;0;10;107;24/nov/25
1020008;DUETO ERV/MILHO OLE 1.700KG;13;6;6;2;1,67;0;0,5;0,5;0,43;27,27;27,27;0;10;107;24/nov/25
1020008;DUETO ERV/MILHO OLE 1.700KG;17;6;6;3;2,33;2;1,33;3,17;2,06;7,92;14,72;0;10;107;24/nov/25
1013939;DUETO MILHO/ERV FUGINI SH 1,7KG;2;6;6;2;1,17;0;0,17;1;0,43;19,09;19,09;0;10;107;24/nov/25
1013939;DUETO MILHO/ERV FUGINI SH 1,7KG;13;6;6;2;1,5;0;0;1;0,35;30;30;0;10;107;24/nov/25
1013939;DUETO MILHO/ERV FUGINI SH 1,7KG;17;6;6;2;1;2;1,67;1,17;0,97;7,2;21,6;0;10;107;24/nov/25
9954403;DUETO ODERICH ERV/MILHO LT 2KG;11;6;6;2;1,83;0;0,33;0,5;0,39;33;33;0;10;107;24/nov/25
9954403;DUETO ODERICH ERV/MILHO LT 2KG;12;6;6;1,33;0,67;2;1,67;0;1,09;4,29;17,14;0;10;107;24/nov/25
1021482;ERVILHA FUGINI SH 1,7KG;7;6;6;1;0,67;0;0,33;0;0,08;60;60;0;10;107;24/nov/25
5076;ERVILHA ODERICH LT 2KG;13;6;6;1;0,83;0;0;0;0,16;37,5;37,5;0,5;10;107;24/nov/25
1019184;ERVILHA OLE LT 1.7KG;2;6;6;3;2,17;0;1;1;1,71;8,86;8,86;2,5;10;107;24/nov/25
1019184;ERVILHA OLE LT 1.7KG;8;6;6;3,17;2;0;1,67;0;1,4;10;10;0;10;107;24/nov/25
1019184;ERVILHA OLE LT 1.7KG;11;6;6;8,5;3,5;6;6,17;9;7,27;3,37;9,14;0;10;107;24/nov/25
1019184;ERVILHA OLE LT 1.7KG;12;6;6;4,33;2,5;3;3;3,5;3,03;5,77;12,69;0;10;107;24/nov/25
1019184;ERVILHA OLE LT 1.7KG;13;6;6;2;1;2;1,33;1,5;1,44;4,86;14,59;1,67;10;107;24/nov/25
1019184;ERVILHA OLE LT 1.7KG;17;6;6;2;1,67;0;0,5;0,33;0,39;30;30;0;10;107;24/nov/25
1007212;EXTRATO TOM ELEFANTE TP 1,04KG;1;6;12;1,5;1,42;0;0,42;0,33;0,25;39,23;39,23;0;10;107;24/nov/25
1007212;EXTRATO TOM ELEFANTE TP 1,04KG;6;6;12;2;1,83;0;1,25;1;1,71;7,5;7,5;0;10;107;24/nov/25
1007212;EXTRATO TOM ELEFANTE TP 1,04KG;8;6;12;2;1,92;0;0,33;0,75;0,76;17,69;17,69;0;10;107;24/nov/25
1007212;EXTRATO TOM ELEFANTE TP 1,04KG;17;6;12;8;7,17;1;5;8,5;6,49;7,72;8,8;0;10;107;24/nov/25
47087;KETCHUP  BISN KETDOG 1KG;6;6;12;2;0,75;2;1,67;1,17;1,44;3,65;13,38;2;10;107;24/nov/25
47087;KETCHUP  BISN KETDOG 1KG;11;6;12;5;2,92;3;1,58;1,33;1,65;12,35;25,06;1,33;10;107;24/nov/25
47087;KETCHUP  BISN KETDOG 1KG;12;6;12;2;1,83;0;1,42;1,58;1,69;7,59;7,59;4;10;107;24/nov/25
47087;KETCHUP  BISN KETDOG 1KG;13;6;12;4;2,42;0;1,08;1;1,19;14,26;14,26;0;10;107;24/nov/25
47087;KETCHUP  BISN KETDOG 1KG;17;6;12;2;1;2;1,17;1,67;1,36;5,14;15,43;4;10;107;24/nov/25
47087;KETCHUP  BISN KETDOG 1KG;18;6;12;2;1,17;2;1;1,17;0,82;10;27,14;2;10;107;24/nov/25
1019337;KETCHUP HEINZ 1,033KG;3;6;12;12;13;2;1,75;1,08;1,28;70,91;81,82;3,33;10;107;24/nov/25
1019337;KETCHUP HEINZ 1,033KG;11;6;12;2;1,92;0;0,25;0,58;0,58;23;23;1,33;10;107;24/nov/25
1019337;KETCHUP HEINZ 1,033KG;13;6;12;2;1,17;2;1,08;0,67;0,7;11,67;31,67;0;10;107;24/nov/25
1019337;KETCHUP HEINZ 1,033KG;17;6;12;2;1,08;2;1,42;2,58;1,71;4,43;12,61;5,33;10;107;24/nov/25
1019337;KETCHUP HEINZ 1,033KG;18;6;12;3;2,83;0;0,33;0,33;0,39;51;51;2;10;107;24/nov/25
1007403;KETCHUP ODERICH SH 7G C/140 UM;12;6;1;5;3;3;4;4;4,67;4,5;9;12;10;107;24/nov/25
1007403;KETCHUP ODERICH SH 7G C/140 UM;17;6;1;5;3;3;3;1;3,5;6;12;2;10;107;24/nov/25
1022896;MAIONESE BISN VAL PET 930GR;2;6;9;8;4,67;0;0,22;5,11;1,56;21;21;4;10;107;24/nov/25
1022896;MAIONESE BISN VAL PET 930GR;3;6;9;16;17,44;2;1,67;7,89;4,04;30,19;33,65;6,67;10;107;24/nov/25
1022896;MAIONESE BISN VAL PET 930GR;4;6;9;2,67;2,56;0;0,22;0,56;0,39;46;46;0;10;107;24/nov/25
1022896;MAIONESE BISN VAL PET 930GR;11;6;9;5;3,67;2;1,33;3,89;2,77;9,25;14,3;2;10;107;24/nov/25
1022896;MAIONESE BISN VAL PET 930GR;13;6;9;8;6;0;0,33;3;1,61;26,13;26,13;0;10;107;24/nov/25
1022896;MAIONESE BISN VAL PET 930GR;17;6;9;8;5,22;0;1,67;2;1,53;23,9;23,9;6,67;10;107;24/nov/25
1009347;MAIONESE HELLMANNS SH 1KG;3;6;12;8;5,67;3;3,75;11,75;5,89;6,73;10,3;4,17;10;107;24/nov/25
1009347;MAIONESE HELLMANNS SH 1KG;6;6;12;2;1,75;1;1,25;3,75;1,69;7,24;11,38;2,08;10;107;24/nov/25
1009347;MAIONESE HELLMANNS SH 1KG;13;6;12;7;1,83;3;5,83;12,58;8,28;1,55;4,08;0;10;107;24/nov/25
1017540;MAIONESE LIZA CASEIRA BD 2,7KG;11;6;6;1;0,17;2;1,33;0,17;0,47;2,5;32,5;0,5;10;107;24/nov/25
1017540;MAIONESE LIZA CASEIRA BD 2,7KG;12;6;6;0,67;0,5;1;1,67;0,83;1,17;3;9;0,5;10;107;24/nov/25
36029;MAIONESE ODERICH SH 1KG;2;6;6;6,67;6;1;3,5;4,17;5,52;7,61;8,87;18;10;107;24/nov/25
36029;MAIONESE ODERICH SH 1KG;3;6;6;10;10,5;2;5,67;6,5;7,86;9,36;11,14;18;10;107;24/nov/25
36029;MAIONESE ODERICH SH 1KG;14;6;6;3,83;4,17;3;1,33;2;1,71;17,05;29,32;12;10;107;24/nov/25
1007402;MAIONESE ODERICH SH 7G C/140;11;6;1;5;4;6;4;5;3,03;9,23;23,08;16;10;107;24/nov/25
1007402;MAIONESE ODERICH SH 7G C/140;17;6;1;5;4;6;5;6;6,3;4,44;11,11;16;10;107;24/nov/25
1000687;MILHO VERDE FUGINI SH 1,7KG;13;6;6;1,67;0,67;2;0,33;0,67;0,31;15;60;3,33;10;107;24/nov/25
1019195;MILHO VERDE OLE LT 1.7KG;11;6;6;5;3;3;2,83;2,67;2,8;7,5;15;0;10;107;24/nov/25
1019195;MILHO VERDE OLE LT 1.7KG;12;6;6;3;2,67;0;0,83;1;1,17;16;16;0;10;107;24/nov/25
1019195;MILHO VERDE OLE LT 1.7KG;18;6;6;3;2,83;0;0,33;0,33;0,62;31,88;31,88;0;10;107;24/nov/25
1010117;MOLHO EXTREMO SABOR ALHO 1,01L;4;6;6;2;1,83;0;0,67;0,17;0,66;19,41;19,41;0;10;107;24/nov/25
1010117;MOLHO EXTREMO SABOR ALHO 1,01L;8;6;6;2;2,83;2;0,83;0,5;0,66;30;51,18;0;10;107;24/nov/25
1010117;MOLHO EXTREMO SABOR ALHO 1,01L;11;6;6;3;2,17;2;0,67;1,67;1,63;9,29;17,86;0;10;107;24/nov/25
1010117;MOLHO EXTREMO SABOR ALHO 1,01L;13;6;6;2;1,67;0;0,33;0,67;0,51;23,08;23,08;0;10;107;24/nov/25
1010117;MOLHO EXTREMO SABOR ALHO 1,01L;17;6;6;3;0,67;3;2,17;0,83;1,32;3,53;19,41;0;10;107;24/nov/25
1010118;MOLHO EXTREMO SABOR P/FGO 1,01L;2;6;6;1;0,83;0;0;0,5;0,16;37,5;37,5;0;10;107;24/nov/25
1010118;MOLHO EXTREMO SABOR P/FGO 1,01L;3;6;6;1;1,5;1;0,5;0,17;0,27;38,57;64,29;0;10;107;24/nov/25
1010118;MOLHO EXTREMO SABOR P/FGO 1,01L;13;6;6;2,33;1,5;0;0,33;0,17;0,27;38,57;38,57;0;10;107;24/nov/25
1008117;MOLHO TOM FUGINI PIZZA SH 1,7KG;2;6;6;2;1;2;0,5;1,17;0,78;9;27;0;10;107;24/nov/25
1008117;MOLHO TOM FUGINI PIZZA SH 1,7KG;3;6;6;2;2,5;1;1,17;0,83;1,01;17,31;24,23;0;10;107;24/nov/25
1008117;MOLHO TOM FUGINI PIZZA SH 1,7KG;8;6;6;2;1,5;0;0,5;1,5;0,66;15,88;15,88;0;10;107;24/nov/25
1008117;MOLHO TOM FUGINI PIZZA SH 1,7KG;11;6;6;5,83;5,67;0;0,5;1;0,78;51;51;0;10;107;24/nov/25
1008117;MOLHO TOM FUGINI PIZZA SH 1,7KG;12;6;6;3,83;2;0;0,17;1,5;0,58;24;24;0;10;107;24/nov/25
1008117;MOLHO TOM FUGINI PIZZA SH 1,7KG;13;6;6;3;1,83;2;2,17;3;2,37;5,41;11,31;0;10;107;24/nov/25
1008117;MOLHO TOM FUGINI PIZZA SH 1,7KG;14;6;6;2;1,5;1;0,83;0,5;0,58;18;30;0;10;107;24/nov/25
1008117;MOLHO TOM FUGINI PIZZA SH 1,7KG;17;6;6;3,67;2;3;2,67;2,33;2,88;4,86;12,16;2;10;107;24/nov/25
1008116;MOLHO TOM FUGINI TRAD SH 1,7KG;2;6;6;4;0,67;3;3,33;1;1,63;2,86;15,71;0;10;107;24/nov/25
1008116;MOLHO TOM FUGINI TRAD SH 1,7KG;4;6;6;2;1,17;0;0,67;1,17;0,43;19,09;19,09;0;10;107;24/nov/25
1008116;MOLHO TOM FUGINI TRAD SH 1,7KG;6;6;6;3;1,67;0;1,33;0,67;0,58;20;20;0;10;107;24/nov/25
1008116;MOLHO TOM FUGINI TRAD SH 1,7KG;12;6;6;5;4,5;0;0,83;0,33;0,7;45;45;0;10;107;24/nov/25
1008116;MOLHO TOM FUGINI TRAD SH 1,7KG;14;6;6;2,17;0,67;2;1,5;0,5;0,47;10;40;0;10;107;24/nov/25
1008116;MOLHO TOM FUGINI TRAD SH 1,7KG;17;6;6;3;2,33;0;2;2,5;1,52;10,77;10,77;0;10;107;24/nov/25
1014037;MOLHO TOM ODERICH PIZZA SH 1,010G;3;6;12;8;9,17;3;2,17;1,5;2,06;31,13;41,32;2;10;107;24/nov/25
1014037;MOLHO TOM ODERICH PIZZA SH 1,010G;11;6;12;1;0,75;0;1,17;0,08;0,31;16,88;16,88;0;10;107;24/nov/25
1014037;MOLHO TOM ODERICH PIZZA SH 1,010G;13;6;12;3;0,67;3;3,33;0;0,93;5;27,5;4;10;107;24/nov/25
1014037;MOLHO TOM ODERICH PIZZA SH 1,010G;18;6;12;6;4,25;0;1,75;1,58;1,44;20,68;20,68;0;10;107;24/nov/25
1021215;MOLHO TOM TARANTELLA PIZZA SH 1,7KG;1;6;6;2;1,83;0;0;0;0,12;110;110;0;10;107;24/nov/25
1021215;MOLHO TOM TARANTELLA PIZZA SH 1,7KG;4;6;6;1;0,67;0;0,17;0,33;0,27;17,14;17,14;0;10;107;24/nov/25
1021215;MOLHO TOM TARANTELLA PIZZA SH 1,7KG;5;6;6;1,33;1,17;0;0,33;0,17;0,27;30;30;0;10;107;24/nov/25
1021215;MOLHO TOM TARANTELLA PIZZA SH 1,7KG;11;6;6;6;1,17;6;1,67;1,67;2,1;3,89;23,89;0;10;107;24/nov/25
1021215;MOLHO TOM TARANTELLA PIZZA SH 1,7KG;13;6;6;4,67;2;4;1,5;2,17;1,75;8;24;0;10;107;24/nov/25
1021214;MOLHO TOM TARANTELLA TRAD 1,7KG;3;6;6;3;3,67;2;0,33;1,17;0,54;47,14;72,86;0;10;107;24/nov/25
1021214;MOLHO TOM TARANTELLA TRAD 1,7KG;7;6;6;2,5;1;2;0,17;0,17;0,27;25,71;77,14;0;10;107;24/nov/25
1021214;MOLHO TOM TARANTELLA TRAD 1,7KG;8;6;6;2;0,83;2;0,5;0;0,31;18,75;63,75;0;10;107;24/nov/25
1021214;MOLHO TOM TARANTELLA TRAD 1,7KG;12;6;6;6;4,5;0;0,83;1;1,63;19,29;19,29;0;10;107;24/nov/25
1022897;MOSTARDA BISN VAL PET 930GR;3;6;9;9,33;9,89;1;1,44;3,78;2,02;34,23;37,69;1,33;10;107;24/nov/25
1022897;MOSTARDA BISN VAL PET 930GR;7;6;9;2;1,89;0;0,11;0,33;0,18;72,86;72,86;1,33;10;107;24/nov/25
1022897;MOSTARDA BISN VAL PET 930GR;11;6;9;2;1,89;0;0,22;1,56;0,7;18,89;18,89;1,33;10;107;24/nov/25
1022897;MOSTARDA BISN VAL PET 930GR;13;6;9;2;1,44;0;0,44;1,67;0,91;11,14;11,14;0;10;107;24/nov/25
1022897;MOSTARDA BISN VAL PET 930GR;17;6;9;2;1,67;1;1,44;3,11;1,45;8,04;12,86;1,33;10;107;24/nov/25
56307;MOSTARDA ODERICH SH 1KG;2;6;6;3;2,5;0;0,5;0,83;1,09;16,07;16,07;32;10;107;24/nov/25
56307;MOSTARDA ODERICH SH 1KG;3;6;6;5,17;5,67;2;2;2,33;1,87;21,25;28,75;32;10;107;24/nov/25
56307;MOSTARDA ODERICH SH 1KG;6;6;6;1,67;1;0;1;0,67;0,7;10;10;16;10;107;24/nov/25
56307;MOSTARDA ODERICH SH 1KG;12;6;6;7,33;6,17;0;3;3;3,19;13,54;13,54;24;10;107;24/nov/25
56307;MOSTARDA ODERICH SH 1KG;13;6;6;6;2,83;4;1,33;2,67;1,91;10,41;25,1;0;10;107;24/nov/25
56307;MOSTARDA ODERICH SH 1KG;17;6;6;7,67;3,33;5;5,67;5,5;4,67;5;12,5;24;10;107;24/nov/25
56307;MOSTARDA ODERICH SH 1KG;18;6;6;3;2,67;0;1,17;1,5;1,48;12,63;12,63;32;10;107;24/nov/25
1010881;PEPINO CONS DA SERRA VD 1,8KG;3;6;6;1;0,67;1;0,5;0;0,31;15;37,5;0;10;107;24/nov/25
1010881;PEPINO CONS DA SERRA VD 1,8KG;11;6;6;0,83;0,67;0;0,5;0,67;0,27;17,14;17,14;0;10;107;24/nov/25
1010881;PEPINO CONS DA SERRA VD 1,8KG;12;6;6;1;0,83;0;0,67;0,83;0,51;11,54;11,54;0;10;107;24/nov/25
1010881;PEPINO CONS DA SERRA VD 1,8KG;13;6;6;1;0,5;1;0,33;0,17;0,23;15;45;0;10;107;24/nov/25
1010881;PEPINO CONS DA SERRA VD 1,8KG;17;6;6;1;0;2;1,5;3,17;1,4;0;10;0;10;107;24/nov/25
1013945;TEMP COMPLETO ODERICH C/PIM 1KG;11;6;12;1;-2;0,92;0,5;0,42;0,53;-26,67;-14,44;0;10;107;24/nov/25
1013945;TEMP COMPLETO ODERICH C/PIM 1KG;13;6;12;1;0,17;0,92;0,25;0,25;0,35;3,33;21,67;0;10;107;24/nov/25
1013946;TEMP COMPLETO ODERICH S/PIM 1KG;6;6;12;0,67;-0,08;2;0,5;1,08;0,49;-1,2;27,6;0,25;10;107;24/nov/25
1013946;TEMP COMPLETO ODERICH S/PIM 1KG;11;6;12;0,83;0;2;0;0;0,04;0;360;0;10;107;24/nov/25
1013946;TEMP COMPLETO ODERICH S/PIM 1KG;12;6;12;1;-2,67;2;0,67;0,58;0,95;-19,59;-4,9;0;10;107;24/nov/25
1013946;TEMP COMPLETO ODERICH S/PIM 1KG;14;6;12;0,5;0;1;0,25;0,17;0,18;0;40;0;10;107;24/nov/25
1013946;TEMP COMPLETO ODERICH S/PIM 1KG;17;6;12;1;-0,08;2;0,67;1,08;0,88;-0,67;15,33;0;10;107;24/nov/25
1013946;TEMP COMPLETO ODERICH S/PIM 1KG;18;6;12;1;0,92;0;0;0;0,12;55;55;0;10;107;24/nov/25
1010119;TEMP EXTREMO SABOR ALHO E SAL 1,01KG;12;6;6;1;0,5;1;0,83;0,67;0,62;5,63;16,88;0;10;107;24/nov/25
1010119;TEMP EXTREMO SABOR ALHO E SAL 1,01KG;17;6;6;1,33;0,67;1;0,33;0;0,31;15;37,5;0;10;107;24/nov/25
1014074;TEMP EXTREMO SABOR P/GALETO 1K;12;6;6;2,17;0,33;3;1,5;1;0,82;2,86;28,57;0;10;107;24/nov/25
1010123;TEMP EXTREMO SABOR S/PIM 1.010KG;17;6;6;2;1;2;0,17;0,83;0,43;16,36;49,09;4,5;10;107;24/nov/25
1009082;BEIJINHO PETRY 400G;8;6;6;1;0,83;0;0,33;0,17;0,16;37,5;37,5;1,67;10;108;24/nov/25
1009082;BEIJINHO PETRY 400G;13;6;6;1,5;1,17;0;0,17;0,33;0,16;52,5;52,5;1,67;10;108;24/nov/25
1008929;BEIJINHO STA CLARA 400G;11;6;6;1;0;2;0;0;0;;;1,67;10;108;24/nov/25
1008929;BEIJINHO STA CLARA 400G;13;6;6;1;0,17;2;0;0,17;0,08;15;195;1,67;10;108;24/nov/25
1008929;BEIJINHO STA CLARA 400G;18;6;6;1;0,83;0;0;0;0,04;150;150;1,67;10;108;24/nov/25
1009091;BRIGADEIRO PETRY 400G;11;6;6;1;0,67;1;0,17;1,17;0,39;12;30;1;10;108;24/nov/25
1009091;BRIGADEIRO PETRY 400G;12;6;6;2,17;1;2;0,17;0,67;0,54;12,86;38,57;1;10;108;24/nov/25
1009091;BRIGADEIRO PETRY 400G;17;6;6;1;0,83;0;0,17;0,5;0,31;18,75;18,75;2;10;108;24/nov/25
1009091;BRIGADEIRO PETRY 400G;18;6;6;1;0,67;1;0,5;0,33;0,23;20;50;1;10;108;24/nov/25
1008930;BRIGADEIRO STA CLARA 400G;11;6;6;1;0,83;0;0;0,17;0,08;75;75;1;10;108;24/nov/25
1008930;BRIGADEIRO STA CLARA 400G;13;6;6;1;0,17;2;0,17;0,17;0,27;4,29;55,71;1,5;10;108;24/nov/25
1004207;CHANTILLY FLESCHMANN GRAN FINALE 1L;3;6;6;4;5;2;1,33;1,5;1,21;29,03;40,65;5;10;108;24/nov/25
1004207;CHANTILLY FLESCHMANN GRAN FINALE 1L;6;6;6;2;1,17;2;0,83;0,17;0,74;11,05;30;6,67;10;108;24/nov/25
1004207;CHANTILLY FLESCHMANN GRAN FINALE 1L;11;6;6;4;1,83;3;2,17;3,33;2,49;5,16;13,59;5;10;108;24/nov/25
1004207;CHANTILLY FLESCHMANN GRAN FINALE 1L;12;6;6;4;0,17;5;2,5;1,33;1,56;0,75;23,25;5;10;108;24/nov/25
1004207;CHANTILLY FLESCHMANN GRAN FINALE 1L;13;6;6;3;2,33;2;1,33;0,5;1,32;12,35;22,94;5;10;108;24/nov/25
1004207;CHANTILLY FLESCHMANN GRAN FINALE 1L;17;6;6;6;2,17;5;1,83;5;2,53;6;19,85;5;10;108;24/nov/25
1004207;CHANTILLY FLESCHMANN GRAN FINALE 1L;18;6;6;4;2;3;2,17;1,33;1,87;7,5;18,75;5;10;108;24/nov/25
1004208;CHANTILLY FLESCHMANN GRAN FINALE 200ML;4;6;27;1;0,7;0;0,37;0,44;0,39;12,67;12,67;11,56;10;108;24/nov/25
1004208;CHANTILLY FLESCHMANN GRAN FINALE 200ML;5;6;27;0,67;0,33;1;0,41;0,41;0,37;6,28;25,12;5,78;10;108;24/nov/25
1004208;CHANTILLY FLESCHMANN GRAN FINALE 200ML;12;6;27;3;1,81;0;0,78;1,11;0,85;15;15;3,85;10;108;24/nov/25
1004208;CHANTILLY FLESCHMANN GRAN FINALE 200ML;14;6;27;1,33;1,89;0;0,48;0,44;0,37;35,58;35,58;2,89;10;108;24/nov/25
1004208;CHANTILLY FLESCHMANN GRAN FINALE 200ML;17;6;27;3;2,59;0;0,93;1,26;1,15;15,79;15,79;4,81;10;108;24/nov/25
1004208;CHANTILLY FLESCHMANN GRAN FINALE 200ML;18;6;27;3;2,52;1;0,85;1,22;0,99;17,74;24,78;5,78;10;108;24/nov/25
1002156;CHOC GRAN DORI 120G;2;6;30;1;0,93;0;0,3;0,93;0,65;10;10;2,5;10;108;24/nov/25
1002156;CHOC GRAN DORI 120G;3;6;30;2;-1,63;2,73;1,6;1,23;1,73;-6,59;4,44;10;10;108;24/nov/25
1002156;CHOC GRAN DORI 120G;4;6;30;1,73;1,17;0;0,37;0,43;0,39;21;21;2,5;10;108;24/nov/25
1002156;CHOC GRAN DORI 120G;7;6;30;2;1,17;2;1,27;0,57;1,04;7,84;21,27;2,5;10;108;24/nov/25
1002156;CHOC GRAN DORI 120G;8;6;30;1;0,5;1;0,17;0,13;0,25;14,06;42,19;2,5;10;108;24/nov/25
1002156;CHOC GRAN DORI 120G;11;6;30;2;1;2;0,13;1,6;0,92;7,63;22,88;2,5;10;108;24/nov/25
1002156;CHOC GRAN DORI 120G;12;6;30;2;1,37;0;0,77;0,97;0,86;11,08;11,08;3,33;10;108;24/nov/25
1002156;CHOC GRAN DORI 120G;13;6;30;1,5;1,27;0;0,4;0,3;0,36;24,78;24,78;2,5;10;108;24/nov/25
30357;CHOC GRAN DORI 500G;11;6;16;0,88;0,56;1;0,25;0,13;0,34;11,74;32,61;1,06;10;108;24/nov/25
30357;CHOC GRAN DORI 500G;13;6;16;1,5;1;0;0,44;0,44;0,35;20;20;1,06;10;108;24/nov/25
1008602;CHOC GRAN DORI 70G;3;6;30;3;4,3;2;1,87;1,93;2,44;12,32;18,06;17,5;10;108;24/nov/25
1008602;CHOC GRAN DORI 70G;7;6;30;0,67;0,3;1;0,77;0,93;0,4;5,29;22,94;3,33;10;108;24/nov/25
1008602;CHOC GRAN DORI 70G;8;6;30;1;0,77;1;0,7;0,5;0,43;12,55;28,91;3,33;10;108;24/nov/25
1008602;CHOC GRAN DORI 70G;11;6;30;3;2,07;0;1,37;0,37;0,94;15,37;15,37;3,33;10;108;24/nov/25
1008602;CHOC GRAN DORI 70G;12;6;30;3;2,13;2;1,53;1,63;1,51;9,9;19,18;5,83;10;108;24/nov/25
1001725;CHOC GRAN DORI MESCLADO 120G;6;6;30;0,73;0,43;1;0,4;0,37;0,33;9,07;30;5,83;10;108;24/nov/25
1001725;CHOC GRAN DORI MESCLADO 120G;11;6;30;1;0,77;0;0,63;0,53;0,27;19,71;19,71;0,83;10;108;24/nov/25
1001725;CHOC GRAN DORI MESCLADO 120G;12;6;30;1;0,97;0;0,23;0,23;0,25;27,19;27,19;5,83;10;108;24/nov/25
13963;COCO RALADO DUCOCO UMIDO100G;4;6;24;0,75;0,58;0;0,17;0,04;0,1;42;42;0,71;10;108;24/nov/25
1009840;COCO RALADO ZAM E BOM FLOCOS PURO 100G;1;6;50;1;0,74;0;0,02;0,04;0,06;85,38;85,38;0;10;108;24/nov/25
1009840;COCO RALADO ZAM E BOM FLOCOS PURO 100G;2;6;50;1;0,9;0;0,08;0,04;0,07;84,38;84,38;0,34;10;108;24/nov/25
1009840;COCO RALADO ZAM E BOM FLOCOS PURO 100G;6;6;50;1;0,02;1;0,32;0,08;0,14;0,97;49,35;0,34;10;108;24/nov/25
1009840;COCO RALADO ZAM E BOM FLOCOS PURO 100G;12;6;50;1;0,9;0;0,16;0,52;0,28;22,88;22,88;0,34;10;108;24/nov/25
1009840;COCO RALADO ZAM E BOM FLOCOS PURO 100G;13;6;50;1;0,64;0;0,02;0,02;0,02;192;192;0,34;10;108;24/nov/25
1009840;COCO RALADO ZAM E BOM FLOCOS PURO 100G;18;6;50;1;0,9;0;0,12;0,12;0,08;79,41;79,41;0,68;10;108;24/nov/25
1020550;CREME CULINARIO DAUS TP 200G;4;6;27;30;29,07;0;7,15;4,67;7,14;28,51;28,51;19,26;10;108;24/nov/25
1020550;CREME CULINARIO DAUS TP 200G;7;6;27;30;28;3;14,48;26,07;19,7;9,95;11,01;9,63;10;108;24/nov/25
1020550;CREME CULINARIO DAUS TP 200G;8;6;27;30;25,07;8;7,89;10,81;10,34;16,97;22,38;9,63;10;108;24/nov/25
1020550;CREME CULINARIO DAUS TP 200G;14;6;27;30;22,04;3;10,11;15,22;13,44;11,48;13,04;9,63;10;108;24/nov/25
1016568;CREME LEITE TP ELEGE LEVISSIMO 200G;3;6;24;15;15,75;2;1,96;2,67;2,64;41,69;46,99;23,83;10;108;24/nov/25
1016568;CREME LEITE TP ELEGE LEVISSIMO 200G;8;6;24;2;1,92;0;0,25;0,46;0,28;47,59;47,59;3,25;10;108;24/nov/25
1016568;CREME LEITE TP ELEGE LEVISSIMO 200G;17;6;24;4;3,88;0;0,38;0,25;0,26;103,33;103,33;11,92;10;108;24/nov/25
1016568;CREME LEITE TP ELEGE LEVISSIMO 200G;18;6;24;10;6,42;5;3,25;3,29;2,63;17,05;30,33;11,92;10;108;24/nov/25
9986459;CREME LEITE TP ITALAC 200G;2;6;24;10;9;0;5,67;6,5;7,04;8,95;8,95;21,67;10;108;24/nov/25
9986459;CREME LEITE TP ITALAC 200G;3;6;24;25;24,38;3;11,96;15,88;20,73;8,23;9,24;21,67;10;108;24/nov/25
9986459;CREME LEITE TP ITALAC 200G;4;6;24;5;4,63;4;6,75;6,5;8,96;3,61;6,74;6,5;10;108;24/nov/25
9986459;CREME LEITE TP ITALAC 200G;7;6;24;5;3,54;1;2,63;6,21;4,79;5,17;6,63;7,58;10;108;24/nov/25
9986459;CREME LEITE TP ITALAC 200G;12;6;24;15;14,79;0;4,58;9,04;10,34;10,01;10,01;21,67;10;108;24/nov/25
9986459;CREME LEITE TP ITALAC 200G;13;6;24;7,5;5,75;0;3,92;5,13;3,26;12,36;12,36;21,67;10;108;24/nov/25
9986459;CREME LEITE TP ITALAC 200G;17;6;24;15,5;13,5;2;7,83;12,71;12,13;7,79;8,94;21,67;10;108;24/nov/25
9986459;CREME LEITE TP ITALAC 200G;18;6;24;20;19,29;0;5,21;5,58;7,81;17,3;17,3;21,67;10;108;24/nov/25
1423;CREME LEITE TP NESTLE 200G;3;6;27;4;4,78;4;0,37;0,56;0,6;56,09;103,04;11,56;10;108;24/nov/25
1423;CREME LEITE TP NESTLE 200G;12;6;27;3,19;-0,04;4;0;0;0,56;-0,46;49,38;5,78;10;108;24/nov/25
1013664;CREME LEITE TP NESTLE Z LACTOSE 200G;3;6;27;1;1,89;1;0,37;0,11;0,17;76,5;117;2,89;10;108;24/nov/25
1013664;CREME LEITE TP NESTLE Z LACTOSE 200G;14;6;27;1;1,74;0;0,44;0,37;0,19;64,09;64,09;0;10;108;24/nov/25
1008654;CREME LEITE TP PIRACANJUBA 200G;2;6;27;14,81;9,93;0;4,52;1,56;1,43;48,73;48,73;19,26;10;108;24/nov/25
1008654;CREME LEITE TP PIRACANJUBA 200G;4;6;27;11,11;8,33;4;3,67;0;0,86;68,18;100,91;8,67;10;108;24/nov/25
1008654;CREME LEITE TP PIRACANJUBA 200G;7;6;27;8;3,15;6;4,37;1,48;1,37;16,14;46,9;10,59;10;108;24/nov/25
1008654;CREME LEITE TP PIRACANJUBA 200G;8;6;27;18;14,78;0;3,15;0,96;1,46;70,83;70,83;10,59;10;108;24/nov/25
1008654;CREME LEITE TP PIRACANJUBA 200G;13;6;27;13,85;1,74;13;10,48;2,78;3,09;3,94;33,35;19,26;10;108;24/nov/25
2303319;CREME LEITE TP TERRA VIVA 200G;18;6;27;37,04;34,78;10;7,7;31,89;20,59;11,83;15,23;19,26;10;108;24/nov/25
1007547;ESSENCIA BAUNILHA 30ML GRAN FINAL;5;6;12;0,5;0,42;0;0,17;0;0,18;16,67;16,67;3,25;10;108;24/nov/25
1007547;ESSENCIA BAUNILHA 30ML GRAN FINAL;13;6;12;1,5;1,08;0;0,75;0,75;0,6;12,58;12,58;3,25;10;108;24/nov/25
1012507;FERMENTO BIOL PO SH FLEISCHMANN L125P100;13;6;64;1;0,86;0;0,3;0,56;0,46;13,1;13,1;6,25;10;108;24/nov/25
78993;FERMENTO BIOL PO SH GOOD INSTANT 10G;3;6;30;10;11,13;6;6,17;3,73;5,83;13,36;20,56;10;10;108;24/nov/25
78993;FERMENTO BIOL PO SH GOOD INSTANT 10G;6;6;30;6,67;6,13;0;1,53;4,57;2,43;17,64;17,64;20;10;108;24/nov/25
78993;FERMENTO BIOL PO SH GOOD INSTANT 10G;12;6;30;10;8,13;0;5,67;2,73;3,69;15,44;15,44;16,67;10;108;24/nov/25
78993;FERMENTO BIOL PO SH GOOD INSTANT 10G;13;6;30;16;7,97;9;4,9;3,9;4,69;11,89;25,32;36,67;10;108;24/nov/25
78993;FERMENTO BIOL PO SH GOOD INSTANT 10G;18;6;30;7,8;4,57;4;4,3;4,5;4,2;7,61;14,28;26,67;10;108;24/nov/25
1012970;FERMENTO QUIMICO PO PT DR OETKER 100G;3;6;72;1,5;2,21;1;0,69;0,61;0,66;23,27;33,8;0,78;10;108;24/nov/25
1012970;FERMENTO QUIMICO PO PT DR OETKER 100G;6;6;72;0,5;0,07;1;0,24;0,35;0,22;2,21;33,97;0,78;10;108;24/nov/25
1012970;FERMENTO QUIMICO PO PT DR OETKER 100G;13;6;72;0,67;0,58;0;0,25;0,31;0,26;15,95;15,95;0,78;10;108;24/nov/25
4098;FERMENTO QUIMICO PO PT ROYAL 250G;13;6;48;1;0,31;2;0,65;0,35;0,64;3,44;25,42;0,88;10;108;24/nov/25
1002175;GELATINA APTI FRAMBOESA 20G;2;6;36;1,5;1,36;0;0,19;0,31;0,29;32,67;32,67;1,39;10;108;24/nov/25
1002175;GELATINA APTI FRAMBOESA 20G;11;6;36;0,67;0,56;0;0,11;0,33;0,21;18,18;18,18;1,39;10;108;24/nov/25
1002175;GELATINA APTI FRAMBOESA 20G;17;6;36;1,5;0,22;2;1,08;0,56;0,38;4,07;40,68;2,78;10;108;24/nov/25
1002173;GELATINA APTI LIMAO 20G;2;6;36;1,5;1,19;0;0,33;0,22;0,21;39,09;39,09;1,39;10;108;24/nov/25
1002173;GELATINA APTI LIMAO 20G;7;6;36;0,5;0,47;0;0,03;0,33;0,17;19,62;19,62;1,39;10;108;24/nov/25
1002173;GELATINA APTI LIMAO 20G;17;6;36;1;0,56;0;1,11;0,19;0,36;10,71;10,71;5,56;10;108;24/nov/25
1002169;GELATINA APTI MORANGO 20G;13;6;36;1;0,64;0;0,81;0,47;0,3;15;15;2,78;10;108;24/nov/25
1002169;GELATINA APTI MORANGO 20G;17;6;36;2;0,44;3;1,36;0,83;0,51;6,08;47,09;5,56;10;108;24/nov/25
114345;GELATINA NEILAR MORANGO 20G;2;1;48;5;1,52;4;2,69;3,1;1,98;5,37;19,49;5,21;10;108;24/nov/25
114345;GELATINA NEILAR MORANGO 20G;4;1;48;3;2;2;2,19;1,67;1,87;7,5;15;2,08;10;108;24/nov/25
114345;GELATINA NEILAR MORANGO 20G;5;1;48;2;0,31;3;2,4;2,52;1,56;1,4;14,86;2,08;10;108;24/nov/25
114345;GELATINA NEILAR MORANGO 20G;6;1;48;2;0,15;3;3,31;4,88;3,23;0,32;6,81;12,5;10;108;24/nov/25
114345;GELATINA NEILAR MORANGO 20G;7;6;48;2;1;1;2;3,63;1,87;3,75;7,5;0;10;108;24/nov/25
114345;GELATINA NEILAR MORANGO 20G;8;6;48;3;2,77;1;2,15;1,79;1,23;15,83;21,55;2,08;10;108;24/nov/25
114345;GELATINA NEILAR MORANGO 20G;11;1;48;5;0;6;4;2,67;2,58;0;16,27;5,21;10;108;24/nov/25
114345;GELATINA NEILAR MORANGO 20G;12;1;48;5;1,25;5;4,38;4,9;3,08;2,84;14,22;12,5;10;108;24/nov/25
114345;GELATINA NEILAR MORANGO 20G;13;1;48;2;1,83;1;2,73;6,67;3,33;3,85;5,96;2,08;10;108;24/nov/25
114345;GELATINA NEILAR MORANGO 20G;14;6;48;2;1,96;1;1,75;2,42;1,4;9,76;14,74;2,08;10;108;24/nov/25
114345;GELATINA NEILAR MORANGO 20G;17;1;48;5;0,02;3;2,6;7,15;3,73;0,04;5,67;0;10;108;24/nov/25
114345;GELATINA NEILAR MORANGO 20G;18;1;48;5;0,08;6;3,44;5,46;3,21;0,18;13,25;5,21;10;108;24/nov/25
1019791;LEITE COCO TRISANTI VD 200ML;2;6;12;4;3,75;0;0,17;0,33;0,53;50;50;0;10;108;24/nov/25
1019791;LEITE COCO TRISANTI VD 200ML;3;6;12;6;7,92;3;2,08;1;1,77;31,32;43,19;0;10;108;24/nov/25
1019791;LEITE COCO TRISANTI VD 200ML;7;6;12;2;1,92;0;0,5;0,75;0,62;21,56;21,56;0;10;108;24/nov/25
1019791;LEITE COCO TRISANTI VD 200ML;8;6;12;2;1,92;0;0,17;0,83;0,49;27,6;27,6;0;10;108;24/nov/25
1019791;LEITE COCO TRISANTI VD 200ML;11;6;12;2;1,25;3;0,5;0,5;0,62;14,06;47,81;0;10;108;24/nov/25
1019791;LEITE COCO TRISANTI VD 200ML;17;6;12;2;1,42;3;2,25;0,92;1,52;6,54;20,38;0;10;108;24/nov/25
9986466;LEITE COND TP ITALAC SEMIDESNATADO 395G;2;6;27;17,04;14,93;3;6,85;6,56;6,27;16,68;20,03;10,59;10;108;24/nov/25
9986466;LEITE COND TP ITALAC SEMIDESNATADO 395G;4;6;27;11,11;10,81;0;3,81;3,19;5,12;14,77;14,77;21,19;10;108;24/nov/25
9986466;LEITE COND TP ITALAC SEMIDESNATADO 395G;14;6;27;10;9,93;0;4,89;5,22;4,66;14,92;14,92;10,59;10;108;24/nov/25
9986466;LEITE COND TP ITALAC SEMIDESNATADO 395G;17;6;27;14,81;11,78;0;8,48;8,33;7,49;11;11;21,19;10;108;24/nov/25
9986466;LEITE COND TP ITALAC SEMIDESNATADO 395G;18;6;27;18,52;10,44;10;6,89;5,7;6,48;11,28;22,08;10,59;10;108;24/nov/25
1013793;LEITE COND TP NESTLE MOCA Z LACTOSE 395G;17;6;27;1;0,59;0;0;0,04;0,06;68,57;68,57;0;10;108;24/nov/25
1003178;LEITE COND TP TRIANGULO 395G;4;6;27;4;3,96;0;1,63;3,04;2,72;10,19;10,19;21,19;10;108;24/nov/25
1003178;LEITE COND TP TRIANGULO 395G;17;6;27;8,11;7,44;2;5,26;6,96;5,9;8,83;11,2;21,19;10;108;24/nov/25
48087;MELHORADOR SH FLEISCHMANN PAO CERTO 10G;12;6;32;1;0,91;0;0,03;0;0,01;870;870;0;10;108;24/nov/25
48087;MELHORADOR SH FLEISCHMANN PAO CERTO 10G;13;6;32;1,13;0,47;0;0,34;0,38;0,21;15,52;15,52;0;10;108;24/nov/25
1018887;MIST LACTEA COND ITALAC TP 395G;5;6;27;3,56;0,7;3;6,63;1,41;3,06;1,61;8,47;10,59;10;108;24/nov/25
1018887;MIST LACTEA COND ITALAC TP 395G;7;6;27;3,7;2,52;1;2,48;3,3;2,09;8,43;11,78;10,59;10;108;24/nov/25
1008767;MIST LACTEA COND TRIANGULO TP 395G;12;6;27;22,22;16,26;4;18,93;30,07;29,9;3,81;4,74;21,19;10;108;24/nov/25
1008767;MIST LACTEA COND TRIANGULO TP 395G;13;6;27;14,81;8,85;1;7,63;10,74;9,82;6,31;7,02;21,19;10;108;24/nov/25
1008767;MIST LACTEA COND TRIANGULO TP 395G;18;6;27;17,04;12,63;10;7,89;18,41;15,86;5,57;9,99;21,19;10;108;24/nov/25
9934146;MIST P/BOLO APTI ABACAXI RF 400G;3;6;12;10;11,08;2;1,5;1,58;2,99;25,91;30,58;5;10;108;24/nov/25
9934146;MIST P/BOLO APTI ABACAXI RF 400G;6;6;12;5;4;0;1,83;1,42;2,24;12,52;12,52;2,5;10;108;24/nov/25
9934146;MIST P/BOLO APTI ABACAXI RF 400G;8;6;12;4;2,83;0;0,92;0,17;0,86;23,18;23,18;0,83;10;108;24/nov/25
9934146;MIST P/BOLO APTI ABACAXI RF 400G;11;6;12;6;4,75;0;1,67;1,5;1,94;17,1;17,1;0,83;10;108;24/nov/25
9934146;MIST P/BOLO APTI ABACAXI RF 400G;12;6;12;6;5,5;0;1,92;2,5;2,59;14,89;14,89;1,67;10;108;24/nov/25
9934146;MIST P/BOLO APTI ABACAXI RF 400G;17;6;12;4;1,92;3;1,42;1,75;1,52;8,85;22,69;1,67;10;108;24/nov/25
9934146;MIST P/BOLO APTI ABACAXI RF 400G;18;6;12;6;3,92;3;1,58;1,42;2,02;13,56;23,94;1,67;10;108;24/nov/25
1014188;MIST P/BOLO APTI AIPIM 380G;3;6;12;8;8,58;2;2,5;2,17;2,78;21,61;26,64;3,33;10;108;24/nov/25
1014188;MIST P/BOLO APTI AIPIM 380G;12;6;12;2;1,75;0;0,67;1,67;1,23;10;10;0,83;10;108;24/nov/25
1014188;MIST P/BOLO APTI AIPIM 380G;18;6;12;2;1,08;2;0,67;0,33;0,86;8,86;25,23;0,83;10;108;24/nov/25
130455;MIST P/BOLO APTI BAUNILHA RF 400G;2;6;12;5;4,17;0;1,5;1,42;2,02;14,42;14,42;1,67;10;108;24/nov/25
130455;MIST P/BOLO APTI BAUNILHA RF 400G;3;6;12;8;8,67;1;1,33;1,58;2,04;29,71;33,14;1,67;10;108;24/nov/25
130455;MIST P/BOLO APTI BAUNILHA RF 400G;5;6;12;1,67;1,5;1;0,58;0,67;1,21;8,71;14,52;0,83;10;108;24/nov/25
130455;MIST P/BOLO APTI BAUNILHA RF 400G;6;6;12;4;2,75;0;0,58;1,25;1,46;13,2;13,2;0,83;10;108;24/nov/25
130455;MIST P/BOLO APTI BAUNILHA RF 400G;11;6;12;5;4,92;0;0,75;1;1,52;22,69;22,69;0,83;10;108;24/nov/25
130455;MIST P/BOLO APTI BAUNILHA RF 400G;17;6;12;5;3,67;2;1,83;5,17;4,08;6,29;9,71;2,5;10;108;24/nov/25
130455;MIST P/BOLO APTI BAUNILHA RF 400G;18;6;12;5;4,5;0;0,75;1,83;1,52;20,77;20,77;1,67;10;108;24/nov/25
9001191;MIST P/BOLO APTI CENOURA RF 400G;3;6;12;7;7,75;2;2,67;1,67;4,12;13,16;16,56;3,33;10;108;24/nov/25
9001191;MIST P/BOLO APTI CENOURA RF 400G;6;6;12;5,33;3,83;0;1,42;1,25;2,24;12;12;1,67;10;108;24/nov/25
9001191;MIST P/BOLO APTI CENOURA RF 400G;7;6;12;1,67;0,67;2;1,83;1,5;1,79;2,61;10,43;0,83;10;108;24/nov/25
9001191;MIST P/BOLO APTI CENOURA RF 400G;11;6;12;2;1,83;1;0,75;1,33;1,48;8,68;13,42;0,83;10;108;24/nov/25
9001191;MIST P/BOLO APTI CENOURA RF 400G;17;6;12;1,5;0,67;2;1,58;2,08;1,67;2,79;11,16;1,67;10;108;24/nov/25
9001191;MIST P/BOLO APTI CENOURA RF 400G;18;6;12;4;3,83;2;1,67;1,5;2,47;10,87;16,54;1,67;10;108;24/nov/25
1023327;MIST P/BOLO APTI CHOC C COCO RF 380G;3;6;12;4;4,83;3;2,17;1,08;2,39;14,15;22,93;3,33;10;108;24/nov/25
1023327;MIST P/BOLO APTI CHOC C COCO RF 380G;7;6;12;0,83;0,33;3;0,83;1,33;1,65;1,41;14,12;0,83;10;108;24/nov/25
1023327;MIST P/BOLO APTI CHOC C COCO RF 380G;13;6;12;3;2,83;0;0,33;0,83;1,13;17,59;17,59;0,83;10;108;24/nov/25
1023327;MIST P/BOLO APTI CHOC C COCO RF 380G;17;6;12;3,17;2,67;0;0,42;0,75;1,46;12,8;12,8;3,33;10;108;24/nov/25
1023327;MIST P/BOLO APTI CHOC C COCO RF 380G;18;6;12;3;2,5;2;1,17;0,83;1,85;9,47;17,05;0,83;10;108;24/nov/25
1023328;MIST P/BOLO APTI CHOC C MOR RF 380G;3;6;12;4;4,75;2;1,83;2,67;2,26;14,74;20,95;3,33;10;108;24/nov/25
1023328;MIST P/BOLO APTI CHOC C MOR RF 380G;7;6;12;0,58;0,17;1;1,67;0,17;0,62;1,88;13,13;0,83;10;108;24/nov/25
1023328;MIST P/BOLO APTI CHOC C MOR RF 380G;12;6;12;4;3;0;1,75;2,08;2,47;8,5;8,5;1,67;10;108;24/nov/25
1023328;MIST P/BOLO APTI CHOC C MOR RF 380G;14;6;12;0,5;0,25;1;0,5;0,5;0,6;2,9;14,52;3,33;10;108;24/nov/25
1023328;MIST P/BOLO APTI CHOC C MOR RF 380G;18;6;12;3;1,92;0;0,42;1,58;1,17;11,5;11,5;1,67;10;108;24/nov/25
130479;MIST P/BOLO APTI CHOCOLATE RF 400G;2;6;12;25;22,58;5;10,83;13,25;18,2;8,69;10,61;8,33;10;108;24/nov/25
130479;MIST P/BOLO APTI CHOCOLATE RF 400G;5;6;12;10;7,33;3;7,92;7,58;7,62;6,73;9,49;5;10;108;24/nov/25
130479;MIST P/BOLO APTI CHOCOLATE RF 400G;8;6;12;10;11,83;3;4,08;3,33;4,88;16,97;21,27;4,17;10;108;24/nov/25
130479;MIST P/BOLO APTI CHOCOLATE RF 400G;12;6;12;20,83;15,58;2;7,92;12,25;13,22;8,25;9,31;5;10;108;24/nov/25
130479;MIST P/BOLO APTI CHOCOLATE RF 400G;13;6;12;18,33;14,33;0;3,92;2;7,19;13,95;13,95;5;10;108;24/nov/25
130479;MIST P/BOLO APTI CHOCOLATE RF 400G;14;6;12;9;5,92;3;5,42;4,83;5,46;7,58;11,42;6,67;10;108;24/nov/25
130479;MIST P/BOLO APTI CHOCOLATE RF 400G;18;6;12;25;21,25;5;6,08;10,58;11,67;12,75;15,75;4,17;10;108;24/nov/25
130486;MIST P/BOLO APTI COCO RF 400G;1;6;12;3;2,33;2;1,58;2,58;1,56;10,5;19,5;0;10;108;24/nov/25
130486;MIST P/BOLO APTI COCO RF 400G;2;6;12;4;3;0;0,67;0,92;1,67;12,56;12,56;1,67;10;108;24/nov/25
130486;MIST P/BOLO APTI COCO RF 400G;3;6;12;7,5;8,75;3;2,67;3,08;3,81;16,07;21,58;3,33;10;108;24/nov/25
130486;MIST P/BOLO APTI COCO RF 400G;7;6;12;3;2,58;1;1,42;2,08;2,26;8,02;11,12;1,67;10;108;24/nov/25
130486;MIST P/BOLO APTI COCO RF 400G;11;6;12;3;2,17;0;0,42;0,75;1,28;11,82;11,82;0,83;10;108;24/nov/25
130486;MIST P/BOLO APTI COCO RF 400G;17;6;12;3;1;3;1,75;3,33;2,12;3,3;13,21;1,67;10;108;24/nov/25
130486;MIST P/BOLO APTI COCO RF 400G;18;6;12;2;1,58;2;1,42;1,08;1,91;5,82;13,16;1,67;10;108;24/nov/25
1008686;MIST P/BOLO APTI FLORESTA NEGRA RF 400G;2;6;12;5;4,25;0;0,67;0,83;1,73;17,19;17,19;1,67;10;108;24/nov/25
1008686;MIST P/BOLO APTI FLORESTA NEGRA RF 400G;3;6;12;8;9,08;2;1,58;1;3,17;20,06;24,48;3,33;10;108;24/nov/25
1008686;MIST P/BOLO APTI FLORESTA NEGRA RF 400G;6;6;12;4;2,92;2;1,42;1,5;2,64;7,72;13,01;1,67;10;108;24/nov/25
1008686;MIST P/BOLO APTI FLORESTA NEGRA RF 400G;7;6;12;3;2,83;2;1,42;2,42;2,96;6,71;11,45;0,83;10;108;24/nov/25
1008686;MIST P/BOLO APTI FLORESTA NEGRA RF 400G;8;6;12;3;2,58;0;0,67;1;0,7;25,83;25,83;0,83;10;108;24/nov/25
1008686;MIST P/BOLO APTI FLORESTA NEGRA RF 400G;11;6;12;4;3;2;1,58;1,58;1,79;11,74;19,57;0,83;10;108;24/nov/25
1008686;MIST P/BOLO APTI FLORESTA NEGRA RF 400G;17;6;12;3;2;2;1,58;2,83;2,1;6,67;13,33;1,67;10;108;24/nov/25
1008686;MIST P/BOLO APTI FLORESTA NEGRA RF 400G;18;6;12;4;2,75;2;1,92;0,33;1,98;9,71;16,76;1,67;10;108;24/nov/25
130462;MIST P/BOLO APTI LARANJA RF 400G;2;6;12;9;7,25;4;3,33;5,08;7,08;7,17;11,13;2,5;10;108;24/nov/25
130462;MIST P/BOLO APTI LARANJA RF 400G;3;6;12;13;13,67;5;4,67;5,92;8,56;11,18;15,27;5;10;108;24/nov/25
130462;MIST P/BOLO APTI LARANJA RF 400G;4;6;12;4;3,67;1;2,33;1,42;2,59;9,92;12,63;1,67;10;108;24/nov/25
130462;MIST P/BOLO APTI LARANJA RF 400G;5;6;12;5;4,25;0;2;2,58;3,17;9,39;9,39;0,83;10;108;24/nov/25
130462;MIST P/BOLO APTI LARANJA RF 400G;6;6;12;9;5,42;5;4,25;5,67;6,28;6,04;11,61;2,5;10;108;24/nov/25
130462;MIST P/BOLO APTI LARANJA RF 400G;7;6;12;7;3,42;5;4,42;3,75;4,82;4,96;12,22;1,67;10;108;24/nov/25
130462;MIST P/BOLO APTI LARANJA RF 400G;8;6;12;7;8;3;1,67;2,25;2,39;23,41;32,2;1,67;10;108;24/nov/25
130462;MIST P/BOLO APTI LARANJA RF 400G;11;6;12;8;6,75;2;2,33;4,83;4,84;9,76;12,65;0,83;10;108;24/nov/25
130462;MIST P/BOLO APTI LARANJA RF 400G;12;6;12;8;5,33;4;3;4,08;4,94;7,56;13,23;2,5;10;108;24/nov/25
130462;MIST P/BOLO APTI LARANJA RF 400G;13;6;12;8;7,83;0;1,33;2,33;2,98;18,43;18,43;0,83;10;108;24/nov/25
130462;MIST P/BOLO APTI LARANJA RF 400G;17;6;12;8;7,5;0;1,42;3,75;3,27;16,07;16,07;2,5;10;108;24/nov/25
130462;MIST P/BOLO APTI LARANJA RF 400G;18;6;12;8;3,58;5;3;3,33;4,26;5,89;14,11;2,5;10;108;24/nov/25
1011357;MIST P/BOLO APTI LIMAO RF 400G;2;6;12;1;0,75;1;0,83;0,58;0,68;7,71;18;0,83;10;108;24/nov/25
1011357;MIST P/BOLO APTI LIMAO RF 400G;3;6;12;3,58;4,33;1;1,42;1,58;1,87;16,25;20;3,33;10;108;24/nov/25
1011357;MIST P/BOLO APTI LIMAO RF 400G;11;6;12;0,83;0,75;1;0,58;0,42;0,53;10;23,33;0,83;10;108;24/nov/25
1011357;MIST P/BOLO APTI LIMAO RF 400G;17;6;12;3;0,42;1;2,42;2,5;1,98;1,47;5;1,67;10;108;24/nov/25
1011356;MIST P/BOLO APTI MILHO RF 400G;2;6;12;2;1,33;2;1,33;0,83;1,61;5,78;14,46;1,67;10;108;24/nov/25
1011356;MIST P/BOLO APTI MILHO RF 400G;3;6;12;5;5,83;3;3,42;2,75;3,66;11,17;16,91;3,33;10;108;24/nov/25
1011356;MIST P/BOLO APTI MILHO RF 400G;5;6;12;0,5;0,17;1;1;0,25;0,88;1,33;9,33;0,83;10;108;24/nov/25
1011356;MIST P/BOLO APTI MILHO RF 400G;6;6;12;2,83;1,67;2;1,33;0,92;1,21;9,68;21,29;1,67;10;108;24/nov/25
1011356;MIST P/BOLO APTI MILHO RF 400G;11;6;12;0,83;0,58;1;1;0,33;0,76;5,38;14,62;0,83;10;108;24/nov/25
1011356;MIST P/BOLO APTI MILHO RF 400G;17;6;12;2,08;1,92;0;0,33;0,25;0,45;30;30;1,67;10;108;24/nov/25
1008825;MIST P/BOLO APTI QUATRO LEITES RF 400G;1;6;12;4;3,08;2;1,75;1,83;1,56;13,88;22,88;0;10;108;24/nov/25
1008825;MIST P/BOLO APTI QUATRO LEITES RF 400G;3;6;12;8;7;3;2,67;3,17;3,48;14,08;20,11;3,33;10;108;24/nov/25
1008825;MIST P/BOLO APTI QUATRO LEITES RF 400G;5;6;12;1;0,67;1;1,08;0,75;1,01;4,62;11,54;0,83;10;108;24/nov/25
1008825;MIST P/BOLO APTI QUATRO LEITES RF 400G;12;6;12;6;3,58;3;1,75;3,25;3,25;7,72;14,19;1,67;10;108;24/nov/25
1008825;MIST P/BOLO APTI QUATRO LEITES RF 400G;13;6;12;4;2,92;2;1,5;2,5;2,53;8,08;13,62;0,83;10;108;24/nov/25
1008825;MIST P/BOLO APTI QUATRO LEITES RF 400G;17;6;12;3;1,83;2;2,08;2,58;2,29;5,59;11,69;1,67;10;108;24/nov/25
1008825;MIST P/BOLO APTI QUATRO LEITES RF 400G;18;6;12;4;3,42;1;1;2,33;2,2;10,88;14,07;0,83;10;108;24/nov/25
1013054;MIST P/BOLO FLEISCHMANN CHOCOLATE 390G;13;6;20;1;0,75;0;0,1;0,15;0,06;90;90;0,5;10;108;24/nov/25
1013932;MIST P/BOLO FLEISCHMANN LARANJA 390G;5;6;20;1;0,95;0;0,05;0;0,01;570;570;0;10;108;24/nov/25
1013932;MIST P/BOLO FLEISCHMANN LARANJA 390G;7;6;20;0,5;0,4;0;0,05;0,15;0,13;21,82;21,82;1,5;10;108;24/nov/25
1013932;MIST P/BOLO FLEISCHMANN LARANJA 390G;13;6;20;2;1,65;0;0,2;0,15;0,08;141,43;141,43;1;10;108;24/nov/25
1016730;MIST P/BOLO NORDESTE AIPIM RF 400G;12;6;12;2;1,83;0;0,17;0;0,04;330;330;0,67;10;108;24/nov/25
1016729;MIST P/BOLO NORDESTE CENOURA RF 400G;8;6;12;1,75;1,67;0;0,08;0;0,04;300;300;0,67;10;108;24/nov/25
1016729;MIST P/BOLO NORDESTE CENOURA RF 400G;13;6;12;2;1,08;0;0,33;1,58;0,82;9,29;9,29;0,67;10;108;24/nov/25
1016729;MIST P/BOLO NORDESTE CENOURA RF 400G;17;6;12;2;1,92;0;0,42;0,25;0,27;49,29;49,29;0,67;10;108;24/nov/25
9984400;MIST P/BOLO NORDESTE CHOC RF 400G;3;6;12;8;8,83;1;1,58;2,25;1,81;34,19;38,06;5,33;10;108;24/nov/25
9984400;MIST P/BOLO NORDESTE CHOC RF 400G;7;6;12;1,67;1,33;0;0,67;0,08;0,45;20,87;20,87;1,33;10;108;24/nov/25
9984400;MIST P/BOLO NORDESTE CHOC RF 400G;12;6;12;8,67;8,42;0;0,25;0,75;0,37;159,47;159,47;1,33;10;108;24/nov/25
9984431;MIST P/BOLO NORDESTE LARANJA RF 400G;17;6;12;4;3,75;0;0,25;0,58;0,45;58,7;58,7;0,67;10;108;24/nov/25
1019500;MIST P/BOLO ORQUIDEA BAUNILHA 350G;4;6;12;1;0,83;0;0,25;0,25;0,31;18,75;18,75;0,83;10;108;24/nov/25
1019500;MIST P/BOLO ORQUIDEA BAUNILHA 350G;18;6;12;1;0,83;1;0,08;0,08;0,14;42,86;94,29;0,83;10;108;24/nov/25
1019890;MIST P/BOLO ORQUIDEA CENOURA 350G;3;6;12;1;1,67;1;0,33;0,75;0,45;26,09;41,74;2,5;10;108;24/nov/25
1019890;MIST P/BOLO ORQUIDEA CENOURA 350G;17;6;12;2;1,5;0;0,42;0,75;0,6;17,42;17,42;1,67;10;108;24/nov/25
1003982;MIST P/BOLO ORQUIDEA CHOCOLATE 350G;2;6;12;3;2,5;0;0,75;1;0,64;27,27;27,27;5;10;108;24/nov/25
1003982;MIST P/BOLO ORQUIDEA CHOCOLATE 350G;7;6;12;3;2,92;0;0,5;1,42;1,3;15,67;15,67;3,33;10;108;24/nov/25
1003982;MIST P/BOLO ORQUIDEA CHOCOLATE 350G;8;6;12;2,17;1,5;0;0,17;0,25;0,14;77,14;77,14;2,5;10;108;24/nov/25
1003982;MIST P/BOLO ORQUIDEA CHOCOLATE 350G;12;6;12;1,75;1,58;0;1,08;0,42;0,76;14,62;14,62;3,33;10;108;24/nov/25
1019216;MIST P/BOLO ORQUIDEA COCO 350G;14;6;12;0,5;0,42;1;0,08;0,08;0,21;13,64;46,36;0,83;10;108;24/nov/25
1019216;MIST P/BOLO ORQUIDEA COCO 350G;17;6;12;4;3,33;0;0,5;1,08;0,78;30;30;1,67;10;108;24/nov/25
1019217;MIST P/BOLO ORQUIDEA LARANJA 350G;3;6;12;2;2,5;1;0,5;1;0,89;19,57;27,39;5;10;108;24/nov/25
1019217;MIST P/BOLO ORQUIDEA LARANJA 350G;5;6;12;0,5;0,42;0;0,17;0,25;0,23;12,5;12,5;1,67;10;108;24/nov/25
1019405;MIST P/BOLO ORQUIDEA LIMAO 350G;4;6;12;1;0,83;0;0,17;0,08;0,12;50;50;0,83;10;108;24/nov/25
54518;MIST P/SAGU APTI UVA 250G;6;6;12;0,67;0,58;0;0,08;0,08;0,06;70;70;2,17;10;108;24/nov/25
54518;MIST P/SAGU APTI UVA 250G;12;6;12;1;0,5;1;0,67;0,33;0,29;12;36;2,17;10;108;24/nov/25
114326;PO P/FLAN NEILAR BAUNILHA 40G;11;6;24;1,5;1,42;0;0,08;0,71;0,38;26,15;26,15;6,25;10;108;24/nov/25
114326;PO P/FLAN NEILAR BAUNILHA 40G;13;6;24;1,5;0,71;2;0,88;0,79;0,83;6;22,94;6,25;10;108;24/nov/25
114326;PO P/FLAN NEILAR BAUNILHA 40G;17;6;24;1,5;1;1;0,38;0,63;0,71;9,86;19,73;12,5;10;108;24/nov/25
114330;PO P/FLAN NEILAR CHOCOLATE 40G;2;6;24;1;0,42;2;0,96;0,71;0,62;4,69;27,19;6,25;10;108;24/nov/25
114330;PO P/FLAN NEILAR CHOCOLATE 40G;3;6;24;4;4,5;1;0,79;1,17;0,83;38,12;46,59;6,25;10;108;24/nov/25
114330;PO P/FLAN NEILAR CHOCOLATE 40G;12;6;24;2;1,54;0;0,33;0,17;0,31;34,69;34,69;6,25;10;108;24/nov/25
114330;PO P/FLAN NEILAR CHOCOLATE 40G;17;6;24;2;1,79;0;0,25;1,33;0,82;15,36;15,36;12,5;10;108;24/nov/25
114315;PO P/FLAN NEILAR COCO 40G;7;6;24;0,5;0,38;0;0,29;0,17;0,15;18;18;4,17;10;108;24/nov/25
114315;PO P/FLAN NEILAR COCO 40G;13;6;24;1,5;1,13;0;0,58;0,29;0,38;20,77;20,77;4,17;10;108;24/nov/25
114315;PO P/FLAN NEILAR COCO 40G;17;6;24;1,5;1,04;0;0,42;1,21;0,62;11,72;11,72;8,33;10;108;24/nov/25
114315;PO P/FLAN NEILAR COCO 40G;18;6;24;3;2,88;0;0;0,13;0,17;121,76;121,76;4,17;10;108;24/nov/25
114317;PO P/PUDIM NEILAR COCO 30G;7;6;48;0,5;0,46;0;0,06;0,13;0,05;60;60;1,04;10;108;24/nov/25
114317;PO P/PUDIM NEILAR COCO 30G;13;6;48;1;0,75;0;0,25;0,02;0,14;38,57;38,57;1,04;10;108;24/nov/25
114317;PO P/PUDIM NEILAR COCO 30G;17;6;48;1;0,71;0;0,29;0,52;0,36;13,78;13,78;2,08;10;108;24/nov/25
152709;PO P/SORVETE APTI CREME 120G;18;6;12;1;0,83;1;0,25;0,67;0,45;13,04;28,7;4,17;10;108;24/nov/25
165433;SAGU CORSETTI 400G;2;6;12;2,75;1,92;0;0,25;1,33;0,51;26,54;26,54;9,92;10;108;24/nov/25
165433;SAGU CORSETTI 400G;3;6;12;4,08;4,67;1;0,75;0,58;0,53;62,22;75,56;7,08;10;108;24/nov/25
165433;SAGU CORSETTI 400G;4;6;12;2;0,67;2;0,75;0,67;0,45;10,43;41,74;1,42;10;108;24/nov/25
165433;SAGU CORSETTI 400G;8;6;12;1;0,92;0;0,83;0,33;0,39;16,5;16,5;1,42;10;108;24/nov/25
1023952;SAGU PINDUCA 400G;2;6;12;1,5;0,58;2;0,58;0,08;0,8;5,12;22,68;3;10;108;24/nov/25
1023952;SAGU PINDUCA 400G;3;6;12;3;-0,58;4;0,67;1,67;1,26;-3,23;18,92;3;10;108;24/nov/25
1023952;SAGU PINDUCA 400G;4;6;12;1;0;2;0,33;0,17;0,23;0;60;1;10;108;24/nov/25
1023952;SAGU PINDUCA 400G;5;6;12;1;0;2;0,58;0,33;0,49;0;28,8;1;10;108;24/nov/25
1023952;SAGU PINDUCA 400G;7;6;12;1;0,58;1;0,5;0,42;0,29;14;38;1;10;108;24/nov/25
1023952;SAGU PINDUCA 400G;11;6;12;1;0;2;0;0,33;0,23;0;60;3;10;108;24/nov/25
1023952;SAGU PINDUCA 400G;12;6;12;1,5;0,75;2;0,92;1,58;1,46;3,6;13,2;3;10;108;24/nov/25
1023952;SAGU PINDUCA 400G;13;6;12;1;0,17;2;0,5;0,42;0,43;2,73;35,45;1;10;108;24/nov/25
1023952;SAGU PINDUCA 400G;14;6;12;1;0,5;1;0,67;0,58;0,43;8,18;24,55;1;10;108;24/nov/25
1023952;SAGU PINDUCA 400G;17;6;12;1;0,25;2;0,17;1,08;0,64;2,73;24,55;3;10;108;24/nov/25
1023952;SAGU PINDUCA 400G;18;6;12;1,5;0,5;2;0,25;0,67;0,35;10;50;3;10;108;24/nov/25
1008074;CREME NUTELLA FERRERO AVELA C/CACAU 350G;3;6;12;5,58;6,42;1;0,67;2,08;0,99;45,29;52,35;7;10;110;24/nov/25
1008074;CREME NUTELLA FERRERO AVELA C/CACAU 350G;13;6;12;6;4,83;0;0,17;1,5;0,74;45,79;45,79;3,5;10;110;24/nov/25
1008074;CREME NUTELLA FERRERO AVELA C/CACAU 350G;14;6;12;4;2,92;2;1,42;1,33;0,97;21;35,4;7;10;110;24/nov/25
1008074;CREME NUTELLA FERRERO AVELA C/CACAU 350G;14;6;12;4;2,92;2;1,42;1,33;0,97;21;35,4;7;10;110;24/nov/25
1008074;CREME NUTELLA FERRERO AVELA C/CACAU 350G;18;6;12;1,08;1;1;0,5;0,5;0,23;30;60;3,5;10;110;24/nov/25
1019064;DOCE DIFRUTTI GOIABA 400G;3;6;12;2;0;1;0;0;0,23;0;30;1,67;10;110;24/nov/25
1019064;DOCE DIFRUTTI GOIABA 400G;7;6;12;1;0,25;1;0,25;0,25;0,18;10;50;0,83;10;110;24/nov/25
1019064;DOCE DIFRUTTI GOIABA 400G;11;6;12;0,83;0,5;1;0,08;0,17;0,25;13,85;41,54;1,67;10;110;24/nov/25
1019064;DOCE DIFRUTTI GOIABA 400G;13;6;12;1,5;0,75;1;0,08;0,08;0,08;67,5;157,5;1,67;10;110;24/nov/25
1019064;DOCE DIFRUTTI GOIABA 400G;18;6;12;3;2,25;0;0,25;0,25;0,23;67,5;67,5;1,67;10;110;24/nov/25
1019069;DOCE DIFRUTTI MORANGO 1,010KG;1;6;6;1;0,17;1;0;0,5;0,19;6;42;0;10;110;24/nov/25
1019069;DOCE DIFRUTTI MORANGO 1,010KG;3;6;6;6;2;1;0;0;0,04;360;540;1,33;10;110;24/nov/25
1019069;DOCE DIFRUTTI MORANGO 1,010KG;6;6;6;0,67;-0,33;1;0;0,33;0,08;-30;60;1,33;10;110;24/nov/25
1019069;DOCE DIFRUTTI MORANGO 1,010KG;13;6;6;1,33;0,17;1;0;0,17;0,19;6;42;1,33;10;110;24/nov/25
1019069;DOCE DIFRUTTI MORANGO 1,010KG;14;6;6;0,5;0,17;1;0;0,5;0,35;3,33;23,33;1,33;10;110;24/nov/25
1019066;DOCE DIFRUTTI MORANGO 400G;5;6;12;0,5;0,33;1;0,25;0,25;0,23;10;40;0,83;10;110;24/nov/25
1019066;DOCE DIFRUTTI MORANGO 400G;7;6;12;0,58;0,33;1;0;0,08;0,1;24;96;0,83;10;110;24/nov/25
1019066;DOCE DIFRUTTI MORANGO 400G;11;6;12;1;0,33;1;0,42;0,25;0,18;13,33;53,33;0,83;10;110;24/nov/25
1019066;DOCE DIFRUTTI MORANGO 400G;17;6;12;1,17;0,75;0;0,42;0,08;0,39;13,5;13,5;0,83;10;110;24/nov/25
1019072;DOCE DIFRUTTI PESSEGO 1,010KG;1;6;6;1;0,33;1;0,33;0,17;0,19;12;48;0;10;110;24/nov/25
1019072;DOCE DIFRUTTI PESSEGO 1,010KG;3;6;6;6;5,17;1;0;0,33;0,23;155;185;1,33;10;110;24/nov/25
1019072;DOCE DIFRUTTI PESSEGO 1,010KG;6;6;6;0,67;0,5;1;0,33;0,33;0,16;22,5;67,5;1,33;10;110;24/nov/25
1019072;DOCE DIFRUTTI PESSEGO 1,010KG;7;6;6;0,5;0,33;1;0,17;0;0,19;12;48;1,33;10;110;24/nov/25
1019072;DOCE DIFRUTTI PESSEGO 1,010KG;8;6;6;1,33;1,17;0;0;0,17;0,04;210;210;1,33;10;110;24/nov/25
1019072;DOCE DIFRUTTI PESSEGO 1,010KG;13;6;6;1,33;0;1;0;0;0,23;0;30;1,33;10;110;24/nov/25
1019074;DOCE DIFRUTTI UVA 1,010KG;4;6;6;2;0,17;3;0;0;0,04;30;570;0,67;10;110;24/nov/25
1019074;DOCE DIFRUTTI UVA 1,010KG;5;6;6;1;0,83;0;0,17;0,33;0,23;25;25;1,33;10;110;24/nov/25
1019074;DOCE DIFRUTTI UVA 1,010KG;6;6;6;0,67;0;2;0;0,17;0,23;0;60;1,33;10;110;24/nov/25
1019074;DOCE DIFRUTTI UVA 1,010KG;7;6;6;1;0;2;0;0;0,16;0;90;1,33;10;110;24/nov/25
1019074;DOCE DIFRUTTI UVA 1,010KG;8;6;6;1;0,17;2;0,67;0;0,27;4,29;55,71;1,33;10;110;24/nov/25
1019074;DOCE DIFRUTTI UVA 1,010KG;11;6;6;0,83;0,17;2;0;0;0,16;7,5;97,5;1,33;10;110;24/nov/25
1019074;DOCE DIFRUTTI UVA 1,010KG;12;6;6;2;0;3;0,33;0,17;0,23;0;90;1,33;10;110;24/nov/25
1019074;DOCE DIFRUTTI UVA 1,010KG;14;6;6;0,5;0,33;1;0,17;0;0,16;15;60;1,33;10;110;24/nov/25
1019074;DOCE DIFRUTTI UVA 1,010KG;18;6;6;4;2,67;0;0;0,5;0,23;80;80;1,33;10;110;24/nov/25
1019061;DOCE DOCITO PT CREMOSO C/LEITE 990G;1;6;6;1;-0,33;1;0,83;0,33;0,35;-6,67;13,33;0;10;110;24/nov/25
1019061;DOCE DOCITO PT CREMOSO C/LEITE 990G;2;6;6;2;0;1;1;0,83;0,93;0;7,5;2,67;10;110;24/nov/25
1019061;DOCE DOCITO PT CREMOSO C/LEITE 990G;3;6;6;8;2,5;1;1,33;2,33;1,83;9,57;13,4;2,67;10;110;24/nov/25
1019061;DOCE DOCITO PT CREMOSO C/LEITE 990G;4;6;6;1;0;1;0;1;0,23;0;30;0,67;10;110;24/nov/25
1019061;DOCE DOCITO PT CREMOSO C/LEITE 990G;5;6;6;1;0;1;0;0;0,23;0;30;3,33;10;110;24/nov/25
1019061;DOCE DOCITO PT CREMOSO C/LEITE 990G;7;6;6;0,5;0;1;0;0,17;0,23;0;30;0,67;10;110;24/nov/25
1019061;DOCE DOCITO PT CREMOSO C/LEITE 990G;11;6;6;4;0;1;0;2,17;1,17;0;6;2,67;10;110;24/nov/25
1019061;DOCE DOCITO PT CREMOSO C/LEITE 990G;12;6;6;6;0,5;1;1,67;3;1,48;2,37;7,11;2,67;10;110;24/nov/25
1019061;DOCE DOCITO PT CREMOSO C/LEITE 990G;13;6;6;4;0;1;0;0;0,23;0;30;4,67;10;110;24/nov/25
1019061;DOCE DOCITO PT CREMOSO C/LEITE 990G;14;6;6;0,5;0,33;1;0,83;0,33;0,39;6;24;4,67;10;110;24/nov/25
1019061;DOCE DOCITO PT CREMOSO C/LEITE 990G;17;6;6;4;0;1;1,67;2,67;1,87;0;3,75;2,67;10;110;24/nov/25
1017942;DOCE LEITE PT DOCITO 400G;11;6;12;4;2,42;3;2,33;3,25;2,92;5,8;13;5,83;10;110;24/nov/25
1017942;DOCE LEITE PT DOCITO 400G;12;6;12;3;2,08;2;1,42;3,83;2,12;6,88;13,49;5,83;10;110;24/nov/25
1017942;DOCE LEITE PT DOCITO 400G;13;6;12;4;2,5;0;1,08;2,33;1,11;15,79;15,79;5;10;110;24/nov/25
1017942;DOCE LEITE PT DOCITO 400G;14;6;12;0,5;0,33;1;0,33;0,42;0,27;8,57;34,29;6,67;10;110;24/nov/25
1017942;DOCE LEITE PT DOCITO 400G;18;6;12;1,08;0,33;2;1;1,08;0,91;2,55;17,87;5,83;10;110;24/nov/25
1014148;DOCE LEITE PT MU-MU 350G;2;6;12;18,33;18,08;0;3,33;4,17;5,89;21,49;21,49;15;10;110;24/nov/25
1014148;DOCE LEITE PT MU-MU 350G;13;6;12;12;10;0;4,67;4,42;5,81;12,04;12,04;15;10;110;24/nov/25
1014147;DOCE LEITE PT MU-MU CHOCOLATE 350G;4;6;12;0,67;0,58;0;0,08;0;0,31;13,13;13,13;1,67;10;110;24/nov/25
1014147;DOCE LEITE PT MU-MU CHOCOLATE 350G;6;6;12;1,5;0,75;2;0,33;0,67;0,6;8,71;31,94;2,5;10;110;24/nov/25
1014147;DOCE LEITE PT MU-MU CHOCOLATE 350G;11;6;12;2;1,75;0;0,83;1,25;0,95;12,86;12,86;5;10;110;24/nov/25
1014147;DOCE LEITE PT MU-MU CHOCOLATE 350G;12;6;12;2;1,42;2;1,67;2,58;1,83;5,43;13,09;2,5;10;110;24/nov/25
1014147;DOCE LEITE PT MU-MU CHOCOLATE 350G;13;6;12;2;1,92;0;0,25;0,25;0,33;40,59;40,59;5;10;110;24/nov/25
1014147;DOCE LEITE PT MU-MU CHOCOLATE 350G;14;6;12;1;0,92;1;0,08;0,08;0,27;23,57;49,29;5;10;110;24/nov/25
1009083;DOCE LEITE PT PETRY 400G;17;6;12;1;0,17;2;0,42;0,25;0,31;3,75;48,75;3,33;10;110;24/nov/25
1009084;DOCE LEITE PT PETRY CREMOSO 1KG;1;6;6;1;0,67;1;0,5;0;0,16;30;75;0;10;110;24/nov/25
1009084;DOCE LEITE PT PETRY CREMOSO 1KG;8;6;6;2;3,17;2;0,33;0,67;0,51;43,85;71,54;0;10;110;24/nov/25
1009084;DOCE LEITE PT PETRY CREMOSO 1KG;11;6;6;2;1;2;0;0;0,39;18;54;1,33;10;110;24/nov/25
1009084;DOCE LEITE PT PETRY CREMOSO 1KG;14;6;6;1;1,83;1;0;0,33;0,23;55;85;0;10;110;24/nov/25
1009084;DOCE LEITE PT PETRY CREMOSO 1KG;17;6;6;2;0;3;0;0;0,31;0;67,5;1,33;10;110;24/nov/25
29285;DOCE LEITE PT SANTA CLARA 400G;13;6;6;1;0,5;1;0;0;0,58;6;18;3,33;10;110;24/nov/25
29285;DOCE LEITE PT SANTA CLARA 400G;14;6;6;1;0,33;2;0,17;0,83;0,27;8,57;60;3,33;10;110;24/nov/25
29285;DOCE LEITE PT SANTA CLARA 400G;17;6;6;1;0;2;0,33;0,17;0,39;0;36;3,33;10;110;24/nov/25
1008924;DOCE LEITE PT SANTA CLARA ZERO LACT 400G;17;6;6;1;0,33;2;0;0,17;0,08;30;210;0;10;110;24/nov/25
1009068;DOCE PETRY ABOB/COCO LIGHT 400G;13;6;6;2;1;2;0,17;0,17;0,12;60;180;0,83;10;110;24/nov/25
1009068;DOCE PETRY ABOB/COCO LIGHT 400G;17;6;6;1;0,83;1;0,33;0,17;0,19;30;66;0;10;110;24/nov/25
1009189;DOCE PETRY ABOBORA/COCO 400G;13;6;12;1;0,58;1;0;0,08;0,1;42;114;0;10;110;24/nov/25
1009184;DOCE PETRY BANANA 400G;12;6;12;1;0,92;0;0,17;0;0,08;82,5;82,5;1,67;10;110;24/nov/25
1011578;DOCE PETRY COLONIAL CANA 400G;13;6;12;1;0,5;1;0,08;0,08;0,06;60;180;0,83;10;110;24/nov/25
1009186;DOCE PETRY GOIABA 400G;2;1;12;1;0,67;0;0,08;0,17;0,21;21,82;21,82;0,83;10;110;24/nov/25
1009186;DOCE PETRY GOIABA 400G;14;1;12;0,5;1;0;0;0;0,25;27,69;27,69;1,67;10;110;24/nov/25
1009069;DOCE PETRY LIGHT MORANGO 400G;4;6;6;1;0,83;0;0,17;0;0,12;50;50;1,67;10;110;24/nov/25
1009065;DOCE PETRY LIGHT UVA  400G;4;6;6;1;0,83;0;0,17;0;0,12;50;50;1,67;10;110;24/nov/25
1009065;DOCE PETRY LIGHT UVA  400G;13;6;6;1;0,67;1;0;0;0,04;120;300;0,83;10;110;24/nov/25
1009065;DOCE PETRY LIGHT UVA  400G;17;6;6;1;0,83;0;0;0;0,04;150;150;0;10;110;24/nov/25
1009182;DOCE PETRY MORANGO 400G;13;6;12;0,83;0,58;0;0,08;0,17;0,1;42;42;0;10;110;24/nov/25
1009188;DOCE PETRY PESSEGO 400G;12;6;12;1;0,67;0;0,33;0,17;0,21;21,82;21,82;0,83;10;110;24/nov/25
1009188;DOCE PETRY PESSEGO 400G;14;6;12;0,5;1,08;0;0,08;0,17;0,06;130;130;1,67;10;110;24/nov/25
1009188;DOCE PETRY PESSEGO 400G;17;6;12;1;0,83;0;0;0;0,04;150;150;0;10;110;24/nov/25
1009185;DOCE PETRY UVA 400G;11;6;12;1;0,83;0;0,08;0,33;0,29;20;20;1,67;10;110;24/nov/25
1010757;DOCE SANTA CLARA ABACAXI 400G;2;6;6;1;0,33;2;0,17;0,33;0,23;10;70;3,33;10;110;24/nov/25
1010757;DOCE SANTA CLARA ABACAXI 400G;6;6;6;1;0,5;1;0;0,17;0,04;90;270;1,67;10;110;24/nov/25
1010757;DOCE SANTA CLARA ABACAXI 400G;12;6;6;1;0;2;0;0,5;0,27;0;51,43;1,67;10;110;24/nov/25
1010757;DOCE SANTA CLARA ABACAXI 400G;17;6;6;1;0;2;0,17;0,17;0,39;0;36;1,67;10;110;24/nov/25
1010757;DOCE SANTA CLARA ABACAXI 400G;18;6;6;1;0,5;1;0;0;0;;;3,33;10;110;24/nov/25
75060;DOCE SANTA CLARA ABOBORA/COCO 400G;2;6;6;1,5;0;2;0;0,33;0,47;0;30;3,33;10;110;24/nov/25
75060;DOCE SANTA CLARA ABOBORA/COCO 400G;3;6;6;2;3;3;0,33;0,33;0,39;54;108;3,33;10;110;24/nov/25
75060;DOCE SANTA CLARA ABOBORA/COCO 400G;4;6;6;2;0,67;2;0,5;0,33;0,47;10;40;1,67;10;110;24/nov/25
75060;DOCE SANTA CLARA ABOBORA/COCO 400G;7;6;6;1;-0,17;2;0,17;0,33;0,31;-3,75;41,25;1,67;10;110;24/nov/25
75060;DOCE SANTA CLARA ABOBORA/COCO 400G;8;6;6;1;2,33;2;0,17;0,17;0,16;105;195;3,33;10;110;24/nov/25
75060;DOCE SANTA CLARA ABOBORA/COCO 400G;11;6;6;1;0;2;0;0;0,23;0;60;0,83;10;110;24/nov/25
75060;DOCE SANTA CLARA ABOBORA/COCO 400G;12;6;6;1;0;2;0;0,17;0,39;0;36;3,33;10;110;24/nov/25
75060;DOCE SANTA CLARA ABOBORA/COCO 400G;13;6;6;1;0,17;2;0;0,17;0,27;4,29;55,71;0,83;10;110;24/nov/25
75060;DOCE SANTA CLARA ABOBORA/COCO 400G;14;6;6;1;0,33;0;0;0;0,19;12;12;3,33;10;110;24/nov/25
75060;DOCE SANTA CLARA ABOBORA/COCO 400G;17;6;6;1;0;2;0;0,17;0,16;0;90;3,33;10;110;24/nov/25
75060;DOCE SANTA CLARA ABOBORA/COCO 400G;18;6;6;1;0,83;1;0;0;0,12;50;110;3,33;10;110;24/nov/25
75091;DOCE SANTA CLARA FIGO 400GR;2;6;6;1;0,67;1;0,33;0,17;0,39;12;30;3,33;10;110;24/nov/25
75091;DOCE SANTA CLARA FIGO 400GR;3;6;6;2;3;3;0,33;0,5;0,58;36;72;3,33;10;110;24/nov/25
75091;DOCE SANTA CLARA FIGO 400GR;6;6;6;1;0,83;0;0;0;0,16;37,5;37,5;3,33;10;110;24/nov/25
75091;DOCE SANTA CLARA FIGO 400GR;14;6;6;1;0,17;2;0,17;0,33;0,39;3;39;3,33;10;110;24/nov/25
75091;DOCE SANTA CLARA FIGO 400GR;17;6;6;1;0;2;0,67;0,33;0,23;0;60;3,33;10;110;24/nov/25
75084;DOCE SANTA CLARA GOIABA 400G;3;6;6;2;3;3;0,83;1,17;0,7;30;60;3,33;10;110;24/nov/25
75084;DOCE SANTA CLARA GOIABA 400G;6;6;6;0,83;0,67;0;0,17;0;0,23;20;20;3,33;10;110;24/nov/25
75084;DOCE SANTA CLARA GOIABA 400G;8;6;6;1;2;2;0;0;0;;;3,33;10;110;24/nov/25
75084;DOCE SANTA CLARA GOIABA 400G;11;6;6;1;0,83;0;0,17;0;0,12;50;50;0,83;10;110;24/nov/25
75084;DOCE SANTA CLARA GOIABA 400G;14;6;6;1;0;2;0;0,17;0,27;0;51,43;3,33;10;110;24/nov/25
75084;DOCE SANTA CLARA GOIABA 400G;17;6;6;2;1,17;2;1,33;1;0,66;12,35;33,53;3,33;10;110;24/nov/25
1008925;DOCE SANTA CLARA MORANGO 400G;3;6;6;2;3,33;3;0,67;0,17;0,58;40;76;3,33;10;110;24/nov/25
1008925;DOCE SANTA CLARA MORANGO 400G;4;6;6;1;0,83;0;0;0;0,12;50;50;1,67;10;110;24/nov/25
1008925;DOCE SANTA CLARA MORANGO 400G;12;6;6;1;0,67;1;0,17;0;0,19;24;60;3,33;10;110;24/nov/25
1008925;DOCE SANTA CLARA MORANGO 400G;14;6;6;1;0;2;0;0;0,04;0;360;3,33;10;110;24/nov/25
1008925;DOCE SANTA CLARA MORANGO 400G;17;6;6;1;0;2;0,5;0,33;0,23;0;60;0;10;110;24/nov/25
75077;DOCE SANTA CLARA UVA  400G;2;6;6;2;0,67;2;0,83;0,33;0,62;7,5;30;3,33;10;110;24/nov/25
75077;DOCE SANTA CLARA UVA  400G;3;6;6;3;3,83;1;1,17;0;0,27;98,57;124,29;3,33;10;110;24/nov/25
75077;DOCE SANTA CLARA UVA  400G;4;6;6;2;1;2;0,17;0,17;0,47;15;45;1,67;10;110;24/nov/25
75077;DOCE SANTA CLARA UVA  400G;6;6;6;1;0,67;1;0;0,33;0,31;15;37,5;3,33;10;110;24/nov/25
75077;DOCE SANTA CLARA UVA  400G;7;6;6;1;0,17;2;0;0,33;0,23;5;65;1,67;10;110;24/nov/25
75077;DOCE SANTA CLARA UVA  400G;8;6;6;1;2;2;0,33;0;0,08;180;360;3,33;10;110;24/nov/25
75077;DOCE SANTA CLARA UVA  400G;11;6;6;2;1,67;0;0,17;0,67;0,31;37,5;37,5;0,83;10;110;24/nov/25
75077;DOCE SANTA CLARA UVA  400G;12;6;6;2;1,17;0;0,5;0,33;0,39;21;21;3,33;10;110;24/nov/25
75077;DOCE SANTA CLARA UVA  400G;14;6;6;2;0;3;0;0;0,12;0;180;5;10;110;24/nov/25
75077;DOCE SANTA CLARA UVA  400G;17;6;6;2;1,33;0;0,67;0,33;0,47;20;20;3,33;10;110;24/nov/25
1000966;DOCE SORO DE LEITE PT DA SERRA 400G;6;6;12;1;0,58;1;0,42;0;0,12;35;95;6,67;10;110;24/nov/25
1000966;DOCE SORO DE LEITE PT DA SERRA 400G;14;6;12;1;2;0;0;0;0;;;0;10;110;24/nov/25
1000966;DOCE SORO DE LEITE PT DA SERRA 400G;17;6;12;5;0;6;0;0;0,16;0;270;6,67;10;110;24/nov/25
1011012;GOIABADA VAL 1,100 KG;1;6;12;2;1,67;0;0,08;0,58;0,25;46,15;46,15;0;10;110;24/nov/25
1011012;GOIABADA VAL 1,100 KG;8;6;12;1,5;1,08;0;0,5;0,58;0,49;15,6;15,6;1;10;110;24/nov/25
1011012;GOIABADA VAL 1,100 KG;17;6;12;3;1;2;2,83;1,92;3,19;2,2;6,59;0,67;10;110;24/nov/25
1011012;GOIABADA VAL 1,100 KG;18;6;12;2;1,5;1;2;1,67;1,63;6,43;10,71;0,67;10;110;24/nov/25
1008219;GOIABADA VAL 300G;5;6;36;1;0,86;1;1,22;0,83;0,88;6,84;14,78;2,67;10;110;24/nov/25
1008219;GOIABADA VAL 300G;8;6;36;1;2,39;2;0,81;0,42;0,56;30;55,12;2,67;10;110;24/nov/25
1008219;GOIABADA VAL 300G;11;6;36;2;1,53;0;1,03;1,06;1,04;10,25;10,25;2;10;110;24/nov/25
1008219;GOIABADA VAL 300G;12;6;36;2,67;2,58;1;1,33;1,75;1,93;9,39;13,03;2;10;110;24/nov/25
1008219;GOIABADA VAL 300G;14;6;36;1,83;1,72;0;0,86;1,06;0,86;14,09;14,09;2,67;10;110;24/nov/25
1008219;GOIABADA VAL 300G;17;6;36;5,56;3,67;3;2,56;4,81;3,5;7,33;13,33;2;10;110;24/nov/25
1018924;MARROM GLACE VAL 300G;13;6;24;1,5;0,46;2;0,54;0,58;0,75;4,29;22,99;1;10;110;24/nov/25
1018924;MARROM GLACE VAL 300G;17;6;24;2;1,67;0;0,54;0,63;0,71;16,44;16,44;1;10;110;24/nov/25
1004823;ABACAXI TRIANGULO RODELA 400G;2;6;12;8;7,75;0;0,17;0;0,08;697,5;697,5;5;10;111;24/nov/25
1004823;ABACAXI TRIANGULO RODELA 400G;4;6;12;2;1,33;0;0;0,08;0,14;68,57;68,57;0,42;10;111;24/nov/25
1004823;ABACAXI TRIANGULO RODELA 400G;8;6;12;2;0,83;2;0,58;0,17;0,27;21,43;72,86;0,42;10;111;24/nov/25
1004823;ABACAXI TRIANGULO RODELA 400G;14;6;12;2;1,83;0;0,17;0,5;0,23;55;55;0,83;10;111;24/nov/25
1004823;ABACAXI TRIANGULO RODELA 400G;17;6;12;4;2,75;0;1,5;0,83;1,15;16,78;16,78;5;10;111;24/nov/25
1023872;PESSEGO PIACERE METADES 485G;2;6;12;80;66,08;0;6;11,08;14,06;32,9;32,9;10;10;111;24/nov/25
1023872;PESSEGO PIACERE METADES 485G;6;6;12;24;19,92;0;2,08;4,33;6,13;22,76;22,76;5;10;111;24/nov/25
1023872;PESSEGO PIACERE METADES 485G;12;6;12;80;73,17;0;4,42;6,58;12,93;39,61;39,61;5;10;111;24/nov/25
1023872;PESSEGO PIACERE METADES 485G;13;6;12;40;26,75;0;7,08;10,42;12,5;14,98;14,98;1,67;10;111;24/nov/25
1023872;PESSEGO PIACERE METADES 485G;17;6;12;70;62,42;0;16,33;30,75;32,3;13,53;13,53;10;10;111;24/nov/25
1010836;BALA GOMA DORI GOMETS MINHOCAS ACI 600G;11;6;14;0,71;0,57;1;0,07;0,14;0,25;16;44;0;10;112;24/nov/25
1010836;BALA GOMA DORI GOMETS MINHOCAS ACI 600G;13;6;14;0,71;0,21;1;0,79;0,93;0,48;3,1;17,59;1,21;10;112;24/nov/25
1010836;BALA GOMA DORI GOMETS MINHOCAS ACI 600G;17;6;14;0,86;0,36;1;0,43;0,71;0,37;6,82;25,91;0;10;112;24/nov/25
1018016;BALA BUTTER TOFFEES 53% CACAU CHOC 90G;2;6;30;0,67;0,53;0;0,1;0,07;0,11;34,29;34,29;0;10;112;24/nov/25
1018016;BALA BUTTER TOFFEES 53% CACAU CHOC 90G;13;6;30;0,67;0,5;0;0,1;0,13;0,09;37,5;37,5;0;10;112;24/nov/25
1018017;BALA BUTTER TOFFEES 53% CACAU MENTA  90G;3;6;30;1;0,93;1;0,17;0,2;0,2;32,31;66,92;0;10;112;24/nov/25
1018017;BALA BUTTER TOFFEES 53% CACAU MENTA  90G;18;6;30;0,67;0,53;1;0,13;0,03;0,09;40;115;0;10;112;24/nov/25
1010141;BALA DORI YOGURTE MORANGO 600G;17;6;24;0,5;1,29;0;0,08;0,33;0,18;51,67;51,67;0;10;112;24/nov/25
1006094;BALA GELATINA DOCILE BANANA 250G;12;6;12;1;0,92;0;0,08;0;0,12;55;55;0;10;112;24/nov/25
1010155;BALA GELATINA DOCILE BANANA 80G;3;6;12;1,17;1,83;1;0,33;0,42;0,31;41,25;63,75;1,42;10;112;24/nov/25
1010155;BALA GELATINA DOCILE BANANA 80G;11;1;12;1,67;1,33;0;0,25;0,67;0,58;16;16;0;10;112;24/nov/25
1010155;BALA GELATINA DOCILE BANANA 80G;12;1;12;2;1,25;0;0,42;0,17;0,35;25;25;0;10;112;24/nov/25
1010153;BALA GELATINA DOCILE DENTES VAMPIRO 80G;3;6;12;2;2,83;2;1,5;0,17;1,01;19,62;33,46;2,83;10;112;24/nov/25
1014555;BALA GELATINA DORI AMORA 60G;11;6;16;1;0,94;0;0;0,31;0,18;37,5;37,5;0;10;112;24/nov/25
1014555;BALA GELATINA DORI AMORA 60G;17;6;16;1;0,69;0;0,44;0,25;0,44;11;11;6;10;112;24/nov/25
1014553;BALA GELATINA DORI BANANA 60G;2;6;16;1;0,94;0;0,25;0,19;0,19;34,62;34,62;0;10;112;24/nov/25
1014553;BALA GELATINA DORI BANANA 60G;3;6;16;2;1,88;1;0,13;1,25;0,85;15,52;23,79;6;10;112;24/nov/25
1014553;BALA GELATINA DORI BANANA 60G;5;6;16;0,5;0,31;1;0;0,06;0,1;21,43;90;1,06;10;112;24/nov/25
1014552;BALA GELATINA DORI BOCA 60G;5;6;16;0,5;0,44;0;0,06;0,25;0,13;23,33;23,33;1,06;10;112;24/nov/25
1014552;BALA GELATINA DORI BOCA 60G;11;6;16;1;0,81;0;0,63;0,25;0,38;15;15;0;10;112;24/nov/25
1014554;BALA GELATINA DORI MINHOCAS ACIDAS 60G;7;6;16;1;0,94;0;0,25;0,19;0,38;17,31;17,31;0;10;112;24/nov/25
1014554;BALA GELATINA DORI MINHOCAS ACIDAS 60G;14;6;16;1;0,75;1;0,38;0,44;0,45;11,61;27,1;5,25;10;112;24/nov/25
1012701;BALA GELATINA DORI PESCOCO GIRA FRAM 30G;2;6;60;1,07;0,82;0;0,35;0,3;0,28;20,7;20,7;0;10;112;24/nov/25
1012701;BALA GELATINA DORI PESCOCO GIRA FRAM 30G;8;6;60;1;0,77;1;0,27;0,25;0,23;23,79;54,83;0;10;112;24/nov/25
1012701;BALA GELATINA DORI PESCOCO GIRA FRAM 30G;11;6;60;1;0,73;1;0,5;0,97;0,72;7,17;16,96;0;10;112;24/nov/25
1012237;BALA GELATINA DORI PESCOCO GIRAFA MO 30G;3;6;60;1;1,9;1;0,58;0,5;0,39;34,55;52,73;0;10;112;24/nov/25
1012237;BALA GELATINA DORI PESCOCO GIRAFA MO 30G;5;6;60;0,5;0,45;0;0,55;0;0,13;24,55;24,55;0;10;112;24/nov/25
1012237;BALA GELATINA DORI PESCOCO GIRAFA MO 30G;6;6;60;1;0,9;1;1,63;1,47;0,72;8,71;18,39;0;10;112;24/nov/25
1012237;BALA GELATINA DORI PESCOCO GIRAFA MO 30G;11;6;60;1;0,58;1;0,97;0,42;0,32;12,65;34,34;0;10;112;24/nov/25
1012235;BALA GELATINA DORI PESCOCO GIRAFA YOG 30;2;6;60;2;1,52;0;0,22;0,65;0,43;24,82;24,82;0;10;112;24/nov/25
1012235;BALA GELATINA DORI PESCOCO GIRAFA YOG 30;11;6;60;1;0,77;1;0,65;0,52;0,7;7,62;17,57;0;10;112;24/nov/25
1012235;BALA GELATINA DORI PESCOCO GIRAFA YOG 30;13;6;60;1;0,72;0;0,15;0,4;0,33;15;15;0;10;112;24/nov/25
1014550;BALA GELATINA DORI TUBO ACID MORANGO 70G;2;6;12;1,5;0,67;2;1,25;0,75;1,05;4,44;17,78;0;10;112;24/nov/25
1014550;BALA GELATINA DORI TUBO ACID MORANGO 70G;13;6;12;1,5;0,75;2;0,92;0,42;0,62;8,44;30,94;0;10;112;24/nov/25
1014550;BALA GELATINA DORI TUBO ACID MORANGO 70G;14;6;12;1,5;1,25;1;0,58;0,58;0,47;18,75;33,75;0;10;112;24/nov/25
1014550;BALA GELATINA DORI TUBO ACID MORANGO 70G;17;6;12;2;0,83;2;0,92;1,5;0,82;7,14;24,29;0;10;112;24/nov/25
1014551;BALA GELATINA DORI TUBO RECH MORANGO 70G;3;6;12;3;3,83;1;1,08;1,25;0,99;27,06;34,12;0;10;112;24/nov/25
1014551;BALA GELATINA DORI TUBO RECH MORANGO 70G;13;6;12;2;1,67;0;0,25;0,33;0,56;20,69;20,69;0;10;112;24/nov/25
1010831;BALA GOMA DORI GOMETS MINHOCA FRUTA 700G;3;6;12;0,83;0,58;1;0,5;0,25;0,41;10;27,14;0;10;112;24/nov/25
1010831;BALA GOMA DORI GOMETS MINHOCA FRUTA 700G;12;6;12;1;0,42;2;0,83;0,42;0,6;4,84;28,06;0;10;112;24/nov/25
1010831;BALA GOMA DORI GOMETS MINHOCA FRUTA 700G;17;6;12;0,83;0,42;1;0,33;0,58;0,27;10,71;36,43;0;10;112;24/nov/25
1010831;BALA GOMA DORI GOMETS MINHOCA FRUTA 700G;18;6;12;0,5;0,42;1;0,17;0,17;0,14;21,43;72,86;1,33;10;112;24/nov/25
1001002;BALA GOMA DORI GOMETS SINO 150G;6;6;36;0,67;0,17;1;1,22;0,58;0,51;2,31;16,15;0;10;112;24/nov/25
1001002;BALA GOMA DORI GOMETS SINO 150G;7;6;36;0,67;0,56;1;0,78;0,44;0,43;9,09;25,45;0;10;112;24/nov/25
1001002;BALA GOMA DORI GOMETS SINO 150G;11;6;36;1;0,78;1;0,5;0,44;0,52;10,5;24;0;10;112;24/nov/25
1001002;BALA GOMA DORI GOMETS SINO 150G;13;6;36;1;0,94;0;0,28;0,31;0,28;23,72;23,72;0;10;112;24/nov/25
149495;BALA GOMA DORI GOMETS SINO 70G;2;6;30;4;0,77;4;2,37;1,73;1,59;3,37;20,93;0;10;112;24/nov/25
149495;BALA GOMA DORI GOMETS SINO 70G;3;6;30;7;7,77;2;2,5;3,5;3,29;16,52;20,78;0;10;112;24/nov/25
149495;BALA GOMA DORI GOMETS SINO 70G;8;6;30;2,5;2,1;0;0,67;0,33;0,39;37,8;37,8;0;10;112;24/nov/25
149495;BALA GOMA DORI GOMETS SINO 70G;12;6;30;2,2;1,47;0;1,03;0,33;0,32;32,2;32,2;3,2;10;112;24/nov/25
149495;BALA GOMA DORI GOMETS SINO 70G;13;6;30;2,5;1,87;0;0,67;0,47;0,66;19,76;19,76;0;10;112;24/nov/25
149495;BALA GOMA DORI GOMETS SINO 70G;14;6;30;1,8;0,63;2;1,03;1,07;0,83;5,33;22,15;2,8;10;112;24/nov/25
149495;BALA GOMA DORI GOMETS SINO 70G;17;6;30;2,2;2,17;0;0,2;0,63;0,39;39;39;3,2;10;112;24/nov/25
1009096;BALA GOMA DORI GOMETS TUBO IOGURTE C/30;1;6;12;1,83;1,42;0;0,75;0,17;0,37;26,84;26,84;0;10;112;24/nov/25
1009096;BALA GOMA DORI GOMETS TUBO IOGURTE C/30;11;6;12;1;0,92;0;0,75;0,33;0,37;17,37;17,37;0;10;112;24/nov/25
1009096;BALA GOMA DORI GOMETS TUBO IOGURTE C/30;12;6;12;2;1,17;1;0,83;0,42;0,51;16,15;30;0;10;112;24/nov/25
1009096;BALA GOMA DORI GOMETS TUBO IOGURTE C/30;13;6;12;2;1,75;0;0,25;0,33;0,43;28,64;28,64;0;10;112;24/nov/25
1010834;BALA GOMA GOMETS  FRUTAS 700G;8;6;12;1;0,83;0;0,33;0,08;0,16;37,5;37,5;2,83;10;112;24/nov/25
1010834;BALA GOMA GOMETS  FRUTAS 700G;17;6;12;1;0,83;0;0,17;0;0,14;42,86;42,86;0;10;112;24/nov/25
1010077;BALA GOMA GOMUTCHO  YOGURT 1KG;12;6;10;1;0,9;0;0,1;0;0,02;270;270;3,4;10;112;24/nov/25
1010077;BALA GOMA GOMUTCHO  YOGURT 1KG;13;6;10;1;0,9;0;0,3;0,4;0,26;24,55;24,55;0;10;112;24/nov/25
1010077;BALA GOMA GOMUTCHO  YOGURT 1KG;17;6;10;1;0,4;2;0,5;0,7;0,54;5,22;31,3;3,4;10;112;24/nov/25
1010019;BALA PIETROBON GOOD SMILE T.FRUTTI 600G;17;6;30;0,67;0,6;0;0,1;0;0,05;90;90;2,27;10;112;24/nov/25
1008076;BALA TOFFANO MENTA  500G;12;6;24;0,5;0,38;1;0,42;0,21;0,36;7,3;26,76;0,71;10;112;24/nov/25
1008076;BALA TOFFANO MENTA  500G;17;6;24;0,5;0,46;0;0,21;0,17;0,09;36,67;36,67;0,71;10;112;24/nov/25
1009992;BALA TOFFANO STRAWBERRY MORANGO 600G;1;6;18;0,89;0,83;0;0,28;0,06;0,12;50;50;1,89;10;112;24/nov/25
1007753;BIS LACTA AO LEITE 100,8G;3;6;65;2,06;1,78;1;1,58;1,26;1,37;9,13;14,25;3,14;10;112;24/nov/25
1007753;BIS LACTA AO LEITE 100,8G;5;6;65;0,86;0,77;0;0,23;0,54;0,32;17,05;17,05;0,78;10;112;24/nov/25
1011460;BIS LACTA BLACK 100,8G;2;6;65;1;0,78;0;0,51;0,29;0,36;15,45;15,45;2,35;10;112;24/nov/25
1011460;BIS LACTA BLACK 100,8G;3;6;65;1,85;1,66;1;0,51;0,92;0,71;16,36;26,21;4,18;10;112;24/nov/25
1011460;BIS LACTA BLACK 100,8G;12;6;65;1,38;1,29;0;0,28;0,2;0,31;28,97;28,97;4,18;10;112;24/nov/25
1007754;BIS LACTA BRANCO 100,8G;2;6;65;1,97;1,94;0;1,05;1,15;0,96;14,16;14,16;3,14;10;112;24/nov/25
1020083;BIS LACTA LIMAO 100,8G;4;6;65;2;1,46;0;0,35;0,2;0,37;27,4;27,4;0;10;112;24/nov/25
1020083;BIS LACTA LIMAO 100,8G;5;6;65;1,71;1,29;0;0,22;0,22;0,23;40;40;0;10;112;24/nov/25
1020083;BIS LACTA LIMAO 100,8G;18;6;65;1;0,92;1;0,18;0,38;0,29;21,95;45,73;0;10;112;24/nov/25
1009621;BIS LACTA OREO 100,8G;1;6;65;1;0,8;0;0,26;0,32;0,24;23,28;23,28;2,09;10;112;24/nov/25
1009621;BIS LACTA OREO 100,8G;6;6;65;1;0,82;0;0,2;0,4;0,28;20,38;20,38;2,35;10;112;24/nov/25
1009621;BIS LACTA OREO 100,8G;17;6;65;1,97;1,51;0;0,35;0,85;0,57;18,38;18,38;3,14;10;112;24/nov/25
1009621;BIS LACTA OREO 100,8G;18;6;65;0,58;0,57;1;0,17;0,15;0,24;16,57;45,67;1,57;10;112;24/nov/25
1003513;BISAO LACTA AO LEITE 201,6G;2;6;39;1,49;0,69;2;0,77;0,64;0,63;7,71;30;2,62;10;112;24/nov/25
1003513;BISAO LACTA AO LEITE 201,6G;17;6;39;2,56;1,1;2;2,36;2,41;1,72;4,48;12,6;3,49;10;112;24/nov/25
1003514;BISAO LACTA BRANCO 201,6G;6;6;39;1,28;1,15;0;0,74;0,59;0,63;12,86;12,86;2,62;10;112;24/nov/25
1003514;BISAO LACTA BRANCO 201,6G;17;6;39;2,31;1,08;2;1,13;1,44;1,33;5,68;16,22;3,49;10;112;24/nov/25
1012059;BOMBOM AMOR CARIOCA 200G;7;6;30;1,2;1;1;0,5;1,03;0,86;8,11;16,22;2,13;10;112;24/nov/25
1012059;BOMBOM AMOR CARIOCA 200G;18;6;30;1,4;1,2;1;0,57;1,03;0,7;12;22;2,13;10;112;24/nov/25
1007607;BOMBOM AMOR CARIOCA 20G;2;6;540;1,5;1,1;0;0,51;0,74;0,64;12,06;12,06;0;10;112;24/nov/25
1007607;BOMBOM AMOR CARIOCA 20G;3;6;540;3;2,38;2;0,93;0,73;0,72;23,09;42,48;0;10;112;24/nov/25
1007607;BOMBOM AMOR CARIOCA 20G;4;6;540;0,5;0,41;1;0,44;0,21;0,4;7,3;24,99;0;10;112;24/nov/25
1007607;BOMBOM AMOR CARIOCA 20G;8;6;540;1,5;1,54;0;0,41;0,32;0,31;34,91;34,91;0;10;112;24/nov/25
1007607;BOMBOM AMOR CARIOCA 20G;11;6;540;1,5;1,42;0;0,62;0,29;0,76;13,08;13,08;0;10;112;24/nov/25
1007607;BOMBOM AMOR CARIOCA 20G;13;6;540;2,5;1,79;0;0,44;0,69;0,69;18,19;18,19;0;10;112;24/nov/25
1007607;BOMBOM AMOR CARIOCA 20G;17;6;540;2;1,34;2;0,75;1;0,74;12,65;31,6;0;10;112;24/nov/25
1009703;BOMBOM AMOR CARIOCA BRANCO 20G;1;6;540;1,5;1,19;0;0,38;0,11;0,2;42,56;42,56;0;10;112;24/nov/25
1009703;BOMBOM AMOR CARIOCA BRANCO 20G;2;6;540;1,5;0,47;2;0,54;0,63;0,48;6,84;36,13;0;10;112;24/nov/25
1009703;BOMBOM AMOR CARIOCA BRANCO 20G;3;6;540;3;2,76;1;0,65;0,44;0,7;27,47;37,44;0;10;112;24/nov/25
1009703;BOMBOM AMOR CARIOCA BRANCO 20G;13;6;540;2,5;2,16;0;0,27;0,14;0,35;42,66;42,66;0;10;112;24/nov/25
1009703;BOMBOM AMOR CARIOCA BRANCO 20G;14;6;540;1;1,44;0;0,42;0,69;0,41;24,49;24,49;0;10;112;24/nov/25
1009703;BOMBOM AMOR CARIOCA BRANCO 20G;18;6;540;1,5;0,93;2;0,67;0,69;1,32;4,95;15,55;0;10;112;24/nov/25
1021756;BOMBOM AMOR CARIOCA DUO 200G;1;6;30;0,67;0,5;1;0,6;0,63;0,7;5;15;2,13;10;112;24/nov/25
1021756;BOMBOM AMOR CARIOCA DUO 200G;17;6;30;2;1,73;1;1,57;1,93;1,56;7,8;12,3;1,07;10;112;24/nov/25
1018531;BOMBOM BEL SORTIDO 450G;13;6;16;4;3,56;0;0,13;0,5;0,26;95;95;0;10;112;24/nov/25
1018531;BOMBOM BEL SORTIDO 450G;17;6;16;2;1,56;0;0,38;0,19;0,23;46,88;46,88;0;10;112;24/nov/25
5260;BOMBOM GAROTO FINOS 250G;1;6;30;10;9,6;0;4,1;1;1,68;40;40;22,4;10;112;24/nov/25
41487;BOMBOM GAROTO SERENATA AMOR 20G UN;3;6;470;1;0,82;1;0,27;0,54;0,35;16,59;36,73;0;10;112;24/nov/25
41487;BOMBOM GAROTO SERENATA AMOR 20G UN;5;6;470;0,8;0,68;0;0,19;0,17;0,19;25,32;25,32;0;10;112;24/nov/25
41487;BOMBOM GAROTO SERENATA AMOR 20G UN;17;6;470;1,5;1,49;0;0,53;0,43;0,72;14,5;14,5;0;10;112;24/nov/25
1022870;BOMBOM LACTA OREO 20GR;3;6;27;10;10,67;1;1;0,15;0,91;82,29;90;0;10;112;24/nov/25
1022870;BOMBOM LACTA OREO 20GR;4;6;27;8;7,93;0;0,41;0,44;0,44;125,88;125,88;0;10;112;24/nov/25
1022870;BOMBOM LACTA OREO 20GR;5;6;27;8;6,41;0;2,04;0,56;0,69;64,88;64,88;0;10;112;24/nov/25
1022870;BOMBOM LACTA OREO 20GR;7;6;27;8;7,19;0;0,41;1,81;1,1;45,83;45,83;0;10;112;24/nov/25
1022870;BOMBOM LACTA OREO 20GR;11;6;27;8;7,3;0;0;1;0,47;109,44;109,44;0;10;112;24/nov/25
1022870;BOMBOM LACTA OREO 20GR;12;6;27;8;6;0;0;1;0,47;90;90;0;10;112;24/nov/25
1022870;BOMBOM LACTA OREO 20GR;14;6;27;10;9,85;0;1;0;0,69;99,75;99,75;0;10;112;24/nov/25
41542;BOMBOM LACTA OURO BRANCO 20G;3;6;500;1;0,84;2;0,31;0,42;0,38;15,44;52,39;0;10;112;24/nov/25
41542;BOMBOM LACTA OURO BRANCO 20G;5;6;500;1;0,02;2;0,09;0,07;0,09;1,22;154,29;0;10;112;24/nov/25
41542;BOMBOM LACTA OURO BRANCO 20G;6;6;500;1;0,24;2;0,17;0;0,1;17,04;157,89;0;10;112;24/nov/25
41542;BOMBOM LACTA OURO BRANCO 20G;7;6;500;1;0,73;0;0,06;0,06;0,06;93,05;93,05;0;10;112;24/nov/25
41542;BOMBOM LACTA OURO BRANCO 20G;11;6;500;1;0,37;1;0,1;0,24;0,13;19,75;73,71;0;10;112;24/nov/25
41542;BOMBOM LACTA OURO BRANCO 20G;13;6;500;1;0,98;0;0,19;0,08;0,17;40,47;40,47;0;10;112;24/nov/25
41542;BOMBOM LACTA OURO BRANCO 20G;14;6;500;1;0;2;0;0;0;;;0;10;112;24/nov/25
1014124;BOMBOM LACTA SONHO + OURO 220G;13;6;30;1,13;0,97;0;0;0,07;0,21;32,22;32,22;1,87;10;112;24/nov/25
1014124;BOMBOM LACTA SONHO + OURO 220G;17;6;30;1,13;0,53;2;0,03;0,2;0,21;17,78;84,44;1,87;10;112;24/nov/25
41543;BOMBOM LACTA SONHO VALSA 20G;2;6;500;1;0,85;0;0,14;0,02;0,08;75,54;75,54;0;10;112;24/nov/25
41543;BOMBOM LACTA SONHO VALSA 20G;3;6;500;1;1,87;1;0,11;0,19;0,14;96,06;147,43;0;10;112;24/nov/25
1002874;BOMBOM NESTLE ESPECIALIDADES 251G;5;6;30;2;1,83;0;1,03;1,07;1,16;11,07;11,07;8;10;112;24/nov/25
1002874;BOMBOM NESTLE ESPECIALIDADES 251G;8;6;30;4,33;4,07;0;0,57;0,73;0,58;48,8;48,8;5,33;10;112;24/nov/25
1012760;BOMBOM NEUGEBAUER HITS 200G;17;6;30;0,6;0,57;0;0,1;0,03;0,06;63,75;63,75;1,6;10;112;24/nov/25
1001783;CHOC BARRA GAROTO CAJU/ PASSAS 80G;1;6;64;1;0,38;2;0,05;0,05;0,04;72;456;0;10;112;24/nov/25
1001783;CHOC BARRA GAROTO CAJU/ PASSAS 80G;3;6;64;2,13;2,05;1;0,22;0,44;0,41;35,09;52,23;3,13;10;112;24/nov/25
1001783;CHOC BARRA GAROTO CAJU/ PASSAS 80G;6;6;64;0,5;-0,02;1;0;0;0;;;0,78;10;112;24/nov/25
1001783;CHOC BARRA GAROTO CAJU/ PASSAS 80G;12;6;64;0,94;0,27;2;0,08;0,31;0,23;8,1;69,05;0,78;10;112;24/nov/25
1001783;CHOC BARRA GAROTO CAJU/ PASSAS 80G;18;6;64;3,38;2,75;0;0,23;0,52;0,37;51,76;51,76;2,34;10;112;24/nov/25
1001784;CHOC BARRA GAROTO CHOC AO LEITE 80G;1;1;16;3;2,94;0;0,19;0,19;0,23;88,13;88,13;4;10;112;24/nov/25
1001784;CHOC BARRA GAROTO CHOC AO LEITE 80G;3;6;16;8,38;7,13;2;1,13;1,31;2,01;24,78;31,74;9,38;10;112;24/nov/25
1001784;CHOC BARRA GAROTO CHOC AO LEITE 80G;5;1;16;2,13;2;0;0,13;0,25;0,28;50,53;50,53;3,13;10;112;24/nov/25
1001784;CHOC BARRA GAROTO CHOC AO LEITE 80G;7;1;16;2,13;1,44;2;0,19;0,44;0,61;16,43;39,29;3,13;10;112;24/nov/25
1001784;CHOC BARRA GAROTO CHOC AO LEITE 80G;8;1;16;2;1,31;0;0,31;0,5;0,58;15,75;15,75;3,13;10;112;24/nov/25
1001784;CHOC BARRA GAROTO CHOC AO LEITE 80G;12;1;16;10;6,81;0;0,88;2,13;1,25;38,02;38,02;12,5;10;112;24/nov/25
1001784;CHOC BARRA GAROTO CHOC AO LEITE 80G;13;1;16;2,13;3,81;0;1,75;1,63;1,43;18,67;18,67;3,13;10;112;24/nov/25
1001784;CHOC BARRA GAROTO CHOC AO LEITE 80G;17;1;16;8;3,88;0;1,56;3,38;1,85;14,65;14,65;18,75;10;112;24/nov/25
1001784;CHOC BARRA GAROTO CHOC AO LEITE 80G;18;1;16;8;7,63;0;1,13;1,19;1,09;48,8;48,8;18,75;10;112;24/nov/25
1001769;CHOC BARRA GAROTO CHOC BC/NEGRESCO 80G;1;6;64;0,75;-0,02;2;0,02;0;0;-30;3.810,00;1;10;112;24/nov/25
1001769;CHOC BARRA GAROTO CHOC BC/NEGRESCO 80G;5;6;64;0,75;0;2;0;0,09;0,15;0;96;1;10;112;24/nov/25
1001769;CHOC BARRA GAROTO CHOC BC/NEGRESCO 80G;6;6;64;0,75;0,03;2;0;0;0,23;0,97;62,9;1;10;112;24/nov/25
1001769;CHOC BARRA GAROTO CHOC BC/NEGRESCO 80G;8;6;64;0,5;0,31;1;0,08;0,17;0,17;13,04;54,78;0;10;112;24/nov/25
1001769;CHOC BARRA GAROTO CHOC BC/NEGRESCO 80G;11;6;64;0,75;0,5;1;0;0,17;0,22;16,27;48,81;1;10;112;24/nov/25
1001769;CHOC BARRA GAROTO CHOC BC/NEGRESCO 80G;12;6;64;0,75;0,03;2;0,02;0,06;0,08;2,73;177,27;1;10;112;24/nov/25
1001769;CHOC BARRA GAROTO CHOC BC/NEGRESCO 80G;13;6;64;0,75;0;2;0;0;0;;;1;10;112;24/nov/25
1001786;CHOC BARRA GAROTO CROCANTE 80G;2;1;16;2,13;1,94;0;0,19;0,75;0,48;28,18;28,18;3,13;10;112;24/nov/25
1001786;CHOC BARRA GAROTO CROCANTE 80G;3;6;16;11,25;10,75;1;1;2,56;2,06;36,6;40;12,5;10;112;24/nov/25
1001786;CHOC BARRA GAROTO CROCANTE 80G;5;1;16;2,13;1;2;0,31;0,56;0,47;15;45;3,13;10;112;24/nov/25
1001786;CHOC BARRA GAROTO CROCANTE 80G;6;1;16;2,13;1,88;0;0,38;0,75;0,26;50;50;3,13;10;112;24/nov/25
1001786;CHOC BARRA GAROTO CROCANTE 80G;13;1;16;2,13;1,63;0;1,13;1,13;0,96;11,82;11,82;3,13;10;112;24/nov/25
1001786;CHOC BARRA GAROTO CROCANTE 80G;14;6;16;2,13;0,94;2;0,38;0,31;0,31;21,43;67,14;3,13;10;112;24/nov/25
1001786;CHOC BARRA GAROTO CROCANTE 80G;17;1;16;4;2,13;0;3,25;2;1,59;9,36;9,36;9,38;10;112;24/nov/25
1018081;CHOC BARRA GAROTO CRUNCH 80G;3;6;16;12;11,69;1;0,31;1,25;0,9;90,48;98,23;12,5;10;112;24/nov/25
1018081;CHOC BARRA GAROTO CRUNCH 80G;5;6;16;2,13;1,31;0;0,44;0,81;0,6;15,37;15,37;3,13;10;112;24/nov/25
1018081;CHOC BARRA GAROTO CRUNCH 80G;7;6;16;2,13;1,38;1;0,13;0,69;0,64;15;25,91;3,13;10;112;24/nov/25
1018081;CHOC BARRA GAROTO CRUNCH 80G;12;6;16;3;2,06;0;0,75;0,31;0,58;24,75;24,75;4;10;112;24/nov/25
1018081;CHOC BARRA GAROTO CRUNCH 80G;13;6;16;2,63;0,56;1;0,56;1,38;0,99;3,97;11,03;3,13;10;112;24/nov/25
1018081;CHOC BARRA GAROTO CRUNCH 80G;14;6;16;2,13;1,63;1;0,25;0,5;0,48;23,64;38,18;3,13;10;112;24/nov/25
1018081;CHOC BARRA GAROTO CRUNCH 80G;17;6;16;3;2,44;0;0,13;1,31;1,06;16,03;16,03;4;10;112;24/nov/25
1001779;CHOC BARRA GAROTO MEIO AMARGO 80G;3;6;16;2,13;2,94;1;1,25;1,69;1,41;14,54;19,48;3,13;10;112;24/nov/25
1001779;CHOC BARRA GAROTO MEIO AMARGO 80G;5;6;16;2,13;2,63;0;0,19;0,88;0,41;45;45;3,13;10;112;24/nov/25
1001779;CHOC BARRA GAROTO MEIO AMARGO 80G;6;6;16;2,13;1,63;0;0,38;0,44;0,23;48,75;48,75;3,13;10;112;24/nov/25
1001779;CHOC BARRA GAROTO MEIO AMARGO 80G;11;6;16;2;1,44;0;0,44;0,69;0,36;27,6;27,6;4;10;112;24/nov/25
1001779;CHOC BARRA GAROTO MEIO AMARGO 80G;14;6;16;2,13;2;1;0,5;1,25;0,82;17,14;25,71;3,13;10;112;24/nov/25
1001779;CHOC BARRA GAROTO MEIO AMARGO 80G;17;6;16;4;2,25;0;1,06;3,75;1,53;10,29;10,29;9,38;10;112;24/nov/25
1004147;CHOC BARRA LACTA AMARO 40% CACAU 80G;14;6;17;2;1,94;0;0,41;0,12;0,22;61,88;61,88;2,94;10;112;24/nov/25
1004147;CHOC BARRA LACTA AMARO 40% CACAU 80G;17;6;17;2;1,59;0;0,29;0,35;0,41;27;27;5,88;10;112;24/nov/25
1021379;CHOC BARRA LACTA DIAMANTE NEGRO 145G;17;6;12;4;3,83;0;0,58;0,5;0,37;72,63;72,63;8,33;10;112;24/nov/25
1020151;CHOC BARRA LACTA LAKA 145G;3;6;12;3;3,75;2;1,17;1;0,7;37,5;57,5;0;10;112;24/nov/25
1020151;CHOC BARRA LACTA LAKA 145G;12;6;12;2,33;1,92;0;0,5;0,42;0,33;40,59;40,59;0;10;112;24/nov/25
1020151;CHOC BARRA LACTA LAKA 145G;13;6;12;3;1,42;3;0,75;1,08;0,82;12,14;37,86;0;10;112;24/nov/25
1020151;CHOC BARRA LACTA LAKA 145G;14;6;12;3;2,83;0;0,33;0,5;0,35;56,67;56,67;0;10;112;24/nov/25
1020151;CHOC BARRA LACTA LAKA 145G;17;6;12;2;1,83;0;0,58;1;0,56;22,76;22,76;0;10;112;24/nov/25
1004146;CHOC BARRA LACTA LAKA 80G;6;6;17;2;1,29;1;0,88;0,18;0,4;22,76;40,34;2,94;10;112;24/nov/25
1004146;CHOC BARRA LACTA LAKA 80G;12;6;17;5;4,82;0;0,47;0,47;0,48;70,29;70,29;17,65;10;112;24/nov/25
1004146;CHOC BARRA LACTA LAKA 80G;13;6;17;2;1,71;0;0,41;0,88;0,59;20,23;20,23;2,94;10;112;24/nov/25
1011454;CHOC BARRA LACTA LAKA DIAMANTE NEGR 145G;3;6;48;2;1,29;0,44;0,02;0;0,04;206,67;276,67;1,04;10;112;24/nov/25
1011454;CHOC BARRA LACTA LAKA DIAMANTE NEGR 145G;4;6;48;0,35;0,15;0,44;0;0,5;0,2;5,12;20,49;0;10;112;24/nov/25
1011454;CHOC BARRA LACTA LAKA DIAMANTE NEGR 145G;5;6;48;1;-0,04;0,44;0;0,29;0,32;-0,91;8,64;0;10;112;24/nov/25
1011454;CHOC BARRA LACTA LAKA DIAMANTE NEGR 145G;8;6;48;0,75;0,27;0,44;0;0;0,15;12,58;32,9;0;10;112;24/nov/25
1011454;CHOC BARRA LACTA LAKA DIAMANTE NEGR 145G;18;6;48;1,5;1;0,44;0;0;0;1.440,00;2.070,00;2,08;10;112;24/nov/25
1023596;CHOC BARRA LACTA LAKA OREO 145G;2;6;12;1,42;2,75;2;0,42;0,5;0,29;66;114;0;10;112;24/nov/25
1023596;CHOC BARRA LACTA LAKA OREO 145G;6;6;12;1,42;0,83;2;1,17;0;0,27;21,43;72,86;0;10;112;24/nov/25
1023596;CHOC BARRA LACTA LAKA OREO 145G;11;6;12;4;3;0;0,25;0,08;0,16;135;135;0;10;112;24/nov/25
1023596;CHOC BARRA LACTA LAKA OREO 145G;17;6;12;1,42;1,5;0;0,67;0,75;0,62;16,88;16,88;0;10;112;24/nov/25
1004158;CHOC BARRA LACTA LAKA OREO 80G;2;6;17;2;2,35;0;0,88;0,65;0,95;17,39;17,39;2,94;10;112;24/nov/25
1004158;CHOC BARRA LACTA LAKA OREO 80G;3;6;17;15,88;16,76;1;1,12;1,59;1,15;101,79;107,86;17,65;10;112;24/nov/25
1004158;CHOC BARRA LACTA LAKA OREO 80G;7;6;17;1,88;1,41;1;0,53;1;0,62;16;27,33;8,82;10;112;24/nov/25
1004158;CHOC BARRA LACTA LAKA OREO 80G;8;6;17;2;1,94;0;0,18;0,65;0,34;39,6;39,6;2,94;10;112;24/nov/25
1004158;CHOC BARRA LACTA LAKA OREO 80G;12;6;17;5;4,59;0;0,41;0,88;0,44;73,13;73,13;17,65;10;112;24/nov/25
1004158;CHOC BARRA LACTA LAKA OREO 80G;17;6;17;5;4,76;0;1,06;0;1,29;25,85;25,85;17,65;10;112;24/nov/25
1004158;CHOC BARRA LACTA LAKA OREO 80G;18;6;17;4;3,06;0;0,41;0,76;0,69;31,2;31,2;17,65;10;112;24/nov/25
1023329;CHOC BARRA LACTA RECH CARAM 104G;18;6;17;3;2,65;0;0,47;0,47;0,43;43,55;43,55;0;10;112;24/nov/25
1007859;CHOC BARRA LACTA RECH OURO BRANCO 98G;2;6;17;2;3,18;0;0,47;0,47;0,43;52,26;52,26;2,94;10;112;24/nov/25
1007859;CHOC BARRA LACTA RECH OURO BRANCO 98G;5;6;17;2;1,41;2;1;0,59;0,6;16,36;39,55;5,88;10;112;24/nov/25
1007859;CHOC BARRA LACTA RECH OURO BRANCO 98G;13;6;17;2;1,47;1;0,53;0,65;0,7;14,71;24,71;5,88;10;112;24/nov/25
1007859;CHOC BARRA LACTA RECH OURO BRANCO 98G;14;6;17;2;1,12;2;0,47;0,65;0,41;19;53;2,94;10;112;24/nov/25
1007859;CHOC BARRA LACTA RECH OURO BRANCO 98G;17;6;17;4,12;3,24;0;1,18;0,24;0,43;53,23;53,23;11,76;10;112;24/nov/25
1007859;CHOC BARRA LACTA RECH OURO BRANCO 98G;18;6;17;4;3,76;0;0,65;0,53;0,55;48;48;11,76;10;112;24/nov/25
1007858;CHOC BARRA LACTA RECH SONHO DE VALSA 98G;3;6;17;4;4,82;1;0,82;0,94;0,89;37,85;45,69;8,82;10;112;24/nov/25
1007858;CHOC BARRA LACTA RECH SONHO DE VALSA 98G;8;6;17;2;1,76;0;1,41;0,65;0,52;23,68;23,68;2,94;10;112;24/nov/25
1020152;CHOC BARRA LACTA SHOT 145G;13;6;12;3;2,75;0;0,17;0,17;0,25;76,15;76,15;4,17;10;112;24/nov/25
1004154;CHOC BARRA LACTA SHOT 80G;2;6;17;2;2,47;0;0,12;0,71;0,37;46,67;46,67;2,94;10;112;24/nov/25
1004154;CHOC BARRA LACTA SHOT 80G;12;6;17;7,88;7,06;0;0,18;0,35;0,26;189,47;189,47;8,82;10;112;24/nov/25
1001794;CHOC BARRA NESTLE AO LEITE 80G;2;6;16;2,13;3;3;0;0;0;;;3,13;10;112;24/nov/25
1001794;CHOC BARRA NESTLE AO LEITE 80G;3;6;16;19,69;21,06;8;1,56;4,75;1,74;84,96;117,23;21,88;10;112;24/nov/25
1001794;CHOC BARRA NESTLE AO LEITE 80G;4;6;16;5,25;6;0;0;0;0;;;6,25;10;112;24/nov/25
1001794;CHOC BARRA NESTLE AO LEITE 80G;5;6;16;5,25;1;5;0,44;1,25;1,78;3,93;23,61;6,25;10;112;24/nov/25
1001794;CHOC BARRA NESTLE AO LEITE 80G;6;6;16;4,75;0;6;0;0;0,03;0;1.440,00;3,13;10;112;24/nov/25
1001794;CHOC BARRA NESTLE AO LEITE 80G;7;6;16;5,25;0;6;0;0;0,09;0;480;6,25;10;112;24/nov/25
1001794;CHOC BARRA NESTLE AO LEITE 80G;11;6;16;4;0;5;0;0;0;;;3,13;10;112;24/nov/25
1001794;CHOC BARRA NESTLE AO LEITE 80G;12;6;16;11,5;0;12;0;0;0;;;12,5;10;112;24/nov/25
1001794;CHOC BARRA NESTLE AO LEITE 80G;13;6;16;11,75;3,88;9;1,06;1,75;1,94;13,98;46,47;3,13;10;112;24/nov/25
1001794;CHOC BARRA NESTLE AO LEITE 80G;18;6;16;8,38;-0,06;9;0;0;0,12;-3,75;536,25;9,38;10;112;24/nov/25
1001798;CHOC BARRA NESTLE CLASS MEIO AMARGO 8OG;2;6;16;4,5;5;2;2,38;1,56;1,4;25;35;3,13;10;112;24/nov/25
1001798;CHOC BARRA NESTLE CLASS MEIO AMARGO 8OG;3;6;16;12;13,38;4;0,81;2,25;3,08;30,43;39,53;9,38;10;112;24/nov/25
1001798;CHOC BARRA NESTLE CLASS MEIO AMARGO 8OG;5;6;16;2,13;3,38;0;0,38;0,56;0,38;62,31;62,31;3,13;10;112;24/nov/25
1001798;CHOC BARRA NESTLE CLASS MEIO AMARGO 8OG;6;6;16;6,13;4,94;2;0,63;0,31;2,06;16,81;23,62;3,13;10;112;24/nov/25
1001798;CHOC BARRA NESTLE CLASS MEIO AMARGO 8OG;11;6;16;5,5;5,25;0;0,19;0,31;0,13;280;280;3,13;10;112;24/nov/25
1001798;CHOC BARRA NESTLE CLASS MEIO AMARGO 8OG;12;6;16;5,25;4,38;0;0,88;0,63;0,35;87,5;87,5;6,25;10;112;24/nov/25
1001798;CHOC BARRA NESTLE CLASS MEIO AMARGO 8OG;13;6;16;2,13;1,63;0;0,38;0,38;0,32;35,45;35,45;3,13;10;112;24/nov/25
1001801;CHOC BARRA NESTLE CLASSIC AMENDOIN 150G;6;6;22;1;0,95;1;0;0,05;0,01;630;1.290,00;2,27;10;112;24/nov/25
1001801;CHOC BARRA NESTLE CLASSIC AMENDOIN 150G;12;6;22;1;0,86;1;0,05;0,05;0,03;190;410;2,27;10;112;24/nov/25
1001801;CHOC BARRA NESTLE CLASSIC AMENDOIN 150G;18;6;22;1;0,86;1;0,91;0,05;0,24;24,78;53,48;2,27;10;112;24/nov/25
1001790;CHOC BARRA NESTLE CLASSIC DIPLOMATA 80G;2;6;16;2,13;3;3;0;0;0;;;3,13;10;112;24/nov/25
1001790;CHOC BARRA NESTLE CLASSIC DIPLOMATA 80G;3;6;16;10,5;10,94;11;0;0;0;;;6,25;10;112;24/nov/25
1001790;CHOC BARRA NESTLE CLASSIC DIPLOMATA 80G;4;6;16;4;0,88;4;0,06;0,38;0,38;16,15;90;3,13;10;112;24/nov/25
1001790;CHOC BARRA NESTLE CLASSIC DIPLOMATA 80G;5;6;16;2,13;0;3;0;0;0;;;3,13;10;112;24/nov/25
1001790;CHOC BARRA NESTLE CLASSIC DIPLOMATA 80G;6;6;16;2,13;0;3;0;0;0;;;3,13;10;112;24/nov/25
1001790;CHOC BARRA NESTLE CLASSIC DIPLOMATA 80G;8;6;16;2,13;1,31;0;0,44;0,06;0,2;45;45;3,13;10;112;24/nov/25
1001790;CHOC BARRA NESTLE CLASSIC DIPLOMATA 80G;11;6;16;2,13;0,13;3;0;0,44;0,26;3,33;83,33;3,13;10;112;24/nov/25
1001790;CHOC BARRA NESTLE CLASSIC DIPLOMATA 80G;12;6;16;4;0;5;0;0;0,32;0;109,09;6,25;10;112;24/nov/25
1001790;CHOC BARRA NESTLE CLASSIC DIPLOMATA 80G;13;6;16;2,13;0;3;0,25;0,06;0,25;0;84,71;3,13;10;112;24/nov/25
1001790;CHOC BARRA NESTLE CLASSIC DIPLOMATA 80G;14;6;16;2,13;-5,75;3;0;0;0;;;3,13;10;112;24/nov/25
1001790;CHOC BARRA NESTLE CLASSIC DIPLOMATA 80G;18;6;16;2,13;0;3;0;0;0;;;3,13;10;112;24/nov/25
1001793;CHOC BARRA NESTLE CRUNCH 80G;5;6;64;0,53;0;2;0;0;0;;;0,78;10;112;24/nov/25
1001793;CHOC BARRA NESTLE CRUNCH 80G;6;6;64;0,53;0,05;1;0;0;0,14;2,31;51,54;0,78;10;112;24/nov/25
1001793;CHOC BARRA NESTLE CRUNCH 80G;12;6;64;1,31;0,27;2;0,05;0,16;0,2;9,44;80,56;1,56;10;112;24/nov/25
1001793;CHOC BARRA NESTLE CRUNCH 80G;13;6;64;0,53;0,06;1;0,02;0,02;0,07;6;102;0,78;10;112;24/nov/25
1001793;CHOC BARRA NESTLE CRUNCH 80G;14;6;64;0,53;0;2;0;0;0;;;0,78;10;112;24/nov/25
1001800;CHOC BARRA NESTLE GALAK 80G;2;6;16;2,13;3;3;0;0;0,06;360;720;3,13;10;112;24/nov/25
1001800;CHOC BARRA NESTLE GALAK 80G;4;6;16;2,13;3;0;0;0;0,6;35,12;35,12;3,13;10;112;24/nov/25
1001800;CHOC BARRA NESTLE GALAK 80G;5;6;16;3,13;0;4;0;0;0,47;0;60;3,13;10;112;24/nov/25
1001800;CHOC BARRA NESTLE GALAK 80G;6;6;16;3,88;0;5;0;0;0;;;3,13;10;112;24/nov/25
1001800;CHOC BARRA NESTLE GALAK 80G;11;6;16;2,13;0,31;3;0,44;0,88;0,71;3,06;32,45;3,13;10;112;24/nov/25
1001800;CHOC BARRA NESTLE GALAK 80G;12;6;16;5,25;0;6;0;0;0;;;6,25;10;112;24/nov/25
1001800;CHOC BARRA NESTLE GALAK 80G;13;6;16;2;0;3;0;0;0,01;0;1.440,00;3,13;10;112;24/nov/25
1001800;CHOC BARRA NESTLE GALAK 80G;14;6;16;2,13;0;3;0;0;0;;;3,13;10;112;24/nov/25
1001800;CHOC BARRA NESTLE GALAK 80G;18;6;16;3;-0,13;4;0,06;2,56;0,93;-0,94;29,06;3,13;10;112;24/nov/25
1001796;CHOC BARRA NESTLE PRESTIGIO 80G;3;6;16;8,5;9;9;0;0;0;;;6,25;10;112;24/nov/25
1001796;CHOC BARRA NESTLE PRESTIGIO 80G;5;6;16;2;0;3;0;0;0;;;6,25;10;112;24/nov/25
1001796;CHOC BARRA NESTLE PRESTIGIO 80G;6;6;16;2;0;3;0;0;0;;;3,13;10;112;24/nov/25
1001796;CHOC BARRA NESTLE PRESTIGIO 80G;7;6;16;2,88;2;2;0;0;0;;;6,25;10;112;24/nov/25
1001796;CHOC BARRA NESTLE PRESTIGIO 80G;18;6;16;13,5;0;14;0;0;0;;;6,25;10;112;24/nov/25
1005206;CHOC BARRA NESTLE SUFLAIR CHOC DUO 80G;6;6;16;2,13;1,56;1;0,94;0,5;0,34;32,61;53,48;3,13;10;112;24/nov/25
1005206;CHOC BARRA NESTLE SUFLAIR CHOC DUO 80G;8;6;16;2,13;2,06;0;0,44;0,63;0,77;18,68;18,68;3,13;10;112;24/nov/25
1005206;CHOC BARRA NESTLE SUFLAIR CHOC DUO 80G;11;6;16;3;2,63;0;0,56;0,31;0,71;25,71;25,71;4;10;112;24/nov/25
1005206;CHOC BARRA NESTLE SUFLAIR CHOC DUO 80G;14;6;16;2,13;2;0;0,25;0,63;0,44;32;32;3,13;10;112;24/nov/25
1005206;CHOC BARRA NESTLE SUFLAIR CHOC DUO 80G;18;6;16;2,13;1,19;2;2,38;0,63;0,95;8,77;23,54;3,13;10;112;24/nov/25
1007532;CHOC BARRA NEUGEBAUER AMEND 80G;2;6;64;1,09;0,91;1;0,75;0,42;0,66;9,56;20,11;0,78;10;112;24/nov/25
1007532;CHOC BARRA NEUGEBAUER AMEND 80G;4;6;64;0,5;0,48;1;0,33;0,19;0,41;8,23;25,22;0,78;10;112;24/nov/25
1007532;CHOC BARRA NEUGEBAUER AMEND 80G;5;6;64;0,5;0,13;1;0,59;0,52;0,42;2,11;18,95;0,78;10;112;24/nov/25
1007532;CHOC BARRA NEUGEBAUER AMEND 80G;13;6;64;0,91;0,77;1;0,58;0,27;0,43;12,35;28,49;0,78;10;112;24/nov/25
1007532;CHOC BARRA NEUGEBAUER AMEND 80G;17;6;64;3,69;2,92;0;0,5;0,69;0,64;31,88;31,88;4,69;10;112;24/nov/25
1007574;CHOC BARRA NEUGEBAUER AMENDOLATE 80G;17;6;64;0,56;0,33;1;0,2;0,22;0,2;11,25;45,54;1,56;10;112;24/nov/25
1007535;CHOC BARRA NEUGEBAUER AO LEITE 80G;2;6;64;2,31;1,73;2;1,8;1,73;1,66;7,3;15,72;0,78;10;112;24/nov/25
1007535;CHOC BARRA NEUGEBAUER AO LEITE 80G;5;6;64;1;0,64;1;1,27;0,98;1,02;4,41;11,29;0,78;10;112;24/nov/25
1007535;CHOC BARRA NEUGEBAUER AO LEITE 80G;18;6;64;1,88;1,31;2;1,52;1,45;1,36;6,74;17,01;4,69;10;112;24/nov/25
1007529;CHOC BARRA NEUGEBAUER BRANCO 80G;5;6;64;0,56;0,52;0;0,28;0,28;0,21;17,37;17,37;0,78;10;112;24/nov/25
1007529;CHOC BARRA NEUGEBAUER BRANCO 80G;7;6;64;0,5;0,41;1;0,33;0,28;0,2;13,93;48,21;0,78;10;112;24/nov/25
1007529;CHOC BARRA NEUGEBAUER BRANCO 80G;12;6;64;2,13;1,88;0;0,5;0,81;0,7;18,75;18,75;3,13;10;112;24/nov/25
1007529;CHOC BARRA NEUGEBAUER BRANCO 80G;17;6;64;2,13;1,67;1;0,97;1,5;1,14;10,22;16,34;3,13;10;112;24/nov/25
1007529;CHOC BARRA NEUGEBAUER BRANCO 80G;18;6;64;2,13;2,02;0;0,53;0,38;0,69;20,37;20,37;3,13;10;112;24/nov/25
1007536;CHOC BARRA NEUGEBAUER CARAMELO 80G;3;6;64;2,13;3,06;1;0,7;0,53;0,62;34,39;45,61;3,13;10;112;24/nov/25
1007536;CHOC BARRA NEUGEBAUER CARAMELO 80G;18;6;64;0,91;0,75;1;0,16;0,09;0,24;21,82;50,91;1,56;10;112;24/nov/25
1007533;CHOC BARRA NEUGEBAUER COOKIES 80G;13;6;64;0,88;0,86;1;0,84;0,3;0,54;11,15;24,12;0,78;10;112;24/nov/25
1007533;CHOC BARRA NEUGEBAUER COOKIES 80G;17;6;64;1,34;0,5;2;0,92;0,55;0,78;4,47;22,33;2,34;10;112;24/nov/25
1007531;CHOC BARRA NEUGEBAUER FLOCOS 80G;7;6;64;0,5;0,45;1;0,13;0,47;0,23;13,59;43,59;0,78;10;112;24/nov/25
1007531;CHOC BARRA NEUGEBAUER FLOCOS 80G;17;6;64;0,69;0,58;1;0,22;0,52;0,32;12,61;34,43;1,56;10;112;24/nov/25
1007530;CHOC BARRA NEUGEBAUER MEIO AMARGO 80G;7;6;64;0,69;0,52;1;0,53;0,89;0,67;5,35;15,73;0,78;10;112;24/nov/25
1007530;CHOC BARRA NEUGEBAUER MEIO AMARGO 80G;11;6;64;1,72;1,25;1;1,41;1,33;1,3;6,74;12,13;1,56;10;112;24/nov/25
1007530;CHOC BARRA NEUGEBAUER MEIO AMARGO 80G;13;6;64;0,94;0,88;1;0,64;0,48;0,63;9,71;20,81;0,78;10;112;24/nov/25
1007530;CHOC BARRA NEUGEBAUER MEIO AMARGO 80G;18;6;64;2,13;2,08;0;0,86;1;1;14,51;14,51;3,13;10;112;24/nov/25
1007528;CHOC BARRA NEUGEBAUER PRETO/BRAN 80G;5;6;64;0,56;0,53;1;0,44;0,56;0,43;8,64;24,92;1,56;10;112;24/nov/25
1007528;CHOC BARRA NEUGEBAUER PRETO/BRAN 80G;17;6;64;1;0,27;2;0,84;0,48;0,63;2,93;25;4,69;10;112;24/nov/25
1007528;CHOC BARRA NEUGEBAUER PRETO/BRAN 80G;18;6;64;1;0,98;1;0,69;0,89;0,76;9,04;18,23;4,69;10;112;24/nov/25
41494;CHOC BATON GAROTO AO LEITE 16G;4;6;30;10;9,83;0;0,77;0,47;0,69;99,44;99,44;0;10;112;24/nov/25
41494;CHOC BATON GAROTO AO LEITE 16G;7;6;30;2;1,63;1;1,73;0,83;1,25;9,13;14,72;0;10;112;24/nov/25
41494;CHOC BATON GAROTO AO LEITE 16G;11;6;30;2;1,13;2;0,7;0,9;0,72;11,09;30,65;0;10;112;24/nov/25
41494;CHOC BATON GAROTO AO LEITE 16G;12;6;30;7;4;0;2,7;2;2,11;13,28;13,28;8;10;112;24/nov/25
41494;CHOC BATON GAROTO AO LEITE 16G;13;6;30;5;3,37;1;0,73;1;1,01;23,31;30,23;6;10;112;24/nov/25
41494;CHOC BATON GAROTO AO LEITE 16G;14;6;30;6;4,7;2;1,1;0,47;0,68;48,62;69,31;7;10;112;24/nov/25
41494;CHOC BATON GAROTO AO LEITE 16G;17;6;30;7;6,27;0;3,83;1,77;2,6;16,89;16,89;8;10;112;24/nov/25
106122;CHOC FERRERO ROCHER C/8;2;6;20;0,5;1,4;0;0,1;0,1;0,14;70;70;1,3;10;112;24/nov/25
41486;CHOC GAROTO BATON BRANCO 16G;3;6;30;2,37;3,1;1;0,4;0,53;0,53;41,03;54,26;0;10;112;24/nov/25
41486;CHOC GAROTO BATON BRANCO 16G;6;6;30;0,5;0,43;1;0,17;0,2;0,16;19,5;64,5;0;10;112;24/nov/25
41486;CHOC GAROTO BATON BRANCO 16G;7;6;30;0,77;0,33;1;0,47;0,2;0,61;3,85;15,38;0;10;112;24/nov/25
41486;CHOC GAROTO BATON BRANCO 16G;17;6;30;7;5,67;0;0,67;1,43;1,1;36,17;36,17;8;10;112;24/nov/25
1009777;CHOC GAROTO BATON CREME MOR 16G;8;6;30;1;0,83;0;0,23;0,17;0,11;53,57;53,57;0;10;112;24/nov/25
1009777;CHOC GAROTO BATON CREME MOR 16G;13;6;30;5;4,5;0;0,27;0,3;0,3;106,58;106,58;6;10;112;24/nov/25
1009777;CHOC GAROTO BATON CREME MOR 16G;17;6;30;7;6,4;0;0,9;0,6;0,65;69,4;69,4;8;10;112;24/nov/25
1008964;CHOC GAROTO BATON LEITE CREME 16G;3;6;30;7;7,67;1;0,6;0,2;0,35;153,33;173,33;8;10;112;24/nov/25
1008964;CHOC GAROTO BATON LEITE CREME 16G;14;6;30;6;2,5;0;0,2;0,27;0,2;86,54;86,54;7;10;112;24/nov/25
1008964;CHOC GAROTO BATON LEITE CREME 16G;17;6;30;7;5,77;0;1,23;0,77;0,74;54,63;54,63;8;10;112;24/nov/25
1017950;CHOC GAROTO CROCANTE 25G;13;6;30;1,8;1,47;0;0,17;0,3;0,28;36,67;36,67;0;10;112;24/nov/25
1017950;CHOC GAROTO CROCANTE 25G;17;6;30;2;1,47;0;0,37;0,63;0,47;22;22;0;10;112;24/nov/25
1010116;CHOC KINDER CHOCOLATE T4 50G;3;6;20;1;0,7;1;1;0,05;0,3;16,15;39,23;0;10;112;24/nov/25
1014099;CHOC LACTA  BIS XTRA BLACK CHOCOLATE 45G;11;6;24;0,5;0,46;1;0,13;0;0,04;82,5;262,5;0;10;112;24/nov/25
1014099;CHOC LACTA  BIS XTRA BLACK CHOCOLATE 45G;12;6;24;3;2,63;0;0,13;0,04;0,07;270;270;4;10;112;24/nov/25
1014099;CHOC LACTA  BIS XTRA BLACK CHOCOLATE 45G;14;6;24;2,17;0,54;3;0,21;0,33;0,24;15,6;102;3,13;10;112;24/nov/25
1014099;CHOC LACTA  BIS XTRA BLACK CHOCOLATE 45G;18;6;24;6,33;6;0;0,29;0,17;0,23;180;180;7,29;10;112;24/nov/25
1009446;CHOC LACTA BIS XTRA AO LEITE ORIGINA 45G;7;6;24;2;1,58;1;0,46;0,33;0,3;36,77;60;0;10;112;24/nov/25
1009446;CHOC LACTA BIS XTRA AO LEITE ORIGINA 45G;11;6;24;1;0,5;1;0,38;0,38;0,26;13,33;40;0;10;112;24/nov/25
1009446;CHOC LACTA BIS XTRA AO LEITE ORIGINA 45G;12;6;24;3;2,67;0;0,21;0,17;0,2;91,43;91,43;4;10;112;24/nov/25
1009446;CHOC LACTA BIS XTRA AO LEITE ORIGINA 45G;14;6;24;3,5;2,63;2;0,58;0,25;0,37;49,74;87,63;5,21;10;112;24/nov/25
1009444;CHOC LACTA BIS XTRA OREO BCO 45G;3;6;24;3,17;3,92;2;0,08;0,21;0,21;128,18;193,64;4,17;10;112;24/nov/25
1009444;CHOC LACTA BIS XTRA OREO BCO 45G;4;6;24;2;-0,08;3;0,04;0,04;0,11;-5,45;190,91;3;10;112;24/nov/25
1009444;CHOC LACTA BIS XTRA OREO BCO 45G;5;6;24;1;0,54;1;0,17;0,21;0,14;27,86;79,29;2,08;10;112;24/nov/25
1009444;CHOC LACTA BIS XTRA OREO BCO 45G;7;6;24;0,5;0,08;1;0,08;0,21;0,09;6,67;86,67;0;10;112;24/nov/25
1009444;CHOC LACTA BIS XTRA OREO BCO 45G;12;6;24;3;2,29;0;0,21;0,46;0,22;71,74;71,74;4;10;112;24/nov/25
1009444;CHOC LACTA BIS XTRA OREO BCO 45G;17;6;24;2,17;1,5;0;0,17;0,04;0,18;60;60;3,13;10;112;24/nov/25
1023061;CHOC LACTA DIAMANTE NEGRO 28G;3;6;12;4;5,17;3;0,17;0,58;0,54;66,43;105;0;10;112;24/nov/25
1023061;CHOC LACTA DIAMANTE NEGRO 28G;12;6;12;2;1,75;0;0;0;0,04;315;315;0;10;112;24/nov/25
1023059;CHOC LACTA LAKA 28G;3;6;12;4;4,75;3;0,42;0,75;0,43;77,73;126,82;0;10;112;24/nov/25
1008914;CHOC LACTA STAR 40G;2;6;18;6;3,44;0;0,44;0,67;0,36;66,43;66,43;0;10;112;24/nov/25
1008914;CHOC LACTA STAR 40G;3;6;18;11,11;11,83;10;0,44;0,67;0,79;104,75;193,28;0;10;112;24/nov/25
1008914;CHOC LACTA STAR 40G;4;6;18;6;3,06;0;0,44;0,56;1,13;18,97;18,97;0;10;112;24/nov/25
1008914;CHOC LACTA STAR 40G;13;6;18;6;3,89;0;0,33;0,06;0,23;116,67;116,67;0;10;112;24/nov/25
1008914;CHOC LACTA STAR 40G;17;6;18;6;1,44;0;0,11;0,39;0,35;28,89;28,89;0;10;112;24/nov/25
1008914;CHOC LACTA STAR 40G;18;6;18;11,11;9,44;1;0,5;0,5;0,58;113,33;125,33;0;10;112;24/nov/25
1007806;CHOC LACTA STICK OURO BRANCO 25G;3;6;15;11,87;12,6;2;1,13;1,4;1,54;57,27;66,36;12,8;10;112;24/nov/25
1007806;CHOC LACTA STICK OURO BRANCO 25G;4;6;15;2;1,87;1;1,07;0,07;0,59;22,11;33,95;9,6;10;112;24/nov/25
1007806;CHOC LACTA STICK OURO BRANCO 25G;11;6;15;4;1;4;0,13;0,67;0,84;8,33;41,67;0;10;112;24/nov/25
1007806;CHOC LACTA STICK OURO BRANCO 25G;13;6;15;8,67;3,47;0;0,2;0,47;0,67;36,28;36,28;9,6;10;112;24/nov/25
1007806;CHOC LACTA STICK OURO BRANCO 25G;14;6;15;10,27;7;4;0,67;0,67;0,54;90;141,43;11,2;10;112;24/nov/25
1007806;CHOC LACTA STICK OURO BRANCO 25G;17;6;15;11,87;11,8;0;0,67;0,47;0,84;98,33;98,33;12,8;10;112;24/nov/25
1017365;CHOC NESTLE CHARGE FLOWPACK 117G;2;6;30;1;0,9;0;0,03;0,07;0,02;270;270;0;10;112;24/nov/25
1017365;CHOC NESTLE CHARGE FLOWPACK 117G;3;6;30;1,53;2,9;2;0,03;0,1;0,09;237,27;400,91;2,5;10;112;24/nov/25
1017365;CHOC NESTLE CHARGE FLOWPACK 117G;4;6;30;1;0,57;1;0;0;0,01;510;1.410,00;0;10;112;24/nov/25
1017365;CHOC NESTLE CHARGE FLOWPACK 117G;5;6;30;1;0,87;1;0;0;0,02;260;560;0;10;112;24/nov/25
1017365;CHOC NESTLE CHARGE FLOWPACK 117G;12;6;30;1;0;2;0;0;0;;;5;10;112;24/nov/25
26985;CHOC NESTLE CHOKITO 32G;13;6;30;3,8;1,63;0;0,4;0,03;0,19;58,8;58,8;4,8;10;112;24/nov/25
26985;CHOC NESTLE CHOKITO 32G;14;6;30;4,6;2,37;3;1,2;0,9;0,57;29,18;66,16;5,6;10;112;24/nov/25
1010753;CHOC NESTLE KIT KAT CHOC BRANCO 41,5G;5;6;24;4;1;4;0,42;0,46;0,57;12,2;61,02;0;10;112;24/nov/25
1010753;CHOC NESTLE KIT KAT CHOC BRANCO 41,5G;12;6;24;4;1,63;0;0,38;0,75;0,62;18,28;18,28;8;10;112;24/nov/25
1010753;CHOC NESTLE KIT KAT CHOC BRANCO 41,5G;17;6;24;4;3,33;0;0,21;0,42;0,15;160;160;8;10;112;24/nov/25
8000265;CHOC NESTLE KIT KAT DARK 41,5G;4;6;24;4;5;0;0;0;0,03;1.200,00;1.200,00;0;10;112;24/nov/25
8000265;CHOC NESTLE KIT KAT DARK 41,5G;7;6;24;2;1,71;0;0,04;0,13;0,19;61,5;61,5;0;10;112;24/nov/25
8000265;CHOC NESTLE KIT KAT DARK 41,5G;12;6;24;4;1,83;0;0,13;0,42;0,26;48,89;48,89;0;10;112;24/nov/25
8000265;CHOC NESTLE KIT KAT DARK 41,5G;17;6;24;4;3,83;0;0,17;0,88;0,49;55,2;55,2;0;10;112;24/nov/25
1017367;CHOC NESTLE LOLLO FLOWPACK 114G;17;1;30;1;0,77;0;0,07;0;0,04;138;138;0;10;112;24/nov/25
8157;CHOC NESTLE PRESTIGIO 33G;2;6;30;1,5;1,13;0;0,3;0,47;0,36;22,17;22,17;0;10;112;24/nov/25
8157;CHOC NESTLE PRESTIGIO 33G;3;6;30;5,13;5,93;1;1;0,97;0,46;90,51;105,76;0;10;112;24/nov/25
8157;CHOC NESTLE PRESTIGIO 33G;6;6;30;1,77;0,87;2;0,57;0,67;0,46;13,22;43,73;0;10;112;24/nov/25
8157;CHOC NESTLE PRESTIGIO 33G;13;6;30;3,8;1,5;3;0,8;0,77;0,95;11,07;33,2;4,8;10;112;24/nov/25
8157;CHOC NESTLE PRESTIGIO 33G;17;6;30;5,4;3,87;0;2,03;0,13;1,02;26,56;26,56;6,4;10;112;24/nov/25
1010351;CHOC NESTLE PRESTIGIO DARK 33G;7;6;30;0,5;0,07;1;0,03;0;0,01;60;960;0;10;112;24/nov/25
1010351;CHOC NESTLE PRESTIGIO DARK 33G;12;6;30;5,4;2,3;0;0,27;0,3;0,35;46;46;6,4;10;112;24/nov/25
1010351;CHOC NESTLE PRESTIGIO DARK 33G;14;6;30;4,6;4,37;1;1,13;0,63;0,83;36,73;45,14;5,6;10;112;24/nov/25
1021891;CHOC NESTLE SURPRESA 20G;13;6;22;2,73;2,68;0;0,05;0,27;0,15;126,43;126,43;0;10;112;24/nov/25
1014835;CHOC TABLETE 1891 55% CACAU  AVELA  90G;3;6;10;2;3,4;3;0;0,2;0,21;113,33;213,33;10;10;112;24/nov/25
1014833;CHOC TABLETE 1891 SUPREME AO LEITE 90G;3;6;10;2;2,8;1;0,2;0,3;0,16;120;162,86;10;10;112;24/nov/25
30660;COBERT COBERTOP AO LEITE BARRA 1,01KG;2;6;10;1,4;0,6;2;0;0,2;0,05;90;390;2,6;10;112;24/nov/25
30660;COBERT COBERTOP AO LEITE BARRA 1,01KG;12;6;10;1,5;1,4;0;0,1;0,9;0,26;38,18;38,18;5,2;10;112;24/nov/25
30660;COBERT COBERTOP AO LEITE BARRA 1,01KG;13;6;10;1;0,9;0;0,7;0,8;0,44;14,21;14,21;2,6;10;112;24/nov/25
30660;COBERT COBERTOP AO LEITE BARRA 1,01KG;17;6;10;1,4;1,1;0;0,3;0,3;0,19;41,25;41,25;2,6;10;112;24/nov/25
46019;COBERT COBERTOP AO LEITE GOTAS 1,01KG;11;6;10;1,5;0;0,1;1,1;2,1;1,42;0;0,49;3,9;10;112;24/nov/25
46019;COBERT COBERTOP AO LEITE GOTAS 1,01KG;13;6;10;1;0,7;0,1;0,3;0,6;0,49;10;11,43;2,6;10;112;24/nov/25
46019;COBERT COBERTOP AO LEITE GOTAS 1,01KG;14;6;10;0,6;1;1,1;0,6;0,3;0,21;33,33;70;1,3;10;112;24/nov/25
46019;COBERT COBERTOP AO LEITE GOTAS 1,01KG;17;6;10;0,6;0,5;0,1;0,5;0,2;0,3;11,54;13,85;1,3;10;112;24/nov/25
46019;COBERT COBERTOP AO LEITE GOTAS 1,01KG;18;6;10;3;2,3;0;0,7;1,5;0,82;19,71;19,71;5,2;10;112;24/nov/25
1500004;CONFEITO ARCOR CHOCOVINHOS TORTUG 50G;11;6;30;0,5;1,37;0;0,27;0,4;0,39;24,6;24,6;0,33;10;112;24/nov/25
149471;CONFEITO DORI AMENDOIM CHOCOLATE 70G;2;6;30;3;1,97;2;1,9;2,1;2,03;6,78;13,68;0;10;112;24/nov/25
149471;CONFEITO DORI AMENDOIM CHOCOLATE 70G;3;6;30;2;2,7;1;0,8;0,83;0,89;21,32;29,21;0,57;10;112;24/nov/25
149471;CONFEITO DORI AMENDOIM CHOCOLATE 70G;4;6;30;1;0,9;0;0,3;0,3;0,6;10,52;10,52;0;10;112;24/nov/25
149471;CONFEITO DORI AMENDOIM CHOCOLATE 70G;5;6;30;2;1,3;1;0,6;0,9;0,54;16,71;29,57;0;10;112;24/nov/25
1009095;CONFEITO DORI CHOCOCANDY 500G;13;6;12;1,5;1,25;0;0,17;0,08;0,08;112,5;112,5;0;10;112;24/nov/25
1009095;CONFEITO DORI CHOCOCANDY 500G;18;6;12;1,92;1,67;0;0,33;0;0,43;27,27;27,27;0;10;112;24/nov/25
1001720;CONFEITO DORI DISQUETI CHOCOLATE 120G;13;6;30;1,4;1;0;0,07;0,13;0,09;81,82;81,82;2,4;10;112;24/nov/25
135900;CONFEITO JAZAM COLORETI MINI SORT 500G;11;6;12;1;0,83;0;0,92;0,17;0,29;20;20;0;10;112;24/nov/25
1005745;DOCE N BONN BIG PACOCA CASEIRA 1,3KG;12;6;6;1;0,17;1;1,83;0,33;0,89;1,3;9,13;0;10;112;24/nov/25
2738;DOCE N BONN PACOCA CAS 2 KG;11;6;10;1,2;1,1;0;0,4;0,7;0,44;17,37;17,37;0;10;112;24/nov/25
2738;DOCE N BONN PACOCA CAS 2 KG;12;6;10;1,8;0,9;2;0,5;0,9;0,51;12,27;39,55;1,8;10;112;24/nov/25
48625;DOCE N BONN PEZAO 1KG;1;6;12;2;1,17;2;0,58;1;0,68;12;32,57;0;10;112;24/nov/25
48625;DOCE N BONN PEZAO 1KG;3;6;12;2;1,92;1;0,5;0,5;0,49;27,6;42;0;10;112;24/nov/25
48625;DOCE N BONN PEZAO 1KG;8;6;12;3;2,25;0;0,83;0,58;0,58;27;27;0;10;112;24/nov/25
48625;DOCE N BONN PEZAO 1KG;11;6;12;1;0,75;0;0,08;0,83;0,29;18;18;0;10;112;24/nov/25
48625;DOCE N BONN PEZAO 1KG;12;6;12;3;2,83;0;1,92;2;1,93;10,3;10,3;0;10;112;24/nov/25
48625;DOCE N BONN PEZAO 1KG;13;6;12;1,5;1,33;0;0,42;1,08;0,7;13,33;13,33;0;10;112;24/nov/25
48625;DOCE N BONN PEZAO 1KG;17;6;12;2;1,75;0;0,92;0,08;0,49;25,2;25,2;0;10;112;24/nov/25
1018669;MARSHMALLOW FOFS ASSAR 220G;17;6;12;1;0,83;0;0,83;0,33;0,41;14,29;14,29;0;10;112;24/nov/25
1018679;MARSHMALLOW FOFS IOGURTE MORANGO 220G;5;6;12;0,67;0,58;0;0,25;0,08;0,08;52,5;52,5;0;10;112;24/nov/25
1018679;MARSHMALLOW FOFS IOGURTE MORANGO 220G;12;6;12;2,17;1,83;0;0,42;1,58;0,91;14,04;14,04;0;10;112;24/nov/25
1018679;MARSHMALLOW FOFS IOGURTE MORANGO 220G;13;6;12;1;0,58;1;0,42;0,75;0,47;8,75;23,75;0;10;112;24/nov/25
1018679;MARSHMALLOW FOFS IOGURTE MORANGO 220G;17;6;12;1;0,75;1;0,33;0,42;0,43;12,27;28,64;0;10;112;24/nov/25
1018679;MARSHMALLOW FOFS IOGURTE MORANGO 220G;18;6;12;1;0,5;1;0,92;0,5;0,58;6;18;0;10;112;24/nov/25
1018672;MARSHMALLOWS FOFS DINOS 220G;2;6;12;0,67;6;2;0;0;0;;;0;10;112;24/nov/25
1018672;MARSHMALLOWS FOFS DINOS 220G;13;6;12;1;0;2;0;0;0;;;0;10;112;24/nov/25
1018672;MARSHMALLOWS FOFS DINOS 220G;17;1;12;1;4;2;0;0;0;;;0;10;112;24/nov/25
1018672;MARSHMALLOWS FOFS DINOS 220G;18;1;12;0,67;0;2;0;0;0;;;1;10;112;24/nov/25
1010359;PASTILHA DOCILE MINTY LARANJA 14G;4;6;12;5;4,92;0;0,25;0;0,31;110,63;110,63;6;10;112;24/nov/25
1010359;PASTILHA DOCILE MINTY LARANJA 14G;6;6;12;5,67;2,08;5;1,42;1,58;1,75;8,33;28,33;0;10;112;24/nov/25
1010359;PASTILHA DOCILE MINTY LARANJA 14G;12;6;12;7;5,25;0;0,58;0,42;0,66;55,59;55,59;8;10;112;24/nov/25
1010359;PASTILHA DOCILE MINTY LARANJA 14G;13;6;12;9,58;7,83;0;0,67;0,67;0,43;128,18;128,18;0;10;112;24/nov/25
1010359;PASTILHA DOCILE MINTY LARANJA 14G;14;6;12;6;5,42;0;0,17;0,08;0,35;108,33;108,33;7;10;112;24/nov/25
1010360;PASTILHA DOCILE MINTY MORANGO 14G;12;6;12;7;3;0;0,25;0,42;0,72;29,19;29,19;8;10;112;24/nov/25
1010360;PASTILHA DOCILE MINTY MORANGO 14G;13;6;12;9,58;6;0;0,17;0,67;0,62;67,5;67,5;0;10;112;24/nov/25
1010360;PASTILHA DOCILE MINTY MORANGO 14G;14;6;12;6;4;3;0,42;0,92;0,39;72;126;7;10;112;24/nov/25
1010358;PASTILHA DOCILE MINTY TUTTI-FRUTTI 14G;1;6;12;1,5;1;0;0,42;0,33;0,23;30;30;0;10;112;24/nov/25
1010358;PASTILHA DOCILE MINTY TUTTI-FRUTTI 14G;8;6;12;1;0,75;0;0,33;0,42;0,23;22,5;22,5;0;10;112;24/nov/25
1010358;PASTILHA DOCILE MINTY TUTTI-FRUTTI 14G;13;6;12;7,08;6,5;0;0,25;0,58;0,53;86,67;86,67;0;10;112;24/nov/25
1010358;PASTILHA DOCILE MINTY TUTTI-FRUTTI 14G;14;6;12;6;2,83;4;0,33;0,92;0,6;32,9;79,35;7;10;112;24/nov/25
1010358;PASTILHA DOCILE MINTY TUTTI-FRUTTI 14G;17;6;12;7;4,08;1;0,92;1,33;1,32;21,62;26,91;8;10;112;24/nov/25
1001402;PASTILHA DOCILE ROLLY MINTY E.FORTE 29G;6;6;12;1,83;0,67;2;2,33;0,25;1,48;3,16;12,63;1,33;10;112;24/nov/25
1001402;PASTILHA DOCILE ROLLY MINTY E.FORTE 29G;12;6;12;9,67;4,42;0;2,33;1,25;2,33;13,25;13,25;10,67;10;112;24/nov/25
1001402;PASTILHA DOCILE ROLLY MINTY E.FORTE 29G;14;6;12;8,33;7,58;0;1,5;0,83;1,15;46,27;46,27;9,33;10;112;24/nov/25
1000054;PASTILHA DOCILE ROLLY MINTY FRUIT 29G;1;6;12;5;2,83;0;0,5;0,75;0,54;36,43;36,43;1,33;10;112;24/nov/25
1000054;PASTILHA DOCILE ROLLY MINTY FRUIT 29G;2;6;12;0,5;-0,08;1;0;0;0,53;-1,11;12,22;1,33;10;112;24/nov/25
1000054;PASTILHA DOCILE ROLLY MINTY FRUIT 29G;3;6;12;10,83;0,08;12;0;0;0,89;0,65;94,57;10,67;10;112;24/nov/25
1000054;PASTILHA DOCILE ROLLY MINTY FRUIT 29G;4;6;12;7;-0,08;8;0;0;0,86;-0,68;64,77;8;10;112;24/nov/25
1000054;PASTILHA DOCILE ROLLY MINTY FRUIT 29G;5;6;12;2;0;3;0;0;0;;;1,33;10;112;24/nov/25
1000054;PASTILHA DOCILE ROLLY MINTY FRUIT 29G;6;6;12;17,5;0;18;0;0;0,62;0;202,5;1,33;10;112;24/nov/25
1000054;PASTILHA DOCILE ROLLY MINTY FRUIT 29G;7;6;12;2;0;3;0;0;0;;;1,33;10;112;24/nov/25
1000054;PASTILHA DOCILE ROLLY MINTY FRUIT 29G;11;6;12;10,67;5,58;0;1,25;0;0,86;45,68;45,68;1,33;10;112;24/nov/25
1000054;PASTILHA DOCILE ROLLY MINTY FRUIT 29G;12;6;12;13,33;12,33;0;1,67;0;1,07;80,73;80,73;1,33;10;112;24/nov/25
1000054;PASTILHA DOCILE ROLLY MINTY FRUIT 29G;13;6;12;2;1,5;1;2;3,83;2,51;4,19;6,98;1,33;10;112;24/nov/25
1000054;PASTILHA DOCILE ROLLY MINTY FRUIT 29G;14;6;12;8,33;7,5;0;0,92;2,08;1,61;32,53;32,53;9,33;10;112;24/nov/25
1000054;PASTILHA DOCILE ROLLY MINTY FRUIT 29G;18;6;12;2;1,08;2;0,58;1,83;1,94;3,9;11,1;1,33;10;112;24/nov/25
1000030;PASTILHA DOCILE ROLLY MINTY HORTELA 29G;1;6;12;2;1,5;0;0,08;0,33;0,1;108;108;1,33;10;112;24/nov/25
1000030;PASTILHA DOCILE ROLLY MINTY HORTELA 29G;3;6;12;4;4,83;1;1;1;1,44;23,51;28,38;1,33;10;112;24/nov/25
1000030;PASTILHA DOCILE ROLLY MINTY HORTELA 29G;4;6;12;7;6,5;0;1,25;1,17;1,42;32,05;32,05;8;10;112;24/nov/25
1000030;PASTILHA DOCILE ROLLY MINTY HORTELA 29G;7;6;12;5;4,08;0;1,67;0;1,07;26,73;26,73;1,33;10;112;24/nov/25
1000030;PASTILHA DOCILE ROLLY MINTY HORTELA 29G;12;6;12;10;9;0;2,17;3,42;3,68;17,14;17,14;1,33;10;112;24/nov/25
1000030;PASTILHA DOCILE ROLLY MINTY HORTELA 29G;14;6;12;8,33;4,5;4;5,17;6,33;4,14;7,61;14,37;9,33;10;112;24/nov/25
151825;PASTILHA DOCILE ROLLY MINTY MORANGO 29G;2;6;12;5,67;5,33;0;1,5;2,58;2,18;17,14;17,14;0;10;112;24/nov/25
151825;PASTILHA DOCILE ROLLY MINTY MORANGO 29G;3;6;12;10,67;11,33;3;2,92;3;4,03;19,71;24,93;0;10;112;24/nov/25
151825;PASTILHA DOCILE ROLLY MINTY MORANGO 29G;4;6;12;3,33;3,17;0;2,08;1,25;1,91;11,63;11,63;0;10;112;24/nov/25
151825;PASTILHA DOCILE ROLLY MINTY MORANGO 29G;5;6;12;1,5;2,08;1;1,58;1,92;1,73;8,43;12,47;0;10;112;24/nov/25
151825;PASTILHA DOCILE ROLLY MINTY MORANGO 29G;7;6;12;2,92;2,25;2;2,17;2,67;2,04;7,71;14,57;0;10;112;24/nov/25
151825;PASTILHA DOCILE ROLLY MINTY MORANGO 29G;13;6;12;6,25;1,75;5;3,67;1,92;2,53;4,85;18,69;0;10;112;24/nov/25
1008756;PIPOCA DOCE FITOS 50G;1;6;30;0,67;0,03;2;0;0;0,07;3,33;203,33;1,7;10;112;24/nov/25
1008756;PIPOCA DOCE FITOS 50G;3;6;30;3,97;1,97;3;3,43;1,23;2,66;5,18;13,07;1,13;10;112;24/nov/25
1008756;PIPOCA DOCE FITOS 50G;6;6;30;0,5;0,27;1;0,73;0,03;0,4;4,62;21,92;0;10;112;24/nov/25
1008756;PIPOCA DOCE FITOS 50G;7;6;30;1;0,5;1;0,87;0,5;0,58;6;18;0,57;10;112;24/nov/25
1001792;PIPOCA DOCE KEVITOS 13G;1;6;50;15;0,02;16;16;6;7,47;0,02;15,02;1,02;10;112;24/nov/25
1001792;PIPOCA DOCE KEVITOS 13G;2;6;50;25;15,34;11;12,28;15,68;11,65;9,22;15,82;0;10;112;24/nov/25
1001792;PIPOCA DOCE KEVITOS 13G;5;6;50;15;14,88;0;0;1,02;0,7;147,81;147,81;12,24;10;112;24/nov/25
1001792;PIPOCA DOCE KEVITOS 13G;6;6;50;25;19,56;6;3,66;6,3;4,15;32,97;43,08;0;10;112;24/nov/25
1001792;PIPOCA DOCE KEVITOS 13G;7;6;50;15;14,92;1;1,34;0,7;2,12;49,3;52,6;10,2;10;112;24/nov/25
1001792;PIPOCA DOCE KEVITOS 13G;11;6;50;15;13,62;0;2,4;5,58;3,72;25,63;25,63;0;10;112;24/nov/25
1001792;PIPOCA DOCE KEVITOS 13G;13;6;50;25;17;9;9;11;4,67;25,5;39;10,2;10;112;24/nov/25
1001792;PIPOCA DOCE KEVITOS 13G;14;6;50;15;10;7;3;5;4,9;14,29;24,29;10,2;10;112;24/nov/25
1001792;PIPOCA DOCE KEVITOS 13G;17;6;50;25;23,74;0;1,1;6,08;4,35;38,17;38,17;4,08;10;112;24/nov/25
1001792;PIPOCA DOCE KEVITOS 13G;18;6;50;35;32,36;4;2,06;6,1;5,19;43,65;49,05;4,08;10;112;24/nov/25
1010142;PIRULITO DORI FACEPOP APITO 450G;13;6;20;1;0,85;0;0,15;0,45;0,28;21,25;21,25;2,55;10;112;24/nov/25
1010701;PIRULITO PIETROBON  UVA 480G;17;6;20;0,6;0,45;0;0,25;0,1;0,15;20,77;20,77;0;10;112;24/nov/25
21887;TORRONE ARCOR TURRON Y MANI 25G;2;6;50;4;3,84;0;1,6;3,02;3,12;8,61;8,61;0;10;112;24/nov/25
21887;TORRONE ARCOR TURRON Y MANI 25G;3;6;50;6;6,64;3;3,12;4,62;5,16;9,01;13,09;30;10;112;24/nov/25
21887;TORRONE ARCOR TURRON Y MANI 25G;6;6;50;0,72;0,48;1;0,64;1,12;0,87;3,87;11,94;0;10;112;24/nov/25
21887;TORRONE ARCOR TURRON Y MANI 25G;11;6;50;4,56;3,72;0;2;2,5;2,26;11,53;11,53;0;10;112;24/nov/25
21887;TORRONE ARCOR TURRON Y MANI 25G;12;6;50;2,84;2,32;0;0,72;1,14;0,9;18,03;18,03;3,84;10;112;24/nov/25
21887;TORRONE ARCOR TURRON Y MANI 25G;13;6;50;4;3,36;0;2,5;1,94;2,51;9,37;9,37;0;10;112;24/nov/25
21887;TORRONE ARCOR TURRON Y MANI 25G;14;6;50;2,36;1,5;2;1,82;2,12;1,67;6,28;14,66;3,36;10;112;24/nov/25
21887;TORRONE ARCOR TURRON Y MANI 25G;18;6;50;3,04;2,08;2;2,48;2,28;2,75;5,29;10,37;0;10;112;24/nov/25
1018006;WAFER ISABELA CHOCKS CHOCOLATE 100,8G;2;6;30;1;0,77;0;0,23;0;0,06;86,25;86,25;0;10;112;24/nov/25
1018006;WAFER ISABELA CHOCKS CHOCOLATE 100,8G;13;6;30;2;1,97;0;0;0;0,12;118;118;0;10;112;24/nov/25
1003130;WAFER MINUETO ROLINHO CHOC 40G;11;6;24;0,83;0,63;0;0,25;0;0,09;50;50;2,08;10;112;24/nov/25
1003130;WAFER MINUETO ROLINHO CHOC 40G;13;6;24;2;1,83;0;0,58;0,17;0,57;22,37;22,37;2,08;10;112;24/nov/25
8001287;WAFER MINUETO ROLINHO CHOC/LEITE 40G;4;6;24;1;0,88;1;0,13;0;0,03;210;450;1,04;10;112;24/nov/25
8001287;WAFER MINUETO ROLINHO CHOC/LEITE 40G;11;6;24;0,83;0,67;0;0,13;0;0,15;32;32;2,08;10;112;24/nov/25
8001287;WAFER MINUETO ROLINHO CHOC/LEITE 40G;14;6;24;2,5;1;2;0;0;0;;;2,08;10;112;24/nov/25
1003154;WAFER MINUETO ROLINHO MORANGO 40G;4;6;24;2;1,08;0;0,13;0,04;0,12;65;65;1,04;10;112;24/nov/25
1003154;WAFER MINUETO ROLINHO MORANGO 40G;6;6;24;0,5;0,46;0;0,25;0,21;0,13;25,38;25,38;6,25;10;112;24/nov/25
1003154;WAFER MINUETO ROLINHO MORANGO 40G;13;6;24;2;1,88;0;0,5;0,29;0,36;36,49;36,49;1,04;10;112;24/nov/25
1008743;SALG ALFITOS BACON 35G;1;6;30;2;1,3;0;0,3;0,4;0,31;29,25;29,25;0;10;113;24/nov/25
1008743;SALG ALFITOS BACON 35G;3;6;30;2;2,9;1;0,63;0,87;0,64;31,83;42,8;1,13;10;113;24/nov/25
1008743;SALG ALFITOS BACON 35G;7;6;30;3;2,67;0;1,1;1,87;1,33;14,04;14,04;1,13;10;113;24/nov/25
1008743;SALG ALFITOS BACON 35G;8;6;30;2;1,83;0;0,63;0,63;0,9;14,22;14,22;0,57;10;113;24/nov/25
1008743;SALG ALFITOS BACON 35G;13;6;30;3;1,5;2;2,1;3,07;2,13;4,93;11,5;1,13;10;113;24/nov/25
1008743;SALG ALFITOS BACON 35G;14;6;30;1;1,7;0;0,2;0,3;0,19;63,75;63,75;2,27;10;113;24/nov/25
1008743;SALG ALFITOS BACON 35G;17;6;30;2,8;2,47;0;1,03;2,2;1,22;14,14;14,14;1,13;10;113;24/nov/25
1008743;SALG ALFITOS BACON 35G;18;6;30;2;1,17;2;0,93;1,13;0,74;11,05;30;1,13;10;113;24/nov/25
1008748;SALG ALFITOS CEBOLA 35G;2;6;30;1,3;0,63;2;1,27;1,03;0,77;5,76;23,94;0;10;113;24/nov/25
1008748;SALG ALFITOS CEBOLA 35G;5;6;30;1,73;1,63;0;1,2;1,2;1,02;11,22;11,22;0,57;10;113;24/nov/25
1008748;SALG ALFITOS CEBOLA 35G;6;6;30;0,5;0,3;1;0,87;0,43;0,47;4,43;19,18;0;10;113;24/nov/25
1008748;SALG ALFITOS CEBOLA 35G;12;6;30;2;1,63;1;1,47;1,5;1,5;7,62;12,28;1,13;10;113;24/nov/25
1008748;SALG ALFITOS CEBOLA 35G;13;6;30;5;3,73;0;0,83;0,83;0,95;27,54;27,54;0,57;10;113;24/nov/25
1008748;SALG ALFITOS CEBOLA 35G;17;6;30;2,57;2,5;0;1,03;0,6;0,73;23,94;23,94;0,57;10;113;24/nov/25
1008748;SALG ALFITOS CEBOLA 35G;18;6;30;1;0,93;1;0,67;0,7;0,99;6,61;13,7;0,57;10;113;24/nov/25
1008746;SALG ALFITOS CHURRASCO 35G;1;6;30;4;3,5;0;0,1;1,23;0,42;58,33;58,33;0;10;113;24/nov/25
1008746;SALG ALFITOS CHURRASCO 35G;2;6;30;3;1,8;2;1,8;1,4;1,66;7,61;16,06;0;10;113;24/nov/25
1008746;SALG ALFITOS CHURRASCO 35G;12;6;30;3;2,2;2;1,73;2,43;2,19;7,02;13,4;2,27;10;113;24/nov/25
1008746;SALG ALFITOS CHURRASCO 35G;17;6;30;4,7;3,77;0;0,57;1,33;1,2;22,01;22,01;1,13;10;113;24/nov/25
1008745;SALG ALFITOS FRANGO 35G;2;6;30;3;2,3;0;1,3;1,07;1,25;12,86;12,86;0;10;113;24/nov/25
1008745;SALG ALFITOS FRANGO 35G;11;6;30;2;1,9;0;0,37;0,23;0,34;38,86;38,86;0;10;113;24/nov/25
1008745;SALG ALFITOS FRANGO 35G;12;6;30;2,63;1,73;0;0,47;0,97;0,74;16,42;16,42;2,27;10;113;24/nov/25
1008745;SALG ALFITOS FRANGO 35G;13;6;30;3;2,87;0;0,93;2,47;1,45;13,8;13,8;1,13;10;113;24/nov/25
1008745;SALG ALFITOS FRANGO 35G;17;6;30;3;2,2;0;0,77;0,33;0,65;23,57;23,57;1,13;10;113;24/nov/25
1008741;SALG ALFITOS PRESUNTO 35G;2;6;30;5;2,43;4;3,2;2,23;2,78;6,13;16,22;0;10;113;24/nov/25
1008741;SALG ALFITOS PRESUNTO 35G;5;6;30;2;1,97;0;0;0,97;0,24;57,1;57,1;1,13;10;113;24/nov/25
1008741;SALG ALFITOS PRESUNTO 35G;8;6;30;3;2,7;0;1;1,47;1,15;16,42;16,42;0,57;10;113;24/nov/25
1008741;SALG ALFITOS PRESUNTO 35G;13;6;30;4;2,3;3;1,9;2,2;1,89;8,52;19,63;1,13;10;113;24/nov/25
1008741;SALG ALFITOS PRESUNTO 35G;17;6;30;3,13;2,13;2;1,57;1,27;1,8;8,31;16,1;1,13;10;113;24/nov/25
1008741;SALG ALFITOS PRESUNTO 35G;18;6;30;2,17;2;1;1,1;0,93;1,95;7,17;10,76;1,13;10;113;24/nov/25
1008740;SALG ALFITOS QUEIJO 35G;2;6;30;3;1,1;3;1,57;1,47;1,34;5,76;21,45;0;10;113;24/nov/25
1008740;SALG ALFITOS QUEIJO 35G;6;6;30;0,73;0,47;1;0,77;0,6;0,75;4,38;13,75;0;10;113;24/nov/25
1008740;SALG ALFITOS QUEIJO 35G;7;6;30;0,87;0,67;1;1,1;1,1;0,78;6;15;1,13;10;113;24/nov/25
1008740;SALG ALFITOS QUEIJO 35G;8;6;30;3;2;0;0,8;0,7;0,95;14,75;14,75;0,57;10;113;24/nov/25
1008740;SALG ALFITOS QUEIJO 35G;11;6;30;1,07;0,87;0;0,27;0,4;0,3;20,53;20,53;0;10;113;24/nov/25
1008740;SALG ALFITOS QUEIJO 35G;12;6;30;1,6;1,53;0;0,93;0,9;0,99;10,87;10,87;2,27;10;113;24/nov/25
1008740;SALG ALFITOS QUEIJO 35G;13;6;30;4;2,53;2;1,33;2;1,8;9,83;17,59;1,13;10;113;24/nov/25
1012899;SALG BACONYTOS 80G;1;6;10;5;3,3;3;1,6;3,1;1,96;11,79;22,5;0;10;113;24/nov/25
1012899;SALG BACONYTOS 80G;2;6;10;2;1,4;0;0,2;1,1;0,47;21;21;0;10;113;24/nov/25
1012899;SALG BACONYTOS 80G;3;6;10;6;1,6;5;5,5;4,3;3,57;3,14;12,94;13,6;10;113;24/nov/25
1012899;SALG BACONYTOS 80G;5;6;10;1;-0,4;2;2,6;3;1,82;-1,54;6,15;0;10;113;24/nov/25
1012899;SALG BACONYTOS 80G;8;6;10;6;7,2;5;2,1;2,5;1,89;26,67;45,19;1,7;10;113;24/nov/25
1012899;SALG BACONYTOS 80G;12;6;10;5;3,9;0;0,8;1,2;0,79;34,41;34,41;1,7;10;113;24/nov/25
1012899;SALG BACONYTOS 80G;13;6;10;2;1;2;1,5;2;0,93;7,5;22,5;1,7;10;113;24/nov/25
1012899;SALG BACONYTOS 80G;17;6;10;3;2,2;0;0,5;0,5;0,49;31,43;31,43;1,7;10;113;24/nov/25
1012899;SALG BACONYTOS 80G;18;6;10;5;3,6;2;1,2;0,8;0,93;27;42;13,6;10;113;24/nov/25
1005181;SALG BATATA PRINGLES CEBOLA 109G;3;6;18;2,5;3,17;1;0,94;1;1,22;18,19;23,94;1;10;113;24/nov/25
1005181;SALG BATATA PRINGLES CEBOLA 109G;17;6;18;1;0,56;0;0,33;0,11;0,1;37,5;37,5;0,33;10;113;24/nov/25
1005181;SALG BATATA PRINGLES CEBOLA 109G;18;6;18;2,44;1,78;2;0,78;0,56;0,89;13,91;29,57;0,33;10;113;24/nov/25
1014479;SALG BATATA PRINGLES CHEDDAR BACON 105G;11;6;18;1;0,78;0;0,06;0,17;0,16;35;35;0;10;113;24/nov/25
1014479;SALG BATATA PRINGLES CHEDDAR BACON 105G;13;6;18;3;2,28;0;0,39;0,56;0,65;24,6;24,6;0,33;10;113;24/nov/25
1014479;SALG BATATA PRINGLES CHEDDAR BACON 105G;17;6;18;1;0,83;0;0,11;0,33;0,14;40,91;40,91;0,33;10;113;24/nov/25
1005182;SALG BATATA PRINGLES CHURRASCO 109G;2;6;18;1;0,5;1;0,33;0,22;0,31;11,25;33,75;0;10;113;24/nov/25
1005182;SALG BATATA PRINGLES CHURRASCO 109G;13;6;18;3;2,67;0;0,61;0,89;0,78;24;24;0,33;10;113;24/nov/25
1005182;SALG BATATA PRINGLES CHURRASCO 109G;17;6;18;2;1,78;0;0,11;0,5;0,4;30,97;30,97;0,33;10;113;24/nov/25
1005182;SALG BATATA PRINGLES CHURRASCO 109G;18;6;18;2,11;2,06;0;0,33;0,56;0,56;25,81;25,81;0,33;10;113;24/nov/25
1024493;SALG BATATA PRINGLES NETFLIX BACON 100G;6;6;18;1;0;2;0;0;0;;;0;10;113;24/nov/25
1024493;SALG BATATA PRINGLES NETFLIX BACON 100G;7;6;18;1;0;2;0;0;0;;;0;10;113;24/nov/25
1024493;SALG BATATA PRINGLES NETFLIX BACON 100G;8;6;18;1;2;2;0;0;0;;;0;10;113;24/nov/25
1024493;SALG BATATA PRINGLES NETFLIX BACON 100G;11;6;18;1;0;2;0;0;0;;;0;10;113;24/nov/25
1024493;SALG BATATA PRINGLES NETFLIX BACON 100G;12;6;18;1;0;2;0;0;0;;;0;10;113;24/nov/25
1024493;SALG BATATA PRINGLES NETFLIX BACON 100G;13;6;18;1;0;2;0;0;0;;;0;10;113;24/nov/25
1024493;SALG BATATA PRINGLES NETFLIX BACON 100G;14;6;18;1;0;2;0;0;0;;;0;10;113;24/nov/25
1024492;SALG BATATA PRINGLES NETFLIX STEAK 100G;6;6;18;1;0;2;0;0;0;;;0;10;113;24/nov/25
1024492;SALG BATATA PRINGLES NETFLIX STEAK 100G;7;6;18;1;0;2;0;0;0;;;0;10;113;24/nov/25
1024492;SALG BATATA PRINGLES NETFLIX STEAK 100G;8;6;18;1;2;2;0;0;0;;;0;10;113;24/nov/25
1024492;SALG BATATA PRINGLES NETFLIX STEAK 100G;11;6;18;1;0;2;0;0;0;;;0;10;113;24/nov/25
1024492;SALG BATATA PRINGLES NETFLIX STEAK 100G;12;6;18;1;0;2;0;0;0;;;0;10;113;24/nov/25
1024492;SALG BATATA PRINGLES NETFLIX STEAK 100G;13;6;18;1;0;2;0;0;0;;;0;10;113;24/nov/25
1024492;SALG BATATA PRINGLES NETFLIX STEAK 100G;14;6;18;1;0;2;0;0;0;;;0;10;113;24/nov/25
1005183;SALG BATATA PRINGLES ORIGINAL 109G;14;6;18;5,56;2,72;1;1,5;2,56;1,89;10,07;13,77;1;10;113;24/nov/25
1019172;SALG BATATA PRINGLES ORIGINAL 35G;1;6;12;1,5;1;0;0,17;0,17;0,23;30;30;0;10;113;24/nov/25
1019172;SALG BATATA PRINGLES ORIGINAL 35G;2;6;12;4;3,08;0;0,42;0,75;0,45;48,26;48,26;0;10;113;24/nov/25
1019172;SALG BATATA PRINGLES ORIGINAL 35G;3;6;12;8;0;9;1,75;3,5;3,21;0;19,64;6;10;113;24/nov/25
1019172;SALG BATATA PRINGLES ORIGINAL 35G;4;6;12;2;0;3;0,42;1,33;0,93;0;22,5;1,5;10;113;24/nov/25
1019172;SALG BATATA PRINGLES ORIGINAL 35G;5;6;12;1,42;0,33;2;0,67;1,08;0,86;2,73;19,09;1,5;10;113;24/nov/25
1019172;SALG BATATA PRINGLES ORIGINAL 35G;6;6;12;0,67;0,17;1;0;0,25;0,41;2,86;20;0;10;113;24/nov/25
1019172;SALG BATATA PRINGLES ORIGINAL 35G;7;6;12;1;0,83;1;0,58;1,83;0,95;6,12;13,47;1,5;10;113;24/nov/25
1019172;SALG BATATA PRINGLES ORIGINAL 35G;8;6;12;5;6;3;1,08;0,67;0,86;49,09;73,64;1,5;10;113;24/nov/25
1019172;SALG BATATA PRINGLES ORIGINAL 35G;11;6;12;3;0;4;1,33;0,92;1,15;0;24,41;0;10;113;24/nov/25
1019172;SALG BATATA PRINGLES ORIGINAL 35G;12;6;12;4;0,08;5;1,25;1,75;1,23;0,48;29,05;1,5;10;113;24/nov/25
1019172;SALG BATATA PRINGLES ORIGINAL 35G;13;6;12;3;1,67;2;0,92;1,5;1,3;8,96;19,7;1,5;10;113;24/nov/25
1019172;SALG BATATA PRINGLES ORIGINAL 35G;14;6;12;0,5;0;1;0;0,25;0,23;0;30;1,5;10;113;24/nov/25
1019172;SALG BATATA PRINGLES ORIGINAL 35G;17;6;12;3;1,92;0;0,92;1,92;1,21;11,13;11,13;3;10;113;24/nov/25
1019172;SALG BATATA PRINGLES ORIGINAL 35G;18;6;12;4;0,5;4;1,42;1,83;1,28;2,73;24,55;3;10;113;24/nov/25
1021671;SALG BATATA PRINGLES PIZZA MARGUER 105G;11;6;18;0,78;0,5;0;0,33;0,06;0,21;16,88;16,88;0;10;113;24/nov/25
1021671;SALG BATATA PRINGLES PIZZA MARGUER 105G;13;6;18;1;0,78;0;0;0,06;0,12;46,67;46,67;0,33;10;113;24/nov/25
1021671;SALG BATATA PRINGLES PIZZA MARGUER 105G;14;6;18;0,5;0,44;0;0,28;0,11;0,16;20;20;0,33;10;113;24/nov/25
1005184;SALG BATATA PRINGLES QUEIJO 104G;13;6;18;3;2,17;0;0,33;0,44;0,58;26;26;0,33;10;113;24/nov/25
1005184;SALG BATATA PRINGLES QUEIJO 104G;14;6;18;2;1,17;2;0,67;0,56;0,51;16,15;43,85;0,33;10;113;24/nov/25
1005184;SALG BATATA PRINGLES QUEIJO 104G;17;6;18;2,22;1,89;0;0,44;0,39;0,31;42,5;42,5;0,33;10;113;24/nov/25
1023626;SALG KEVYTOS PALITO 150G BACON;3;6;30;2,4;1,67;1;1,47;0,23;0,54;21,43;34,29;1;10;113;24/nov/25
171915;SALG KEVYTOS SHOW CEBOLA 38G;3;6;20;4;1,15;4;4;1,8;1,97;4,08;18,28;3,4;10;113;24/nov/25
171915;SALG KEVYTOS SHOW CEBOLA 38G;5;6;20;2;1,85;0;1,15;1,9;1,06;12,2;12,2;1,7;10;113;24/nov/25
171915;SALG KEVYTOS SHOW CEBOLA 38G;7;6;20;5;4,7;0;2,25;4;1,94;16,99;16,99;17;10;113;24/nov/25
171915;SALG KEVYTOS SHOW CEBOLA 38G;11;6;20;3;1,35;3;1,05;0,9;0,95;10;32,22;0;10;113;24/nov/25
171915;SALG KEVYTOS SHOW CEBOLA 38G;12;6;20;3;1,4;3;1,3;0,6;0,76;12,92;40,62;8,5;10;113;24/nov/25
171915;SALG KEVYTOS SHOW CEBOLA 38G;13;6;20;2,4;1,75;0;0,95;0,25;0,53;23,33;23,33;8,5;10;113;24/nov/25
171915;SALG KEVYTOS SHOW CEBOLA 38G;14;6;20;0,5;0,15;1;1,45;0,8;0,7;1,5;11,5;8,5;10;113;24/nov/25
171915;SALG KEVYTOS SHOW CEBOLA 38G;17;6;20;3;2,65;0;1;0,45;0,6;31,18;31,18;8,5;10;113;24/nov/25
1022645;SALG KRUKS BACON 35G;2;6;10;2,6;0,8;3;2,7;3,5;2,36;2,38;11,29;0;10;113;24/nov/25
1022645;SALG KRUKS BACON 35G;3;6;10;4;1,5;3;2,9;0,8;1,45;7,26;21,77;1,7;10;113;24/nov/25
1022645;SALG KRUKS BACON 35G;11;6;10;3;2,9;0;1,6;1;1,66;12,25;12,25;0;10;113;24/nov/25
1022645;SALG KRUKS BACON 35G;12;6;10;2,9;2,3;0;0,7;0,2;0,86;18,65;18,65;1,7;10;113;24/nov/25
1022645;SALG KRUKS BACON 35G;13;6;10;3,1;3;0;1,1;1,5;1,49;14,06;14,06;1,7;10;113;24/nov/25
1022645;SALG KRUKS BACON 35G;18;6;10;4;2,9;2;1,2;1,2;0,93;21,75;36,75;1,7;10;113;24/nov/25
1022646;SALG KRUKS PRESUNTO 35G;3;6;10;4;5;3;2,9;2,6;2,57;13,64;21,82;1,7;10;113;24/nov/25
1022646;SALG KRUKS PRESUNTO 35G;11;6;10;1,8;0,8;2;1,2;2;1,28;4,36;15,27;0;10;113;24/nov/25
1022646;SALG KRUKS PRESUNTO 35G;12;6;10;1;0,9;1;0,2;0,8;0,84;7,5;15,83;1,7;10;113;24/nov/25
1022646;SALG KRUKS PRESUNTO 35G;13;6;10;4;3;0;1;0,7;0,75;28,13;28,13;1,7;10;113;24/nov/25
1022643;SALG KRUKS QUEIJO 35G;2;6;10;1,8;0,7;2;1,6;1,2;0,82;6;23,14;0;10;113;24/nov/25
1022643;SALG KRUKS QUEIJO 35G;3;6;10;4;2,5;2;2,7;1,4;1,87;9,38;16,88;1,7;10;113;24/nov/25
1022643;SALG KRUKS QUEIJO 35G;5;6;10;2;1,6;0;0,4;0,3;0,56;20;20;1,7;10;113;24/nov/25
1022643;SALG KRUKS QUEIJO 35G;12;6;10;2,2;2;0;0,8;2,9;1,49;9,38;9,38;1,7;10;113;24/nov/25
1022643;SALG KRUKS QUEIJO 35G;13;6;10;4;3,1;0;1,6;2,7;2,05;10,57;10,57;1,7;10;113;24/nov/25
1013353;SALG OBBA CEBOLA E SALSA 100G;1;6;10;2;1,9;0;0,8;0,8;0,72;18,39;18,39;0;10;113;24/nov/25
1013353;SALG OBBA CEBOLA E SALSA 100G;3;6;10;4;4,5;2;2,8;1,9;2,12;14,84;21,43;1,7;10;113;24/nov/25
1013353;SALG OBBA CEBOLA E SALSA 100G;8;6;10;2;3;2;0,7;0,5;0,51;40,91;68,18;1,7;10;113;24/nov/25
1013353;SALG OBBA CEBOLA E SALSA 100G;11;6;10;6;4,7;0;0,9;1,1;0,84;39,17;39,17;0;10;113;24/nov/25
1013353;SALG OBBA CEBOLA E SALSA 100G;12;6;10;4;2,1;3;2;1,8;2,08;7,08;17,19;1,7;10;113;24/nov/25
1013353;SALG OBBA CEBOLA E SALSA 100G;13;6;10;6;4;0;0,6;1,3;1,47;19,05;19,05;1,7;10;113;24/nov/25
1013353;SALG OBBA CEBOLA E SALSA 100G;18;6;10;5;3,4;3;2,5;3,9;3,69;6,46;12,15;1,7;10;113;24/nov/25
1013351;SALG OBBA CHURRASCO 100G;1;6;10;10;4,4;7;2,3;3,5;2,59;11,89;30,81;0;10;113;24/nov/25
1013351;SALG OBBA CHURRASCO 100G;3;6;10;10;10,7;3;3,5;4,5;3,17;23,6;30,22;1,7;10;113;24/nov/25
1013351;SALG OBBA CHURRASCO 100G;5;6;10;6;5,6;0;0,6;0;1,33;29,47;29,47;1,7;10;113;24/nov/25
1013351;SALG OBBA CHURRASCO 100G;8;6;10;6;5,8;5;2,9;2,8;2,4;16,89;31,46;1,7;10;113;24/nov/25
1013351;SALG OBBA CHURRASCO 100G;11;6;10;10;6,9;0;1,7;2,7;2,45;19,71;19,71;0;10;113;24/nov/25
1013351;SALG OBBA CHURRASCO 100G;12;6;10;10;6,9;4;5,4;7,4;6,25;7,72;12,2;1,7;10;113;24/nov/25
1013351;SALG OBBA CHURRASCO 100G;13;6;10;10;7,7;0;2,2;2,6;2,68;20,09;20,09;1,7;10;113;24/nov/25
1013351;SALG OBBA CHURRASCO 100G;17;6;10;4;2,7;0;1,2;0,9;0,54;35,22;35,22;1,7;10;113;24/nov/25
1013351;SALG OBBA CHURRASCO 100G;18;6;10;10;8,3;3;3,7;9,4;5,97;9,73;13,24;1,7;10;113;24/nov/25
1013352;SALG OBBA PICANHA 100G;2;6;10;1;0,9;0;0,2;0,6;0,49;12,86;12,86;0;10;113;24/nov/25
1013352;SALG OBBA PICANHA 100G;3;6;10;5;6,4;2;1,2;1,2;1,12;40;52,5;1,7;10;113;24/nov/25
1013352;SALG OBBA PICANHA 100G;7;6;10;1,9;1;2;1,8;2,2;1,17;6;18;1,7;10;113;24/nov/25
1013352;SALG OBBA PICANHA 100G;8;6;10;2;1,5;0;0,3;0,8;0,61;17,31;17,31;1,7;10;113;24/nov/25
1013352;SALG OBBA PICANHA 100G;11;6;10;5;3,3;0;0,7;1,6;1,03;22,5;22,5;0;10;113;24/nov/25
1013352;SALG OBBA PICANHA 100G;13;6;10;10;7,4;0;0,6;0,8;1,31;39,64;39,64;1,7;10;113;24/nov/25
1013352;SALG OBBA PICANHA 100G;18;6;10;5;1,8;4;3,6;3,5;2,92;4,32;13,92;1,7;10;113;24/nov/25
1013349;SALG OBBA PRESUNTO 100G;1;6;10;6;4,3;0;1,7;2,5;2,08;14,49;14,49;0;10;113;24/nov/25
1013349;SALG OBBA PRESUNTO 100G;3;6;10;3,1;3,7;1;1,5;3,4;1,84;14,05;17,85;1,7;10;113;24/nov/25
1013349;SALG OBBA PRESUNTO 100G;5;6;10;2;1,5;0;1;0,7;0,68;15,52;15,52;3,4;10;113;24/nov/25
1013349;SALG OBBA PRESUNTO 100G;7;6;10;6;4,7;2;3,3;0,1;3,78;8,7;12,41;3,4;10;113;24/nov/25
1013349;SALG OBBA PRESUNTO 100G;8;6;10;10;7,6;0;1,1;2,9;1,89;28,15;28,15;3,4;10;113;24/nov/25
1013349;SALG OBBA PRESUNTO 100G;11;6;10;6;2,9;4;2,1;3,4;2,71;7,5;17,84;0;10;113;24/nov/25
1013349;SALG OBBA PRESUNTO 100G;12;6;10;5;1,5;5;5,2;5,1;4,76;2,21;9,56;1,7;10;113;24/nov/25
1013349;SALG OBBA PRESUNTO 100G;13;6;10;10;7,7;0;1,1;1,5;1,56;34,48;34,48;1,7;10;113;24/nov/25
1013349;SALG OBBA PRESUNTO 100G;17;6;10;5;3,6;0;1,7;2,4;0,96;26,34;26,34;1,7;10;113;24/nov/25
1013349;SALG OBBA PRESUNTO 100G;18;6;10;9;6,3;4;5,2;6,8;6,51;6,77;11,08;1,7;10;113;24/nov/25
1013348;SALG OBBA QUEIJO 100G;1;6;10;9;3,2;7;4,4;3,5;3,03;7,38;23,54;0;10;113;24/nov/25
1013348;SALG OBBA QUEIJO 100G;2;6;10;6;5,7;0;1,4;3,4;2,99;13,36;13,36;0;10;113;24/nov/25
1013348;SALG OBBA QUEIJO 100G;3;6;10;4;4,5;2;2,6;0,8;1,98;15,88;22,94;1,7;10;113;24/nov/25
1013348;SALG OBBA QUEIJO 100G;6;6;10;3;2,5;0;0,7;1,4;1,47;11,9;11,9;0;10;113;24/nov/25
1013348;SALG OBBA QUEIJO 100G;8;6;10;6;6,4;2;1,6;2,7;2,22;20,21;26,53;1,7;10;113;24/nov/25
1013348;SALG OBBA QUEIJO 100G;11;6;10;6;3;0;0,8;2,5;1,54;13,64;13,64;0;10;113;24/nov/25
1013348;SALG OBBA QUEIJO 100G;12;6;10;10;6,1;0;3;2,4;2,78;15,38;15,38;1,7;10;113;24/nov/25
1013348;SALG OBBA QUEIJO 100G;13;6;10;6;4,3;0;0,7;1,9;1,38;21,86;21,86;1,7;10;113;24/nov/25
1013348;SALG OBBA QUEIJO 100G;18;6;10;8;3;6;5,9;5,6;5,6;3,75;11,25;1,7;10;113;24/nov/25
1013350;SALG OBBA REQUEIJAO 100G;2;6;10;4;3,6;0;1;1,1;1,38;18,31;18,31;0;10;113;24/nov/25
1013350;SALG OBBA REQUEIJAO 100G;7;6;10;3;1,2;3;2,6;4,5;2,75;3,05;10,68;1,7;10;113;24/nov/25
1013350;SALG OBBA REQUEIJAO 100G;11;6;10;2;1,1;2;1;1,5;1;7,67;21,63;0;10;113;24/nov/25
1013350;SALG OBBA REQUEIJAO 100G;12;6;10;2,9;2,7;0;1,2;1,7;1,7;11,1;11,1;1,7;10;113;24/nov/25
1013350;SALG OBBA REQUEIJAO 100G;13;6;10;10;7,2;0;1,2;1,1;1,59;31,76;31,76;1,7;10;113;24/nov/25
1013350;SALG OBBA REQUEIJAO 100G;17;6;10;5;3,9;0;0,5;0,4;0,61;45;45;1,7;10;113;24/nov/25
1013350;SALG OBBA REQUEIJAO 100G;18;6;10;3;2;2;2;2,9;1,94;7,23;14,46;1,7;10;113;24/nov/25
1021678;SALG PALITINHO COROA 75G;3;6;36;2;3,31;2;0,89;0,92;0,89;25,87;41,52;0,94;10;113;24/nov/25
1021678;SALG PALITINHO COROA 75G;3;6;36;2;3,31;2;0,89;0,92;0,89;25,87;41,52;0,94;10;113;24/nov/25
1021678;SALG PALITINHO COROA 75G;5;6;36;0,5;0,47;0;0,06;0,17;0,1;34;34;0,94;10;113;24/nov/25
1021678;SALG PALITINHO COROA 75G;8;6;36;1;0,92;0;0,31;0,42;0,3;21,06;21,06;0,94;10;113;24/nov/25
1021678;SALG PALITINHO COROA 75G;13;6;36;1;0,97;0;0,58;0,47;0,56;12,07;12,07;0,94;10;113;24/nov/25
1021678;SALG PALITINHO COROA 75G;14;6;36;0,72;0,5;1;0,31;0,14;0,19;18,62;55,86;0,94;10;113;24/nov/25
1013882;SALG SNACK CHEEZ-IT CHEDDAR 65G;2;6;20;1;0;2;0;0;0;;;0;10;113;24/nov/25
1013882;SALG SNACK CHEEZ-IT CHEDDAR 65G;5;6;20;0,5;-0,1;1;0,25;0,05;0,09;-7,5;67,5;0,85;10;113;24/nov/25
1013882;SALG SNACK CHEEZ-IT CHEDDAR 65G;6;6;20;0,5;0;1;0;0;0;;;0;10;113;24/nov/25
1013882;SALG SNACK CHEEZ-IT CHEDDAR 65G;7;6;20;0,5;0;1;0;0;0,06;0;120;0,85;10;113;24/nov/25
1013882;SALG SNACK CHEEZ-IT CHEDDAR 65G;8;6;20;1;0,05;2;0;0;0,04;10;410;0,85;10;113;24/nov/25
1013882;SALG SNACK CHEEZ-IT CHEDDAR 65G;11;6;20;0,9;0;2;0;0;0;;;0;10;113;24/nov/25
1013882;SALG SNACK CHEEZ-IT CHEDDAR 65G;12;6;20;1;0;2;0;0;0;;;0,85;10;113;24/nov/25
1013882;SALG SNACK CHEEZ-IT CHEDDAR 65G;13;6;20;1;0;2;0;0;0;;;0,85;10;113;24/nov/25
1013882;SALG SNACK CHEEZ-IT CHEDDAR 65G;14;6;20;1;0;2;0;0;0;;;0;10;113;24/nov/25
1013882;SALG SNACK CHEEZ-IT CHEDDAR 65G;17;6;20;1;0,05;2;0;0;0;;;0,85;10;113;24/nov/25
1013882;SALG SNACK CHEEZ-IT CHEDDAR 65G;18;6;20;1;0;2;0;0;0;;;0;10;113;24/nov/25
1013884;SALG SNACK CHEEZ-IT PARMESAO 65G;2;6;20;1;0;2;0;0;0;;;0;10;113;24/nov/25
1013884;SALG SNACK CHEEZ-IT PARMESAO 65G;3;6;20;1,5;2,15;1;0,75;0;0,18;86;126;1,7;10;113;24/nov/25
1013884;SALG SNACK CHEEZ-IT PARMESAO 65G;5;6;20;0,5;0;1;0,15;0,15;0,15;0;46,15;0,85;10;113;24/nov/25
1013884;SALG SNACK CHEEZ-IT PARMESAO 65G;7;6;20;0,5;-0,05;1;0;0;0,09;-3,75;71,25;0,85;10;113;24/nov/25
1013884;SALG SNACK CHEEZ-IT PARMESAO 65G;8;6;20;1;2,45;2;0;0;0,09;183,75;333,75;0,85;10;113;24/nov/25
1013884;SALG SNACK CHEEZ-IT PARMESAO 65G;11;6;20;0,9;0,05;2;0;0,3;0,18;2;82;0;10;113;24/nov/25
1013884;SALG SNACK CHEEZ-IT PARMESAO 65G;12;6;20;1;-0,1;2;0;0,05;0,22;-3,16;60;0,85;10;113;24/nov/25
1013884;SALG SNACK CHEEZ-IT PARMESAO 65G;13;6;20;1;0;2;0;0;0;;;0,85;10;113;24/nov/25
1013884;SALG SNACK CHEEZ-IT PARMESAO 65G;14;6;20;1;0;2;0;0;0;;;0;10;113;24/nov/25
1013884;SALG SNACK CHEEZ-IT PARMESAO 65G;17;6;20;1;0,3;2;0;0;0;;;0,85;10;113;24/nov/25
1013884;SALG SNACK CHEEZ-IT PARMESAO 65G;18;6;20;1;0;2;0;0;0;;;0;10;113;24/nov/25
1018991;BATATA PALHA BOA TRAD 400G;3;6;40;9;8,73;1;1,15;1,2;1,04;58,49;65,2;1,5;10;114;24/nov/25
1018991;BATATA PALHA BOA TRAD 400G;12;6;40;2;1,85;0;0,73;0,8;0,69;18,81;18,81;3;10;114;24/nov/25
1018991;BATATA PALHA BOA TRAD 400G;13;6;40;2;1,3;2;1,08;0,6;0,93;9,75;24,75;0;10;114;24/nov/25
1018991;BATATA PALHA BOA TRAD 400G;17;6;40;2;1,8;0;0,68;1,23;0,79;16;16;2,5;10;114;24/nov/25
1018991;BATATA PALHA BOA TRAD 400G;18;6;40;2;1,63;1;0,6;0,43;0,54;20,97;33,87;2,5;10;114;24/nov/25
1019005;BATATA PALHA BOA TRAD 800G;3;6;20;9;8,55;1;1,3;1,15;1,07;55,76;62,28;2;10;114;24/nov/25
1019005;BATATA PALHA BOA TRAD 800G;17;6;20;2;1,55;0;0,2;0;0,26;42,27;42,27;5;10;114;24/nov/25
1019005;BATATA PALHA BOA TRAD 800G;18;6;20;2;1,65;1;1,05;1,35;0,93;12,38;19,88;2;10;114;24/nov/25
1019008;BATATA PALHA BOA TRAD 80G;2;6;50;5,4;4,98;0;2,76;4,28;2,82;12,37;12,37;2,72;10;114;24/nov/25
1013440;BATATA PALHA YOKI EXT FINA 100G;3;6;20;7,5;2,35;1;3,4;3,05;3,09;5,32;7,58;4;10;114;24/nov/25
1013440;BATATA PALHA YOKI EXT FINA 100G;4;6;20;2,5;1,45;1;0,85;0,65;0,88;11,6;19,6;1;10;114;24/nov/25
1013440;BATATA PALHA YOKI EXT FINA 100G;5;6;20;0,75;0,6;1;0,4;0,4;0,33;12,86;34,29;0;10;114;24/nov/25
1013440;BATATA PALHA YOKI EXT FINA 100G;6;6;20;0,7;0,65;1;0,75;0,65;0,67;6,84;17,37;3;10;114;24/nov/25
1013440;BATATA PALHA YOKI EXT FINA 100G;12;6;20;2;0,7;2;1,05;0,6;0,58;8,4;32,4;3;10;114;24/nov/25
1013440;BATATA PALHA YOKI EXT FINA 100G;13;6;20;1,5;1,2;0;0,95;0,55;0,72;11,61;11,61;0;10;114;24/nov/25
1013440;BATATA PALHA YOKI EXT FINA 100G;14;6;20;3;1,2;1;1,45;1,15;1,26;6,67;12,22;6;10;114;24/nov/25
1013439;BATATA PALHA YOKI TRADICIONAL 70G;2;6;24;5;2,25;4;2,13;2,46;1,85;8,53;23,68;4,17;10;114;24/nov/25
1013439;BATATA PALHA YOKI TRADICIONAL 70G;3;6;24;7;4,21;4;3,96;4,46;4,21;7;13,65;4,17;10;114;24/nov/25
1013439;BATATA PALHA YOKI TRADICIONAL 70G;4;6;24;5;4,58;0;2;1,63;2,75;11,66;11,66;3,13;10;114;24/nov/25
1013439;BATATA PALHA YOKI TRADICIONAL 70G;5;6;24;1;0,88;1;1,04;1,04;0,73;8,4;18;4,17;10;114;24/nov/25
1013439;BATATA PALHA YOKI TRADICIONAL 70G;6;6;24;5;2,83;3;2,25;2,63;2,25;8,83;18,18;4,17;10;114;24/nov/25
1013439;BATATA PALHA YOKI TRADICIONAL 70G;7;6;24;2;1,71;0;0,29;0;0,22;53,48;53,48;9,38;10;114;24/nov/25
1013439;BATATA PALHA YOKI TRADICIONAL 70G;11;6;24;4;2,29;3;2,67;3,46;2,82;5,69;13,14;4,17;10;114;24/nov/25
1013439;BATATA PALHA YOKI TRADICIONAL 70G;12;6;24;4,08;2,88;2;2,04;3,88;2,3;8,73;14,81;6,25;10;114;24/nov/25
1013439;BATATA PALHA YOKI TRADICIONAL 70G;13;6;24;3;2,83;0;0,21;0,71;0,27;72,86;72,86;0;10;114;24/nov/25
1013439;BATATA PALHA YOKI TRADICIONAL 70G;17;6;24;5;2,33;4;2,04;2;2,27;7,21;19,57;20,83;10;114;24/nov/25
1013439;BATATA PALHA YOKI TRADICIONAL 70G;18;6;24;5;3,46;3;1,75;1,25;1,54;15,76;29,43;6,25;10;114;24/nov/25
1002168;BISC AGUA E SAL GERMANI 345G;2;6;20;6;5,7;0;1,45;2,15;2,64;15,13;15,13;0;10;114;24/nov/25
1002168;BISC AGUA E SAL GERMANI 345G;3;6;20;5;5,55;0;2,75;3,9;3,31;11,73;11,73;0;10;114;24/nov/25
1002168;BISC AGUA E SAL GERMANI 345G;3;6;20;5;5,55;0;2,75;3,9;3,31;11,73;11,73;0;10;114;24/nov/25
1002168;BISC AGUA E SAL GERMANI 345G;5;6;20;4;2,9;2;1,7;1,85;1,76;11,52;19,47;0;10;114;24/nov/25
1002168;BISC AGUA E SAL GERMANI 345G;6;6;20;4;2,85;2;1,7;1,65;1,93;10,36;17,64;0;10;114;24/nov/25
1002168;BISC AGUA E SAL GERMANI 345G;7;6;20;4;3,7;0;1,5;3;2,32;11,16;11,16;0;10;114;24/nov/25
1002168;BISC AGUA E SAL GERMANI 345G;11;6;20;5;2,05;4;2;2,1;2,14;6,72;19,84;0;10;114;24/nov/25
1002168;BISC AGUA E SAL GERMANI 345G;12;6;20;4,5;3,8;0;1,3;2,35;2,16;12,32;12,32;0;10;114;24/nov/25
1002168;BISC AGUA E SAL GERMANI 345G;13;6;20;4;3,7;0;0,45;0,5;0,68;38,28;38,28;0;10;114;24/nov/25
1002168;BISC AGUA E SAL GERMANI 345G;14;6;20;1,5;1,35;2;1,3;1;1,13;8,35;20,72;0;10;114;24/nov/25
1017795;BISC AGUA E SAL GERMANI 690G;2;6;12;8;7,17;0;1,5;2,83;3,17;15,83;15,83;1,33;10;114;24/nov/25
1017795;BISC AGUA E SAL GERMANI 690G;17;6;12;40;34,5;0;19,08;19,67;11,36;21,27;21,27;1,33;10;114;24/nov/25
1000666;BISC AGUA E SAL ISABELA  350G;11;6;24;1,5;1,04;0;0,54;0,54;0,63;11,54;11,54;1,33;10;114;24/nov/25
1000666;BISC AGUA E SAL ISABELA  350G;12;6;24;2;1,75;0;0,46;1,08;0,82;15;15;1,33;10;114;24/nov/25
1000666;BISC AGUA E SAL ISABELA  350G;14;6;24;1,5;1,04;1;0,92;0,67;0,8;9,15;17,93;0,67;10;114;24/nov/25
1000666;BISC AGUA E SAL ISABELA  350G;17;6;24;1,5;1,38;0;0,17;0,08;0,24;39,6;39,6;1,33;10;114;24/nov/25
1000666;BISC AGUA E SAL ISABELA  350G;18;6;24;2;1,88;0;0,88;0,79;0,87;15,17;15,17;0;10;114;24/nov/25
1008019;BISC AGUA E SAL ORQUIDEA 320G;3;6;22;4;4,55;1;1,27;2,5;1,9;16,76;20,45;0,73;10;114;24/nov/25
1008019;BISC AGUA E SAL ORQUIDEA 320G;6;6;22;1,5;1,36;0;0,18;0,45;0,33;29,03;29,03;0;10;114;24/nov/25
1008019;BISC AGUA E SAL ORQUIDEA 320G;12;6;22;1,5;1,23;0;0,73;0,32;0,75;11,41;11,41;0,73;10;114;24/nov/25
1022948;BISC AGUA E SAL ORQUIDEA 665GR;1;6;12;2;1,5;0;0,5;0,33;0,47;22,5;22,5;0;10;114;24/nov/25
1022948;BISC AGUA E SAL ORQUIDEA 665GR;3;6;12;4;3,08;2;2,25;2,58;1,13;19,14;31,55;1,33;10;114;24/nov/25
1022948;BISC AGUA E SAL ORQUIDEA 665GR;6;6;12;3;1,25;3;2,75;0;0,78;11,25;38,25;4;10;114;24/nov/25
1022948;BISC AGUA E SAL ORQUIDEA 665GR;11;6;12;3;2,42;0;0,75;0,67;0,33;51,18;51,18;1,33;10;114;24/nov/25
1022948;BISC AGUA E SAL ORQUIDEA 665GR;13;6;12;3;2,17;0;1,75;0,08;0,66;22,94;22,94;1,33;10;114;24/nov/25
1022948;BISC AGUA E SAL ORQUIDEA 665GR;17;6;12;3;1,5;2;1,83;0,58;0,8;13,17;30,73;1,33;10;114;24/nov/25
1022948;BISC AGUA E SAL ORQUIDEA 665GR;18;6;12;3;1,25;3;1,67;1;0,62;14,06;47,81;0;10;114;24/nov/25
1002140;BISC AGUA E SAL PARATI 370G;2;6;20;1,5;0,65;2;0,6;0,6;0,46;10;40,77;0,4;10;114;24/nov/25
1002140;BISC AGUA E SAL PARATI 370G;13;6;20;2;1,55;0;0,6;0,65;0,56;19,38;19,38;0,4;10;114;24/nov/25
1002140;BISC AGUA E SAL PARATI 370G;17;6;20;4;2,5;2;1,55;2,25;1,94;9,04;16,27;0,4;10;114;24/nov/25
1003048;BISC AGUA E SAL PARATI 740G;4;6;12;5;4,25;0;0,67;1,92;2,41;12,34;12,34;0,67;10;114;24/nov/25
1003048;BISC AGUA E SAL PARATI 740G;5;6;12;5;4,75;0;0,67;1,58;2,51;13,26;13,26;2,67;10;114;24/nov/25
1003048;BISC AGUA E SAL PARATI 740G;13;6;12;33,33;31,75;0;9,75;14,25;18,88;11,77;11,77;1,33;10;114;24/nov/25
1004030;BISC AGUA E SAL TRIUNFO 164G;2;6;40;0,75;0,28;1;0,13;0,08;0,08;23,57;109,29;0,8;10;114;24/nov/25
1004030;BISC AGUA E SAL TRIUNFO 164G;11;6;40;0,75;0,68;0;0,13;0,13;0,11;45;45;0,8;10;114;24/nov/25
1004030;BISC AGUA E SAL TRIUNFO 164G;14;6;40;0,5;1,08;0;0,03;0,13;0,08;99,23;99,23;0,4;10;114;24/nov/25
1008280;BISC AGUA E SAL ZEZE  200G;3;6;24;2;1,38;2;0,83;0,67;0,87;11,12;27,3;1,33;10;114;24/nov/25
1008280;BISC AGUA E SAL ZEZE  200G;13;6;24;1,5;1,29;0;0,54;0,83;0,56;16,03;16,03;0,33;10;114;24/nov/25
1008280;BISC AGUA E SAL ZEZE  200G;18;6;24;1,5;1,46;0;0,67;0,67;0,62;16,41;16,41;0;10;114;24/nov/25
1012041;BISC AMANTEGADO ORQUIDEA SORT 300G;13;6;20;1,5;1,25;0;0,7;0;0,41;21,43;21,43;0,85;10;114;24/nov/25
1012041;BISC AMANTEGADO ORQUIDEA SORT 300G;18;6;20;1,5;1,45;0;0,45;0,25;0,37;27,19;27,19;0;10;114;24/nov/25
1013132;BISC AMANTEIGADO ISABELA SORT 300G;2;6;20;1,5;1,2;0;0,35;0,7;0,43;19,46;19,46;1,25;10;114;24/nov/25
1013132;BISC AMANTEIGADO ISABELA SORT 300G;11;6;20;1,5;0,7;2;0,35;0,7;0,48;10,24;39,51;1,25;10;114;24/nov/25
1013132;BISC AMANTEIGADO ISABELA SORT 300G;12;6;20;1,5;1,45;0;0,1;0,35;0,21;48,33;48,33;2,5;10;114;24/nov/25
1013132;BISC AMANTEIGADO ISABELA SORT 300G;17;6;20;3;2,25;0;1,15;1,45;1,19;13,24;13,24;1,25;10;114;24/nov/25
1002165;BISC BUTTER CRACKER GERMANI 345G;2;6;20;2,15;0,5;3;1,3;1,05;1,13;3,09;21,65;0,8;10;114;24/nov/25
1002165;BISC BUTTER CRACKER GERMANI 345G;3;6;20;3;3,6;2;2;1,7;1,86;13,58;21,13;1,6;10;114;24/nov/25
1002165;BISC BUTTER CRACKER GERMANI 345G;3;6;20;3;3,6;2;2;1,7;1,86;13,58;21,13;1,6;10;114;24/nov/25
1002165;BISC BUTTER CRACKER GERMANI 345G;4;6;20;2;1,55;1;1,6;1,55;1,84;5,89;9,68;1,6;10;114;24/nov/25
1002165;BISC BUTTER CRACKER GERMANI 345G;11;6;20;2,55;1,55;2;0,95;1,05;1,1;9,89;22,66;0,8;10;114;24/nov/25
1002165;BISC BUTTER CRACKER GERMANI 345G;12;6;20;3;2,5;1;1,5;1,8;2,11;8,29;11,6;0,8;10;114;24/nov/25
1002165;BISC BUTTER CRACKER GERMANI 345G;18;6;20;3;1,25;3;0,8;1,1;0,84;10,42;35,42;0;10;114;24/nov/25
1010761;BISC COOKIE LACTA LAKA 80G;2;1;30;1;0,8;0;0;0,2;0,12;45;45;0;10;114;24/nov/25
1010761;BISC COOKIE LACTA LAKA 80G;17;1;30;1,8;0,93;0;0;0,07;0,15;44,21;44,21;2,5;10;114;24/nov/25
1010760;BISC COOKIE LACTA ORIGINAL 80G;2;6;30;1;0,03;2;0;0,2;0,12;2;122;2,5;10;114;24/nov/25
1010760;BISC COOKIE LACTA ORIGINAL 80G;7;6;30;0,5;-0,07;1;0,13;0,2;0,08;-6;84;2,5;10;114;24/nov/25
1010760;BISC COOKIE LACTA ORIGINAL 80G;8;6;30;1;0;2;0;0,13;0,08;0;180;2,5;10;114;24/nov/25
1010760;BISC COOKIE LACTA ORIGINAL 80G;11;6;30;0,83;-0,1;2;1,37;0,03;0,33;-2,09;39,77;2,5;10;114;24/nov/25
1010760;BISC COOKIE LACTA ORIGINAL 80G;13;6;30;1;0,77;0;0,17;0,23;0,19;27,6;27,6;2,5;10;114;24/nov/25
1010760;BISC COOKIE LACTA ORIGINAL 80G;17;6;30;1,5;1,17;0;0,03;0,53;0,3;26,92;26,92;2,5;10;114;24/nov/25
1012334;BISC COOKIE LEVIT AVEIA E MEL 150G;17;6;10;1;0,9;1;0,5;0,1;0,21;30;63,33;0;10;114;24/nov/25
1012333;BISC COOKIE LEVIT LAR GRANOLA 150G;17;6;10;1,5;1,2;0;0,2;0,2;0,28;30;30;0;10;114;24/nov/25
1012633;BISC COOKIE NESTLE ALPINO GOTAS CHOC 60G;13;6;52;0,75;0,58;0;0,06;0,19;0,1;40,91;40,91;0,75;10;114;24/nov/25
1012633;BISC COOKIE NESTLE ALPINO GOTAS CHOC 60G;17;6;52;0,75;0,73;0;0,25;0,04;0,29;17,54;17,54;0,75;10;114;24/nov/25
1017155;BISC COOKIE NESTLE BAUN C/GOTAS CHOC 60G;2;6;52;0,75;0;2;0;0;0,08;0;183,53;0,75;10;114;24/nov/25
1017155;BISC COOKIE NESTLE BAUN C/GOTAS CHOC 60G;7;6;52;0,75;0,31;1;0,04;0,06;0,03;68,57;291,43;0,75;10;114;24/nov/25
1017155;BISC COOKIE NESTLE BAUN C/GOTAS CHOC 60G;11;6;52;0,75;0,54;0;0,1;0,29;0,16;24;24;0,75;10;114;24/nov/25
1017155;BISC COOKIE NESTLE BAUN C/GOTAS CHOC 60G;13;6;52;0,75;0,35;1;0,5;0,44;0,34;7,2;28;0,75;10;114;24/nov/25
1017155;BISC COOKIE NESTLE BAUN C/GOTAS CHOC 60G;17;6;52;0,75;0,69;0;0,29;0;0,35;14,03;14,03;0,75;10;114;24/nov/25
1017155;BISC COOKIE NESTLE BAUN C/GOTAS CHOC 60G;18;6;52;0,69;0;2;0;0;0;;;0;10;114;24/nov/25
1010527;BISC COOKIE NESTLE CHOC 60G;2;6;52;0,77;0,48;1;0,15;0,63;0,39;8,52;26,25;1,5;10;114;24/nov/25
1010527;BISC COOKIE NESTLE CHOC 60G;6;6;52;0,5;0,44;1;0,48;0,4;0,36;8,52;27,78;0,75;10;114;24/nov/25
1010527;BISC COOKIE NESTLE CHOC 60G;17;6;52;0,75;0,42;1;0,33;0,65;0,33;8,92;30;0,75;10;114;24/nov/25
1013038;BISC COOKIE NESTLE GALAK GOTAS CHOC B 60;11;6;52;0,75;0,48;0;0,25;0,31;0,24;14,15;14,15;1,44;10;114;24/nov/25
1013038;BISC COOKIE NESTLE GALAK GOTAS CHOC B 60;17;6;52;0,75;0,58;1;0,37;0,46;0,41;9,78;26,74;1,44;10;114;24/nov/25
1010526;BISC COOKIE NESTLE NEGRESCO CHOC BAU 60G;5;6;52;0,5;0,35;1;0,12;0,08;0,11;22,5;87,5;2,88;10;114;24/nov/25
1010526;BISC COOKIE NESTLE NEGRESCO CHOC BAU 60G;13;6;52;0,75;0,12;2;0,33;0,25;0,21;3,83;70,21;1,44;10;114;24/nov/25
1010526;BISC COOKIE NESTLE NEGRESCO CHOC BAU 60G;17;6;52;0,75;0,52;1;0,29;0,58;0,33;10,95;32,03;1,44;10;114;24/nov/25
1005054;BISC COOKIE NESTLE PASSATEMPO G CHOC 60G;3;6;52;1;0,83;1;0,69;0,71;0,65;8,96;19,79;2,88;10;114;24/nov/25
1005054;BISC COOKIE NESTLE PASSATEMPO G CHOC 60G;13;6;52;0,75;0,69;0;0,06;0,06;0,18;27;27;2,88;10;114;24/nov/25
1012647;BISC COOKIE PARATI BAUNILHA 60G;2;6;24;1;-0,04;2;0,88;0,29;0,5;-0,59;27,65;3;10;114;24/nov/25
1012647;BISC COOKIE PARATI BAUNILHA 60G;4;6;24;1,5;0,83;0;0,63;0,46;0,58;10;10;1;10;114;24/nov/25
1012647;BISC COOKIE PARATI BAUNILHA 60G;7;6;24;0,92;0,79;0;0,21;0,38;0,29;19;19;3;10;114;24/nov/25
1012647;BISC COOKIE PARATI BAUNILHA 60G;12;6;24;1,5;0,83;2;1,13;1,54;1,33;4,38;14,89;1;10;114;24/nov/25
1012647;BISC COOKIE PARATI BAUNILHA 60G;17;6;24;2;1,63;0;0,33;0,83;0,58;19,5;19,5;1;10;114;24/nov/25
1012647;BISC COOKIE PARATI BAUNILHA 60G;18;6;24;2,5;1,79;2;1,46;2,13;2,11;5,94;12,58;0;10;114;24/nov/25
1012646;BISC COOKIE PARATI CHOCOLATE 60G;6;6;24;1;0,42;2;1,58;0,04;0,53;5,45;31,64;1;10;114;24/nov/25
1012646;BISC COOKIE PARATI CHOCOLATE 60G;11;6;24;3;1,67;2;1,29;2,08;1,24;9,38;20,63;1;10;114;24/nov/25
1012646;BISC COOKIE PARATI CHOCOLATE 60G;13;6;24;4;3,63;0;0,71;0,67;0,38;66,92;66,92;3;10;114;24/nov/25
1012646;BISC COOKIE PARATI CHOCOLATE 60G;18;6;24;3,13;0;4;2,67;1,29;0,92;0;30,32;0;10;114;24/nov/25
1008032;BISC COOKIE PIRAQUE CHOCOLATE 80G;11;6;40;0,75;0,73;0;0,13;0,08;0,06;79,09;79,09;0,75;10;114;24/nov/25
1008032;BISC COOKIE PIRAQUE CHOCOLATE 80G;14;6;40;0,5;0;1;0;0;0,01;0;600;0,75;10;114;24/nov/25
1008027;BISC CRACKER GERGELIM ORQUIDEA 320G;3;6;22;2;1,45;2;1;1,23;1,13;8,97;21,31;1,45;10;114;24/nov/25
1008027;BISC CRACKER GERGELIM ORQUIDEA 320G;11;6;22;1,5;1,41;0;0,59;0,05;0,31;32,07;32,07;1,45;10;114;24/nov/25
1022400;BISC CRACKER PARATI HOT PRESUNTO 100G;13;6;18;1;0,94;0;0,28;0,39;0,25;26,84;26,84;1,78;10;114;24/nov/25
1022398;BISC CRACKER PARATI HOT REQUEIJAO 100G;14;6;18;0,5;0,28;1;0,28;0;0,13;15;69;3,78;10;114;24/nov/25
1020834;BISC CREAM CRACKER BAUDUCCO TRAD 165G;18;6;50;1;0,9;0;0,1;0;0,03;225;225;0;10;114;24/nov/25
1000675;BISC CREAM CRACKER GERGELIM ISABELA 350G;18;6;24;1,5;1,33;0;0,46;0,38;0,48;19,59;19,59;0;10;114;24/nov/25
1002166;BISC CREAM CRACKER GERMANI  345G;2;6;20;1,75;1,15;0;0,45;0,65;0,53;15,33;15,33;0,8;10;114;24/nov/25
1002166;BISC CREAM CRACKER GERMANI  345G;3;6;20;1;5,55;0;0,7;0,9;0,9;43,25;43,25;1,6;10;114;24/nov/25
1002166;BISC CREAM CRACKER GERMANI  345G;8;6;20;1,8;1,75;0;0,2;0,1;0,15;80,77;80,77;0,8;10;114;24/nov/25
1002166;BISC CREAM CRACKER GERMANI  345G;11;6;20;1,5;1,25;0;0,45;0,6;0,55;15,96;15,96;0,8;10;114;24/nov/25
1002166;BISC CREAM CRACKER GERMANI  345G;12;6;20;3,05;2,6;0;0,65;0,8;0,63;28,89;28,89;0,8;10;114;24/nov/25
1002166;BISC CREAM CRACKER GERMANI  345G;13;6;20;1,2;0,95;0;0,6;0,4;0,63;10,56;10,56;1,6;10;114;24/nov/25
1002166;BISC CREAM CRACKER GERMANI  345G;14;6;20;2,1;1,95;0;0,5;0,25;0,58;23,4;23,4;0,8;10;114;24/nov/25
1002166;BISC CREAM CRACKER GERMANI  345G;17;6;20;1;0,85;1;0,5;1,15;0,75;7,97;17,34;1,6;10;114;24/nov/25
1002167;BISC CREAM CRACKER INTEGRA GERMANI  345G;2;6;20;2,35;1,9;0;1,2;1,15;1,31;10,18;10,18;1,6;10;114;24/nov/25
1002167;BISC CREAM CRACKER INTEGRA GERMANI  345G;4;6;20;2;1,6;0;0,95;1,2;1,3;8,65;8,65;1,6;10;114;24/nov/25
1002167;BISC CREAM CRACKER INTEGRA GERMANI  345G;6;6;20;1;0,8;0;0,25;0,35;0,47;12;12;1,6;10;114;24/nov/25
1002167;BISC CREAM CRACKER INTEGRA GERMANI  345G;12;6;20;2;1,9;0;0,9;1,4;1,16;11,52;11,52;1,6;10;114;24/nov/25
1002167;BISC CREAM CRACKER INTEGRA GERMANI  345G;13;6;20;1,2;1;0;0,35;0,75;0,51;13,64;13,64;1,6;10;114;24/nov/25
1002167;BISC CREAM CRACKER INTEGRA GERMANI  345G;14;6;20;1,65;0,95;2;0,6;0,65;0,47;14,25;44,25;1,6;10;114;24/nov/25
1002167;BISC CREAM CRACKER INTEGRA GERMANI  345G;17;6;20;2;1,75;0;0,3;1,5;0,98;12,5;12,5;1,6;10;114;24/nov/25
1008004;BISC CREAM CRACKER ORQUIDEA 320G;13;6;22;1,5;0,82;0;0,14;0,23;0,17;33,75;33,75;3,55;10;114;24/nov/25
1008004;BISC CREAM CRACKER ORQUIDEA 320G;17;6;22;1,86;1,82;0;0,32;0,64;0,54;23,53;23,53;3,55;10;114;24/nov/25
1008004;BISC CREAM CRACKER ORQUIDEA 320G;18;6;22;3;2,23;1;0,5;0,73;0,85;18,38;26,63;0;10;114;24/nov/25
30347;BISC DOCE DOMELLY GLACE BCO 280G;2;6;20;2;0,85;2;0,75;0,8;0,63;9,44;31,67;0,85;10;114;24/nov/25
30347;BISC DOCE DOMELLY GLACE BCO 280G;3;6;20;3,1;2,7;1;0,75;0,9;0,76;24,92;34,15;1,7;10;114;24/nov/25
30347;BISC DOCE DOMELLY GLACE BCO 280G;4;6;20;2;1,4;0;0,1;0,65;0,5;19,53;19,53;0,85;10;114;24/nov/25
30347;BISC DOCE DOMELLY GLACE BCO 280G;5;6;20;0,5;0,35;0;0,35;0,25;0,14;17,5;17,5;1,7;10;114;24/nov/25
30347;BISC DOCE DOMELLY GLACE BCO 280G;8;6;20;1;0,9;0;0,3;0,2;0,18;36;36;0,85;10;114;24/nov/25
30347;BISC DOCE DOMELLY GLACE BCO 280G;18;6;20;1,5;1,4;0;0,05;0,45;0,28;35;35;0;10;114;24/nov/25
1010004;BISC DOCE DOMELLY GLACEADOS BRANCO 670G;2;6;12;1,33;0,75;2;0,33;0,58;0,33;15,88;58,24;0,83;10;114;24/nov/25
1010004;BISC DOCE DOMELLY GLACEADOS BRANCO 670G;5;6;12;1;0,92;0;0,08;0,33;0,25;25,38;25,38;0;10;114;24/nov/25
1010004;BISC DOCE DOMELLY GLACEADOS BRANCO 670G;7;6;12;1,75;0,92;2;1;1,08;0,99;6,47;20,59;0,83;10;114;24/nov/25
1010004;BISC DOCE DOMELLY GLACEADOS BRANCO 670G;13;6;12;2;1,42;0;0,33;0,33;0,41;24,29;24,29;0,83;10;114;24/nov/25
1010004;BISC DOCE DOMELLY GLACEADOS BRANCO 670G;17;6;12;3;2,58;0;0,17;0,67;0,45;40,43;40,43;1,67;10;114;24/nov/25
1007839;BISC DOCE DOMELLY PAO DE MEL CHOC 300G;6;6;20;0,5;0,45;1;0,65;0,25;0,34;9,31;30;0,85;10;114;24/nov/25
1007839;BISC DOCE DOMELLY PAO DE MEL CHOC 300G;7;6;20;0,5;0,4;0;0,15;0,3;0,23;12;12;0,85;10;114;24/nov/25
1007839;BISC DOCE DOMELLY PAO DE MEL CHOC 300G;11;6;20;0,9;0,85;0;0,15;0,25;0,21;28,33;28,33;0,85;10;114;24/nov/25
97369;BISC DOCE DOMELLY PAO DE MEL GLAC 300G;2;6;20;1;0,75;0;0,6;0,45;0,54;9,78;9,78;0,65;10;114;24/nov/25
97369;BISC DOCE DOMELLY PAO DE MEL GLAC 300G;3;6;20;2;2,6;1;0,8;0,65;0,9;20,26;28,05;1,3;10;114;24/nov/25
97369;BISC DOCE DOMELLY PAO DE MEL GLAC 300G;4;1;20;1;0,75;0;0,4;0,25;0,46;11,54;11,54;0,65;10;114;24/nov/25
97369;BISC DOCE DOMELLY PAO DE MEL GLAC 300G;6;1;20;0,5;0,25;1;0,55;0,2;0,54;3,26;16,3;0,65;10;114;24/nov/25
1010903;BISC DOCE DOMELLY PAO MEL MINI PANE 250G;5;6;20;0,5;0,4;0;0,15;0,15;0,22;12,63;12,63;0,65;10;114;24/nov/25
1010903;BISC DOCE DOMELLY PAO MEL MINI PANE 250G;13;6;20;1;0,9;0;0,25;0,25;0,25;25,71;25,71;0,65;10;114;24/nov/25
1011323;BISC DOCE DOMELLY ROSCA CHOC 280G;13;6;20;1;0,95;0;0,1;0,05;0,13;51,82;51,82;0,65;10;114;24/nov/25
115128;BISC DOCE DOMELLY ROSCA CHOC 670G;3;6;12;1;0,58;1;0,5;0,5;0,31;13,13;35,63;1,08;10;114;24/nov/25
115128;BISC DOCE DOMELLY ROSCA CHOC 670G;11;6;12;0,83;0,75;0;0,17;0,08;0,14;38,57;38,57;1,08;10;114;24/nov/25
115128;BISC DOCE DOMELLY ROSCA CHOC 670G;12;6;12;1,5;1,33;0;0,25;0,17;0,19;48;48;1,08;10;114;24/nov/25
115128;BISC DOCE DOMELLY ROSCA CHOC 670G;17;6;12;1,5;1,33;0;0,33;0,33;0,29;32;32;1,08;10;114;24/nov/25
32176;BISC DOCE DOMELLY ROSCA COCO 280G;13;6;20;2,35;2,15;0;0,3;0;0,27;56,09;56,09;1,3;10;114;24/nov/25
9923980;BISC DOCE DOMELLY ROSCA COCO 560G;6;6;12;2;1,67;0;0,33;0,5;0,35;33,33;33,33;0;10;114;24/nov/25
9923980;BISC DOCE DOMELLY ROSCA COCO 560G;12;6;12;1;0,83;1;0,33;0,83;0,62;9,38;20,63;0,67;10;114;24/nov/25
32172;BISC DOCE DOMELLY ROSQ MILHO 280G;6;6;20;0,7;0,55;0;0,2;0,15;0,2;19,41;19,41;0,65;10;114;24/nov/25
32172;BISC DOCE DOMELLY ROSQ MILHO 280G;8;6;20;1,95;1,9;0;0,1;0;0,07;190;190;0,65;10;114;24/nov/25
96296;BISC DOCE GERMANI BROA MILHO 300G;2;6;20;1,25;0,9;0;0,75;0,75;0,78;8,06;8,06;0,65;10;114;24/nov/25
96296;BISC DOCE GERMANI BROA MILHO 300G;3;6;20;4;4,5;2;1,9;1,85;1,68;18,75;27,08;1,3;10;114;24/nov/25
96296;BISC DOCE GERMANI BROA MILHO 300G;3;6;20;4;4,5;2;1,9;1,85;1,68;18,75;27,08;1,3;10;114;24/nov/25
96296;BISC DOCE GERMANI BROA MILHO 300G;5;6;20;2;1,45;0;0,75;0,45;0,46;22,31;22,31;1,3;10;114;24/nov/25
96296;BISC DOCE GERMANI BROA MILHO 300G;7;6;20;1,25;1;0;0,45;0,95;0,78;8,96;8,96;0,65;10;114;24/nov/25
96296;BISC DOCE GERMANI BROA MILHO 300G;11;6;20;2;1,45;2;0,85;0,6;0,68;15;35,69;0,65;10;114;24/nov/25
96296;BISC DOCE GERMANI BROA MILHO 300G;14;6;20;1,5;2,45;0;0,85;0,6;0,71;24,1;24,1;0;10;114;24/nov/25
96296;BISC DOCE GERMANI BROA MILHO 300G;17;6;20;1,5;0,95;2;0,7;0,95;0,84;7,92;24,58;1,3;10;114;24/nov/25
16642;BISC DOCE GERMANI MEL C/GLACE 300G;3;6;20;2;3,05;0;0,7;0,35;0,49;43,57;43,57;1,3;10;114;24/nov/25
16642;BISC DOCE GERMANI MEL C/GLACE 300G;4;6;20;2;1,8;0;0,1;0,1;0,36;34,84;34,84;0,65;10;114;24/nov/25
16642;BISC DOCE GERMANI MEL C/GLACE 300G;6;6;20;2;1,55;0;0,3;0,35;0,34;32,07;32,07;0;10;114;24/nov/25
16642;BISC DOCE GERMANI MEL C/GLACE 300G;18;6;20;1;0,85;0;0,3;0,7;0,32;18,89;18,89;0;10;114;24/nov/25
49182;BISC DOCE GERMANI NATA 180G;2;6;10;2,1;2;0;0,1;0,1;0,23;60;60;2,6;10;114;24/nov/25
1006756;BISC DOCE GERMANI ROSCA CHOCOLATE 300G;3;6;20;2,25;2,3;0;0,15;0,55;0,55;29,36;29,36;1,3;10;114;24/nov/25
1006756;BISC DOCE GERMANI ROSCA CHOCOLATE 300G;7;6;20;1,5;1,1;0;0,3;0,4;0,48;16,1;16,1;0,65;10;114;24/nov/25
96208;BISC DOCE GERMANI ROSCA LEITE  300G;2;6;20;1;0,65;0;0,8;0,4;0,43;10,54;10,54;0,4;10;114;24/nov/25
96208;BISC DOCE GERMANI ROSCA LEITE  300G;12;6;20;1;0,8;0;0,25;0,1;0,26;21,82;21,82;0,4;10;114;24/nov/25
96208;BISC DOCE GERMANI ROSCA LEITE  300G;13;6;20;1,5;1,3;0;0,1;0,45;0,29;31,2;31,2;0,4;10;114;24/nov/25
96208;BISC DOCE GERMANI ROSCA LEITE  300G;17;6;20;1,5;1,15;0;0,8;1,3;0,65;12,32;12,32;0,8;10;114;24/nov/25
96297;BISC DOCE GERMANI ROSQ C/GLACE 300G;13;6;20;1;0,95;0;0;0,05;0,02;285;285;0,85;10;114;24/nov/25
1006427;BISC DOCE GERMANI TUTTO FRUT GOIABA 150G;11;6;10;0,8;0,6;1;0,1;0,4;0,33;12,86;34,29;1,7;10;114;24/nov/25
1006427;BISC DOCE GERMANI TUTTO FRUT GOIABA 150G;18;6;10;1;0,8;1;0,2;0,2;0,16;34,29;77,14;0;10;114;24/nov/25
1018982;BISC DOCE GIRASSOL ROSCA BANAN/CAN 270G;2;6;22;5;4,14;0;0,73;1,23;1,06;27,3;27,3;1,55;10;114;24/nov/25
1018982;BISC DOCE GIRASSOL ROSCA BANAN/CAN 270G;3;6;22;6;4,45;3;2,91;4,27;3,63;8,6;14,39;1,55;10;114;24/nov/25
1018982;BISC DOCE GIRASSOL ROSCA BANAN/CAN 270G;5;6;22;4;2,5;2;2,23;2,68;2,35;7,43;13,38;3,09;10;114;24/nov/25
1018982;BISC DOCE GIRASSOL ROSCA BANAN/CAN 270G;8;6;22;4;3,05;0;0,77;0,59;0,82;26,1;26,1;1,55;10;114;24/nov/25
1018982;BISC DOCE GIRASSOL ROSCA BANAN/CAN 270G;11;6;22;4;2,91;0;0,86;1,91;1,4;14,55;14,55;1,55;10;114;24/nov/25
1018982;BISC DOCE GIRASSOL ROSCA BANAN/CAN 270G;12;6;22;6;2,77;4;2,14;2,32;1,77;10,96;26,77;1,55;10;114;24/nov/25
1018982;BISC DOCE GIRASSOL ROSCA BANAN/CAN 270G;13;6;22;4;3,36;0;1,14;1,09;1,28;18,35;18,35;1,55;10;114;24/nov/25
1018982;BISC DOCE GIRASSOL ROSCA BANAN/CAN 270G;18;6;22;7;3,59;4;3,23;2,82;3,38;7,43;15,71;0;10;114;24/nov/25
1018983;BISC DOCE GIRASSOL ROSCA BRIGADEIRO 270G;2;6;22;2;1,45;0;0,55;0,59;0,88;11,57;11,57;0,77;10;114;24/nov/25
1018983;BISC DOCE GIRASSOL ROSCA BRIGADEIRO 270G;3;6;22;3;2,45;2;1,32;0,73;0,76;22,5;40,83;0,77;10;114;24/nov/25
1018983;BISC DOCE GIRASSOL ROSCA BRIGADEIRO 270G;4;6;22;2,09;1,68;0;0,45;0,18;0,51;23,13;23,13;0,77;10;114;24/nov/25
1018983;BISC DOCE GIRASSOL ROSCA BRIGADEIRO 270G;7;6;22;1,5;1,18;0;0,77;0,45;0,4;20,53;20,53;0,77;10;114;24/nov/25
1018983;BISC DOCE GIRASSOL ROSCA BRIGADEIRO 270G;11;6;22;2;1,45;0;0,5;0,73;0,86;11,85;11,85;0,77;10;114;24/nov/25
1018983;BISC DOCE GIRASSOL ROSCA BRIGADEIRO 270G;13;6;22;2;1,68;0;0,73;0,64;0,71;16,57;16,57;0,77;10;114;24/nov/25
1018983;BISC DOCE GIRASSOL ROSCA BRIGADEIRO 270G;18;6;22;4;3,05;2;1,18;0,91;1,4;15,23;25,23;0;10;114;24/nov/25
1020392;BISC DOCE GIRASSOL ROSCA CHOCOLATE 270G;1;6;22;1,5;1,45;0;0,32;0,27;0,24;41,74;41,74;0;10;114;24/nov/25
1020392;BISC DOCE GIRASSOL ROSCA CHOCOLATE 270G;2;6;22;2;1,09;2;0,91;1;1,22;6,26;17,74;0,77;10;114;24/nov/25
1020392;BISC DOCE GIRASSOL ROSCA CHOCOLATE 270G;11;6;22;2;0,82;2;1,18;1,5;1,3;4,39;15,12;0,77;10;114;24/nov/25
1020392;BISC DOCE GIRASSOL ROSCA CHOCOLATE 270G;12;6;22;3;2,82;0;1,59;2,09;1,52;13,01;13,01;0,77;10;114;24/nov/25
1020392;BISC DOCE GIRASSOL ROSCA CHOCOLATE 270G;13;6;22;3;2,73;0;0,32;0,73;0,47;40,91;40,91;0,77;10;114;24/nov/25
1020392;BISC DOCE GIRASSOL ROSCA CHOCOLATE 270G;18;6;22;3;2,59;1;1,64;2,18;1,96;9,24;12,81;0;10;114;24/nov/25
1018981;BISC DOCE GIRASSOL ROSCA COCO 270G;2;6;22;3;2,18;2;1,18;2,45;1,62;9,41;18,04;1,55;10;114;24/nov/25
1018981;BISC DOCE GIRASSOL ROSCA COCO 270G;3;6;22;5;5,91;2;2,36;1,45;2,1;19,7;26,36;1,55;10;114;24/nov/25
1018981;BISC DOCE GIRASSOL ROSCA COCO 270G;8;6;22;2;3,09;2;0,86;1,45;0,97;22,42;36,92;1,55;10;114;24/nov/25
1018981;BISC DOCE GIRASSOL ROSCA COCO 270G;11;6;22;4;2,41;0;1,45;1,95;1,39;12,14;12,14;1,55;10;114;24/nov/25
1018981;BISC DOCE GIRASSOL ROSCA COCO 270G;12;6;22;4;1,45;4;1,73;1,77;1,85;5,52;20,69;1,55;10;114;24/nov/25
1018981;BISC DOCE GIRASSOL ROSCA COCO 270G;13;6;22;3;1,09;3;1,55;1,68;1,81;4,21;15,79;1,55;10;114;24/nov/25
1018981;BISC DOCE GIRASSOL ROSCA COCO 270G;17;6;22;4;2,64;2;2,14;2,73;2,09;8,83;15,53;1,55;10;114;24/nov/25
1018981;BISC DOCE GIRASSOL ROSCA COCO 270G;18;6;22;4;2,45;3;2,55;2,59;2,49;6,89;15,32;0;10;114;24/nov/25
1018979;BISC DOCE GIRASSOL ROSCA DE CALDA 300G;3;6;22;4;3,82;1;1,09;1;0,87;30,73;38,78;1,55;10;114;24/nov/25
1018979;BISC DOCE GIRASSOL ROSCA DE CALDA 300G;8;6;22;1,5;1,14;1;0,86;0;0,2;39,47;74,21;1,55;10;114;24/nov/25
1018979;BISC DOCE GIRASSOL ROSCA DE CALDA 300G;11;6;22;3;2,55;0;0,59;0,59;0,57;31,11;31,11;1,55;10;114;24/nov/25
1018979;BISC DOCE GIRASSOL ROSCA DE CALDA 300G;17;6;22;2;1,45;2;1,41;1,45;1,45;7,01;16,64;1,55;10;114;24/nov/25
1018979;BISC DOCE GIRASSOL ROSCA DE CALDA 300G;18;6;22;2;1;2;0,86;0,95;0,88;7,95;23,86;0;10;114;24/nov/25
1012337;BISC DOCE LEVIT FRUTA CEREAIS 145G;17;6;12;1;0,42;2;0,42;0,83;0,74;3,95;22,89;3,25;10;114;24/nov/25
1012338;BISC DOCE LEVIT LEITE E CEREAIS 145G;3;6;12;3;3,75;1;0,33;0,5;1,34;19,57;24,78;3,25;10;114;24/nov/25
1012338;BISC DOCE LEVIT LEITE E CEREAIS 145G;5;6;12;0,5;-0,33;1;0,08;0,08;0,04;-60;120;6,5;10;114;24/nov/25
1012338;BISC DOCE LEVIT LEITE E CEREAIS 145G;13;6;12;1;0,67;0;0,33;0;0,08;60;60;1,08;10;114;24/nov/25
1017588;BISC DOCE PARATI ROSCA BRIGADEIRO 250G;13;6;16;3;2,25;0;0,19;0;0,2;77,14;77,14;1,06;10;114;24/nov/25
1017588;BISC DOCE PARATI ROSCA BRIGADEIRO 250G;17;6;16;2,25;1,56;0;0,63;0,81;0,77;14,15;14,15;2,13;10;114;24/nov/25
1017588;BISC DOCE PARATI ROSCA BRIGADEIRO 250G;18;6;16;2,25;1,44;2;1,25;0,63;0,85;11,9;28,45;0;10;114;24/nov/25
1017589;BISC DOCE PARATI ROSCA CHOCOLATE 250G;2;6;16;2;1,25;0;0,63;0,63;0,55;15,79;15,79;1,06;10;114;24/nov/25
1017591;BISC DOCE PARATI ROSCA COCO 250G;2;6;16;5,5;5,31;0;0,31;0,56;1,3;28,65;28,65;1,06;10;114;24/nov/25
1017591;BISC DOCE PARATI ROSCA COCO 250G;7;6;16;0,5;0,38;1;0,38;0,13;0,28;9,47;34,74;2,13;10;114;24/nov/25
1017587;BISC DOCE PARATI ROSCA LEITE 250G;2;6;16;1;0,75;0;0,31;0,75;0,47;11,25;11,25;1,06;10;114;24/nov/25
1017587;BISC DOCE PARATI ROSCA LEITE 250G;4;6;16;1;0,75;1;0,38;0,56;0,61;8,57;20;1,06;10;114;24/nov/25
1017587;BISC DOCE PARATI ROSCA LEITE 250G;7;6;16;2;1,25;2;0,81;0,44;0,61;14,29;37,14;2,13;10;114;24/nov/25
1017587;BISC DOCE PARATI ROSCA LEITE 250G;13;6;16;3;1,63;0;0,75;1,25;1,06;10,68;10,68;1,06;10;114;24/nov/25
1017587;BISC DOCE PARATI ROSCA LEITE 250G;14;6;16;0,5;1,19;0;0,38;0,19;0,23;35,63;35,63;1,06;10;114;24/nov/25
1017587;BISC DOCE PARATI ROSCA LEITE 250G;18;6;16;2,31;1,75;2;1,06;1,06;0,9;13,55;29,03;0;10;114;24/nov/25
1017590;BISC DOCE PARATI ROSCA NATA 250G;7;6;16;0,5;0,38;1;0,19;0,06;0,12;22,5;82,5;1,06;10;114;24/nov/25
1017590;BISC DOCE PARATI ROSCA NATA 250G;17;6;16;1,88;1,81;0;0,31;0,75;0,53;24,17;24,17;1,06;10;114;24/nov/25
1017590;BISC DOCE PARATI ROSCA NATA 250G;18;6;16;1,5;1,31;0;0,38;0,5;0,45;20,32;20,32;0;10;114;24/nov/25
136344;BISC DOCE ZEZE BOLO DE MEL 300G;2;6;15;3;1,47;0;0,87;1,13;0,92;11,19;11,19;1,73;10;114;24/nov/25
136344;BISC DOCE ZEZE BOLO DE MEL 300G;3;6;15;4;4,47;1;1,07;1,6;1,54;20,3;24,85;3,47;10;114;24/nov/25
136344;BISC DOCE ZEZE BOLO DE MEL 300G;11;6;15;2;1,07;2;0,53;0,93;0,72;10,43;30;1,73;10;114;24/nov/25
136344;BISC DOCE ZEZE BOLO DE MEL 300G;12;6;15;2;1,07;0;0,6;0,67;0,44;17,14;17,14;1,73;10;114;24/nov/25
136344;BISC DOCE ZEZE BOLO DE MEL 300G;14;6;15;0,8;0,53;1;0,47;0,47;0,62;6;17,25;0;10;114;24/nov/25
136344;BISC DOCE ZEZE BOLO DE MEL 300G;17;6;15;2;1,27;0;0,53;0,33;0,67;13,26;13,26;1,73;10;114;24/nov/25
1008274;BISC DOCE ZEZE MINIDITOS COCO 200G;2;6;18;1,33;1,06;0;0,44;0,06;0,22;33,53;33,53;1,67;10;114;24/nov/25
1008274;BISC DOCE ZEZE MINIDITOS COCO 200G;3;6;18;2;1,78;1;0,72;0,56;0,57;21,82;34,09;1,11;10;114;24/nov/25
1008274;BISC DOCE ZEZE MINIDITOS COCO 200G;13;6;18;1;0,78;0;0,17;0,28;0,19;28;28;1,67;10;114;24/nov/25
1008274;BISC DOCE ZEZE MINIDITOS COCO 200G;17;6;18;1;0,5;1;0,39;0,56;0,35;10;30;1,11;10;114;24/nov/25
1010838;BISC DOCE ZEZE RAMINHO 200G;3;6;18;2,06;1,17;2;1,5;1,11;1,34;6,12;16,6;1,11;10;114;24/nov/25
1010838;BISC DOCE ZEZE RAMINHO 200G;4;6;18;2;1,89;0;0,89;0,17;0,86;15,45;15,45;0,56;10;114;24/nov/25
1010838;BISC DOCE ZEZE RAMINHO 200G;8;6;18;1;0,72;1;0,39;0,33;0,57;8,86;21,14;1,11;10;114;24/nov/25
1021317;BISC GAROTO CHOCO BISCUIT AO LEITE 78G;14;6;30;0,73;0,47;1;0,57;0,07;0,33;10;31,43;1,3;10;114;24/nov/25
1013791;BISC GERMANI ROSQ COCO 350G;2;6;20;1;0,75;0;0,3;0,55;0,46;11,54;11,54;0,65;10;114;24/nov/25
1000678;BISC INTEGRAL ISABELA  350G;17;6;24;1,5;1,17;0;0,33;0,88;0,6;13,55;13,55;0,67;10;114;24/nov/25
1013129;BISC INTEGRAL NESFIT CACAU E CEREAI 160G;7;6;48;0,5;0,17;1;0,15;0,21;0,15;7,74;54,19;0,81;10;114;24/nov/25
1013129;BISC INTEGRAL NESFIT CACAU E CEREAI 160G;14;6;48;1;0,46;2;0,15;0,15;0,13;25,38;136,15;0;10;114;24/nov/25
1013129;BISC INTEGRAL NESFIT CACAU E CEREAI 160G;17;6;48;0,75;0,71;0;0,17;0,31;0,22;22,67;22,67;0,81;10;114;24/nov/25
1013170;BISC INTEGRAL NESFIT COCO 160G;4;6;48;0,75;0,31;0;0,19;0,15;0,17;13,24;13,24;0,54;10;114;24/nov/25
1013170;BISC INTEGRAL NESFIT COCO 160G;17;6;48;0,75;0,54;0;0,21;0,35;0,22;17,33;17,33;0,81;10;114;24/nov/25
1008001;BISC INTEGRAL ORQUIDEA  320G;3;6;22;2;2,95;1;1,27;1,59;1,5;13,83;18,51;1,18;10;114;24/nov/25
1008001;BISC INTEGRAL ORQUIDEA  320G;12;6;22;1;0,86;0;0,55;0,5;0,49;12,39;12,39;1,18;10;114;24/nov/25
1008001;BISC INTEGRAL ORQUIDEA  320G;17;6;22;2;0,41;3;1,27;2,18;1,42;2,01;16,79;1,18;10;114;24/nov/25
1002133;BISC INTEGRAL PARATI 400G;3;6;12;1,5;2,42;1;0,83;0,08;0,43;39,55;55,91;0,67;10;114;24/nov/25
1002133;BISC INTEGRAL PARATI 400G;17;6;12;4;3,67;0;0,58;1,58;1,11;23,16;23,16;0,67;10;114;24/nov/25
1002133;BISC INTEGRAL PARATI 400G;18;6;12;1,5;1;1;0,5;0,58;0,41;17,14;34,29;0;10;114;24/nov/25
1000985;BISC INTEGRAL TRIUNFO MIX AVEIA/MEL 135G;14;6;40;0,5;1,18;0;0;0,05;0,04;235;235;0,98;10;114;24/nov/25
1000985;BISC INTEGRAL TRIUNFO MIX AVEIA/MEL 135G;17;6;40;0,75;0;2;0,18;0,13;0,19;0;72,73;0;10;114;24/nov/25
1000984;BISC INTEGRAL TRIUNFO MIX CACAU E C 135G;11;6;40;0,75;0,55;0;0;0;0,01;330;330;0,98;10;114;24/nov/25
1000984;BISC INTEGRAL TRIUNFO MIX CACAU E C 135G;12;6;40;0,75;0,68;0;0,05;0,13;0,11;42,63;42,63;0,33;10;114;24/nov/25
1000984;BISC INTEGRAL TRIUNFO MIX CACAU E C 135G;14;6;40;0,5;-0,15;1;0,08;0,05;0,04;-30;170;0;10;114;24/nov/25
1000984;BISC INTEGRAL TRIUNFO MIX CACAU E C 135G;18;6;40;0,75;-1,33;2;0,08;0,15;0,07;-132,5;67,5;0;10;114;24/nov/25
1002162;BISC LEITE GERMANI 345G;3;6;20;1;1,55;0;0,05;0,05;0,09;116,25;116,25;1,6;10;114;24/nov/25
1002162;BISC LEITE GERMANI 345G;18;6;20;1;0,8;1;0,25;0,15;0,18;32;72;0;10;114;24/nov/25
9000773;BISC LEITE PARATI 370G;6;6;20;1;0,85;0;0,15;0,05;0,14;42,5;42,5;0,4;10;114;24/nov/25
1001464;BISC LEITE PASSATEMPO 150G;17;6;54;1;0,59;0;0,13;0,19;0,12;35,56;35,56;0,44;10;114;24/nov/25
1018015;BISC MAISENA PASSATEMPO 170G;11;6;40;0,5;0,48;0;0,35;0,18;0,2;16,76;16,76;0,85;10;114;24/nov/25
1002161;BISC MAIZENA GERMANI 345G;3;6;20;1;3,1;0;0,3;0,45;0,58;37,2;37,2;1,6;10;114;24/nov/25
1002161;BISC MAIZENA GERMANI 345G;8;6;20;1;0,95;0;0,25;0,55;0,28;23,75;23,75;1,6;10;114;24/nov/25
1000679;BISC MAIZENA ISABELA 350G;11;6;24;1;0,67;0;0,46;0,29;0,36;12,97;12,97;2,83;10;114;24/nov/25
1000679;BISC MAIZENA ISABELA 350G;14;6;24;1;1,29;0;0,54;0,67;0,41;22,14;22,14;1,42;10;114;24/nov/25
1002065;BISC MAIZENA PARATI 370G;4;6;20;1;0,7;0;0,45;0,2;0,27;18,26;18,26;0,8;10;114;24/nov/25
1002065;BISC MAIZENA PARATI 370G;5;6;20;0,5;0,45;0;0,4;0,25;0,25;12,86;12,86;2,4;10;114;24/nov/25
1002065;BISC MAIZENA PARATI 370G;12;6;20;1,75;1,15;0;0,4;0,35;0,43;18,65;18,65;0,4;10;114;24/nov/25
1002065;BISC MAIZENA PARATI 370G;13;6;20;1,5;1,2;0;0,3;0,15;0,19;45;45;0,4;10;114;24/nov/25
1018008;BISC MAIZENA PIRAQUE 175G;2;6;48;1;0,92;0;0,1;0,15;0,09;69,47;69,47;0,71;10;114;24/nov/25
1018008;BISC MAIZENA PIRAQUE 175G;11;6;48;0,75;0,65;0;0,13;0,23;0,15;30;30;0,71;10;114;24/nov/25
1018008;BISC MAIZENA PIRAQUE 175G;12;6;48;0,75;0,67;0;0,19;0,23;0,15;30,97;30,97;0,71;10;114;24/nov/25
1002163;BISC MARIA GERMANI 345G;1;6;20;4,5;4,05;0;1,3;1;1;28,26;28,26;0;10;114;24/nov/25
1002163;BISC MARIA GERMANI 345G;2;6;20;5,8;2,85;4;3,95;3,95;3,97;5,03;12,09;1,2;10;114;24/nov/25
1002163;BISC MARIA GERMANI 345G;3;6;20;7,55;4,65;4;5,55;5,9;5,19;6,27;11,66;1,2;10;114;24/nov/25
1002163;BISC MARIA GERMANI 345G;3;6;20;7,55;4,65;4;5,55;5,9;5,19;6,27;11,66;1,2;10;114;24/nov/25
1002163;BISC MARIA GERMANI 345G;4;6;20;2;1,45;2;1,75;1,65;2,28;4,46;10,62;0,8;10;114;24/nov/25
1002163;BISC MARIA GERMANI 345G;5;6;20;2;1,3;2;1,7;1,9;1,63;5,57;14,14;1,6;10;114;24/nov/25
1002163;BISC MARIA GERMANI 345G;7;6;20;2;1,4;2;1,85;3,05;1,56;6,27;15,22;1,2;10;114;24/nov/25
1002163;BISC MARIA GERMANI 345G;8;6;20;2,65;2,55;0;0,9;0,8;0,98;18,21;18,21;0,8;10;114;24/nov/25
1002163;BISC MARIA GERMANI 345G;11;6;20;3,3;2,15;2;1,65;2,75;1,55;9,7;18,72;1,2;10;114;24/nov/25
1002163;BISC MARIA GERMANI 345G;12;6;20;5,4;3,85;3;3,45;3,5;3,85;7;12,45;2,4;10;114;24/nov/25
1002163;BISC MARIA GERMANI 345G;13;6;20;14,4;12,3;0;1,25;1,7;1,31;65,89;65,89;1,2;10;114;24/nov/25
1002163;BISC MARIA GERMANI 345G;14;6;20;3,1;2,1;2;0,95;1,7;1,17;12,6;24,6;0,8;10;114;24/nov/25
1002163;BISC MARIA GERMANI 345G;17;6;20;5;4,3;0;2,5;3,6;2,99;10,08;10,08;1,2;10;114;24/nov/25
1002163;BISC MARIA GERMANI 345G;18;6;20;6;5,55;1;2,6;4,1;2,82;13,76;16,24;0;10;114;24/nov/25
9951174;BISC MARIA GERMANI 690G;3;6;12;6,5;6,75;0;3,33;2,58;3,11;15,19;15,19;1,33;10;114;24/nov/25
1002160;BISC MARIA GERMANI CHOC 345G;2;6;20;1,85;1,1;0;0,65;0,5;0,75;10,31;10,31;0,8;10;114;24/nov/25
1002160;BISC MARIA GERMANI CHOC 345G;3;6;20;1,75;3,2;1;0,65;0,75;0,63;35,56;46,67;0,8;10;114;24/nov/25
1002160;BISC MARIA GERMANI CHOC 345G;6;6;20;2;0,5;2;1;1,15;1,02;3,45;17,24;0,8;10;114;24/nov/25
1002160;BISC MARIA GERMANI CHOC 345G;11;6;20;2;1,65;0;0,55;0,2;0,55;21,06;21,06;0,8;10;114;24/nov/25
1002160;BISC MARIA GERMANI CHOC 345G;13;6;20;1,2;0,9;0;0,45;0,7;0,62;10,19;10,19;0,8;10;114;24/nov/25
1002160;BISC MARIA GERMANI CHOC 345G;17;6;20;1;0,7;0;0,55;0,3;0,41;12;12;0,8;10;114;24/nov/25
1000663;BISC MARIA ISABELA 350G;2;6;24;1,5;1,21;0;0,75;0,33;0,49;17,4;17,4;0,67;10;114;24/nov/25
1000663;BISC MARIA ISABELA 350G;6;6;24;0,5;0,17;1;1;0,42;0,43;2,73;19,09;0,67;10;114;24/nov/25
1000663;BISC MARIA ISABELA 350G;7;6;24;1,5;1,25;1;0,88;0,46;0,9;9,68;17,42;0,67;10;114;24/nov/25
1000663;BISC MARIA ISABELA 350G;11;6;24;1,5;0,75;2;0,38;0,63;0,56;9,31;34,14;0,67;10;114;24/nov/25
1000663;BISC MARIA ISABELA 350G;12;6;24;1,5;1,08;0;0,25;0,46;0,48;15,92;15,92;0,67;10;114;24/nov/25
1000663;BISC MARIA ISABELA 350G;14;6;24;1,5;1,04;1;0,33;0,42;0,43;17,05;33,41;0,67;10;114;24/nov/25
1000663;BISC MARIA ISABELA 350G;17;6;24;1,5;1,42;0;0,42;1,17;0,68;14,57;14,57;0,67;10;114;24/nov/25
1022949;BISC MARIA ORQUIDEA 665GR;2;6;12;2,33;1,83;0;1,25;1,25;0,99;12,94;12,94;1,33;10;114;24/nov/25
1022949;BISC MARIA ORQUIDEA 665GR;7;6;12;2;1,67;0;1,08;0;0,45;26,09;26,09;1,33;10;114;24/nov/25
1022949;BISC MARIA ORQUIDEA 665GR;11;6;12;3,33;2,75;0;0,17;1,5;1,13;17,07;17,07;1,33;10;114;24/nov/25
1022949;BISC MARIA ORQUIDEA 665GR;13;6;12;2;1,08;0;0,25;0,67;0,56;13,45;13,45;1,33;10;114;24/nov/25
9005210;BISC MARIA PARATI 370G;13;6;20;2;1,3;0;0,4;0,4;0,32;28,89;28,89;0,5;10;114;24/nov/25
1003017;BISC MARIA PARATI 740G;11;6;12;10;3,67;1;3,75;5,17;5,97;4,3;5,47;1,33;10;114;24/nov/25
1003017;BISC MARIA PARATI 740G;13;6;12;16;9,67;1;3,25;5,92;7,53;8,99;9,92;1,33;10;114;24/nov/25
1003017;BISC MARIA PARATI 740G;17;6;12;11;10;0;1,83;5,25;5,87;11,92;11,92;1,33;10;114;24/nov/25
1024543;BISC MARIA PICCININI 330G;1;6;16;8;0;9;0;0;0;;;0;10;114;24/nov/25
1024543;BISC MARIA PICCININI 330G;2;6;16;80;0;81;0;0;0;;;0;10;114;24/nov/25
1024543;BISC MARIA PICCININI 330G;3;6;16;140;0;141;0;0;0;;;0;10;114;24/nov/25
1024543;BISC MARIA PICCININI 330G;4;6;16;40;0;41;0;0;0;;;0;10;114;24/nov/25
1024543;BISC MARIA PICCININI 330G;5;6;16;80;0;81;0;0;0;;;0;10;114;24/nov/25
1024543;BISC MARIA PICCININI 330G;6;6;16;40;0;41;0;0;0;;;0;10;114;24/nov/25
1024543;BISC MARIA PICCININI 330G;7;6;16;40;0;41;0;0;0;;;0;10;114;24/nov/25
1024543;BISC MARIA PICCININI 330G;8;6;16;40;0;41;0;0;0;;;0;10;114;24/nov/25
1024543;BISC MARIA PICCININI 330G;11;6;16;80;0;81;0;0;0;;;0;10;114;24/nov/25
1024543;BISC MARIA PICCININI 330G;12;6;16;80;0;81;0;0;0;;;0;10;114;24/nov/25
1024543;BISC MARIA PICCININI 330G;13;6;16;80;0;81;0;0;0;;;0;10;114;24/nov/25
1024543;BISC MARIA PICCININI 330G;14;6;16;40;0;41;0;0;0;;;0;10;114;24/nov/25
1024543;BISC MARIA PICCININI 330G;17;6;16;80;0;81;0;0;0;;;0;10;114;24/nov/25
1024543;BISC MARIA PICCININI 330G;18;6;16;80;0;81;0;0;0;;;0;10;114;24/nov/25
1022000;BISC NESTLE CHOCO TRIO AVELA 90G;3;6;48;1,5;1,46;1;0,17;0,19;0,26;39,62;66,79;0;10;114;24/nov/25
1009586;BISC RECH  OREO MILKSHAKE MOR 90G;8;6;48;1;0,56;0,88;0,23;0,35;0,2;19,29;49,29;0,81;10;114;24/nov/25
1009586;BISC RECH  OREO MILKSHAKE MOR 90G;13;6;48;0,75;0,52;0;0,35;0,46;0,32;11,54;11,54;0,81;10;114;24/nov/25
1010503;BISC RECH DANIX CHOC SHAKE 130G;2;6;60;1,5;1,42;0;0,52;0,12;0,47;21,07;21,07;1,3;10;114;24/nov/25
1010503;BISC RECH DANIX CHOC SHAKE 130G;3;6;60;2;1,97;1;1,03;0;0,24;57,1;86,13;1,3;10;114;24/nov/25
1010503;BISC RECH DANIX CHOC SHAKE 130G;14;6;60;1,5;1,33;0;0,15;0,23;0,29;32,43;32,43;1,95;10;114;24/nov/25
1010673;BISC RECH DANIX CHOCO CHOCO SMURFS 130G;2;6;60;1,5;1,18;0;0,23;0,3;0,22;37,37;37,37;0,65;10;114;24/nov/25
1010673;BISC RECH DANIX CHOCO CHOCO SMURFS 130G;5;6;60;0,5;0,45;0;0,17;0,35;0,14;21,89;21,89;0,65;10;114;24/nov/25
1010673;BISC RECH DANIX CHOCO CHOCO SMURFS 130G;11;6;60;2;1,97;0;0,4;0,53;0,52;26,62;26,62;0,65;10;114;24/nov/25
1010674;BISC RECH DANIX CHOCOLATE 130G;11;6;60;2;1,57;0;0,52;1,12;0,78;14,03;14,03;0,65;10;114;24/nov/25
1010674;BISC RECH DANIX CHOCOLATE 130G;12;6;60;2;1,87;0;0,22;0,22;0,33;40;40;0,65;10;114;24/nov/25
1010675;BISC RECH DANIX SMURFS MORANGO 130G;3;6;60;2;2,75;1;0,4;0,43;0,38;50,51;68,88;1,3;10;114;24/nov/25
1010675;BISC RECH DANIX SMURFS MORANGO 130G;6;6;60;1;0,97;0;0,43;0,53;0,51;13,18;13,18;1,3;10;114;24/nov/25
1010675;BISC RECH DANIX SMURFS MORANGO 130G;11;6;60;2;1,78;0;0,43;0,25;0,38;32,76;32,76;0,65;10;114;24/nov/25
1010675;BISC RECH DANIX SMURFS MORANGO 130G;17;6;60;1,5;1,43;0;0,17;0,13;0,12;80,63;80,63;0,65;10;114;24/nov/25
1018815;BISC RECH GLUB CHOC /MORANGO 100G;1;6;30;3;2,57;0;0;0,57;0,27;66;66;0;10;114;24/nov/25
1018815;BISC RECH GLUB CHOC /MORANGO 100G;8;6;30;2;1,47;1;0,8;0,93;0,96;10,65;17,9;2,6;10;114;24/nov/25
1018815;BISC RECH GLUB CHOC /MORANGO 100G;11;6;30;2;1,5;0;0,37;0,8;0,81;12,98;12,98;2,6;10;114;24/nov/25
1018815;BISC RECH GLUB CHOC /MORANGO 100G;13;6;30;3;2,63;0;0,67;0,8;0,79;23,47;23,47;1,3;10;114;24/nov/25
1018815;BISC RECH GLUB CHOC /MORANGO 100G;17;6;30;3;2,13;0;0,8;1,47;0,89;16,84;16,84;1,3;10;114;24/nov/25
1000630;BISC RECH GLUB CHOCOLATE 100G;2;6;30;2;1,77;0;0,37;0,47;0,86;14,45;14,45;1,3;10;114;24/nov/25
1000630;BISC RECH GLUB CHOCOLATE 100G;3;6;30;3;4,4;2;1,17;1,23;1,08;28,49;41,44;1,3;10;114;24/nov/25
1000630;BISC RECH GLUB CHOCOLATE 100G;11;6;30;2;1,37;0;0,47;2;1,34;7,15;7,15;2,6;10;114;24/nov/25
1000630;BISC RECH GLUB CHOCOLATE 100G;12;6;30;2;1,73;0;0,93;0,87;1,01;12;12;1,3;10;114;24/nov/25
1000630;BISC RECH GLUB CHOCOLATE 100G;13;6;30;3;1,7;2;2,03;2,57;2,23;5,33;11,6;1,3;10;114;24/nov/25
1000630;BISC RECH GLUB CHOCOLATE 100G;17;6;30;3;1,8;0;1;1,37;1,08;11,65;11,65;2,6;10;114;24/nov/25
1000635;BISC RECH GLUB DOCE DE LEITE 100G;6;1;30;1;0,87;0;0,37;0,53;0,41;14,72;14,72;1,3;10;114;24/nov/25
1000635;BISC RECH GLUB DOCE DE LEITE 100G;8;1;30;2;0,93;2;0,3;0,8;0,47;13,77;43,28;1,3;10;114;24/nov/25
1000635;BISC RECH GLUB DOCE DE LEITE 100G;12;1;30;2;1,03;0;0,7;1,03;0,72;10;10;2,6;10;114;24/nov/25
1000635;BISC RECH GLUB DOCE DE LEITE 100G;13;1;30;3;0,77;2;1,57;2,23;1,52;3,52;12,7;2,6;10;114;24/nov/25
1000635;BISC RECH GLUB DOCE DE LEITE 100G;14;1;30;1;1,37;0;0,57;0,67;0,43;22,36;22,36;1,3;10;114;24/nov/25
1000633;BISC RECH GLUB MORANGO 100G;5;1;30;1;0,33;2;0,83;0,67;0,71;3,3;23,08;2,6;10;114;24/nov/25
1000633;BISC RECH GLUB MORANGO 100G;8;1;30;2;0;3;1,47;0,83;0,94;0;22,31;1,3;10;114;24/nov/25
1000633;BISC RECH GLUB MORANGO 100G;11;1;30;2;0,93;2;1,07;1,47;1,35;4,86;15,26;1,3;10;114;24/nov/25
1000633;BISC RECH GLUB MORANGO 100G;12;1;30;2;1,03;0;0,37;1,73;0,85;8,53;8,53;1,3;10;114;24/nov/25
1000633;BISC RECH GLUB MORANGO 100G;13;1;30;3;0,5;3;1,5;1,83;1,28;2,73;19,09;1,3;10;114;24/nov/25
1000633;BISC RECH GLUB MORANGO 100G;17;1;30;3;1,6;2;1,33;1,37;1,01;11,08;24,92;2,6;10;114;24/nov/25
1000633;BISC RECH GLUB MORANGO 100G;18;1;30;3;0,93;3;0,63;1,43;0,95;6,89;29,02;0;10;114;24/nov/25
1013355;BISC RECH ISABELA MOUSSE LIMAO CHOC130G;3;6;50;3;1,16;3;1,8;0,48;1,02;7,95;28,49;0,78;10;114;24/nov/25
1013355;BISC RECH ISABELA MOUSSE LIMAO CHOC130G;7;6;50;1;0,9;0;0,9;0,22;0,59;10,63;10,63;0,78;10;114;24/nov/25
1013355;BISC RECH ISABELA MOUSSE LIMAO CHOC130G;11;6;50;0,6;0,24;1;0,74;0;0,4;4,24;21,88;1,56;10;114;24/nov/25
1013355;BISC RECH ISABELA MOUSSE LIMAO CHOC130G;12;6;50;1;0,72;1;0,9;0,4;0,75;6,75;16,13;0,78;10;114;24/nov/25
1013354;BISC RECH ISABELA MOUSSE MORAN CHOC 130G;3;6;50;3;2,38;2;3,5;0,84;1,19;13,95;25,66;0,78;10;114;24/nov/25
1013354;BISC RECH ISABELA MOUSSE MORAN CHOC 130G;6;6;50;0,5;0,46;1;1,28;0,26;0,36;8,96;28,44;0,78;10;114;24/nov/25
1013354;BISC RECH ISABELA MOUSSE MORAN CHOC 130G;7;6;50;1;0,06;2;1,6;0,24;0,43;0,98;33,59;0,78;10;114;24/nov/25
1013354;BISC RECH ISABELA MOUSSE MORAN CHOC 130G;12;6;50;1;0,88;0;0,84;0,14;0,23;26,4;26,4;0,78;10;114;24/nov/25
1013354;BISC RECH ISABELA MOUSSE MORAN CHOC 130G;13;6;50;1,6;0,52;2;2,34;0,08;0,56;6,45;31,24;0,78;10;114;24/nov/25
1013354;BISC RECH ISABELA MOUSSE MORAN CHOC 130G;17;6;50;2,7;1,6;0;1,02;0,46;0,68;16,55;16,55;0,78;10;114;24/nov/25
1013360;BISC RECH ISABELA TORTINHAS CHOC/AV 140G;2;6;50;1,5;0,14;2;1,58;0,26;0,66;1,48;22,61;0,78;10;114;24/nov/25
1013360;BISC RECH ISABELA TORTINHAS CHOC/AV 140G;5;6;50;0,5;0,38;1;0,92;0,18;0,62;4,32;15,68;1,56;10;114;24/nov/25
1013360;BISC RECH ISABELA TORTINHAS CHOC/AV 140G;7;6;50;2;1,34;2;1,04;0,62;1,11;8,48;21,14;0,78;10;114;24/nov/25
1013360;BISC RECH ISABELA TORTINHAS CHOC/AV 140G;8;6;50;1;0,96;0;0,3;0,12;0,14;49,66;49,66;0,78;10;114;24/nov/25
1013360;BISC RECH ISABELA TORTINHAS CHOC/AV 140G;13;6;50;1,6;0,74;2;0,46;0,54;0,53;9,82;36,37;0,78;10;114;24/nov/25
1013359;BISC RECH ISABELA TORTINHAS CHOC/BC 140G;2;6;50;1,5;0,64;2;1,64;0,48;1,11;4,05;16,71;0,78;10;114;24/nov/25
1013359;BISC RECH ISABELA TORTINHAS CHOC/BC 140G;4;6;50;1;0,72;0;0,36;0,26;0,33;15,21;15,21;0,78;10;114;24/nov/25
1013359;BISC RECH ISABELA TORTINHAS CHOC/BC 140G;5;6;50;1;0,98;1;1,04;0,66;0,87;7,86;15,88;1,56;10;114;24/nov/25
1013359;BISC RECH ISABELA TORTINHAS CHOC/BC 140G;11;6;50;1,5;0,82;2;0,92;0,6;0,98;5,89;20,24;0,78;10;114;24/nov/25
1013359;BISC RECH ISABELA TORTINHAS CHOC/BC 140G;12;6;50;1;0,72;1;1,64;0,54;0,8;6,28;15;0,78;10;114;24/nov/25
1013359;BISC RECH ISABELA TORTINHAS CHOC/BC 140G;18;6;50;2;1,6;1;0,98;0,38;0,56;20;32,5;0;10;114;24/nov/25
1013358;BISC RECH ISABELA TORTINHAS CHOC140G;2;6;50;1,5;0,7;2;1,16;0,68;1,2;4,07;15,7;0,78;10;114;24/nov/25
1013358;BISC RECH ISABELA TORTINHAS CHOC140G;3;6;50;3;3,92;1;0,98;0,48;0,62;44,55;55,91;1,56;10;114;24/nov/25
1013358;BISC RECH ISABELA TORTINHAS CHOC140G;11;6;50;1,5;0,66;1;1,38;0,7;1,27;3,64;9,15;0,78;10;114;24/nov/25
1013358;BISC RECH ISABELA TORTINHAS CHOC140G;12;6;50;1;0,36;1;2,02;0,74;1,31;1,92;7,26;0,78;10;114;24/nov/25
1013358;BISC RECH ISABELA TORTINHAS CHOC140G;13;6;50;1,5;1,2;0;0,4;0,38;0,39;21,69;21,69;0,78;10;114;24/nov/25
1013358;BISC RECH ISABELA TORTINHAS CHOC140G;17;6;50;4;2,8;0;4,42;1,82;2,36;8,3;8,3;0,78;10;114;24/nov/25
1013358;BISC RECH ISABELA TORTINHAS CHOC140G;18;6;50;2;1,08;1;1,22;0,34;0,9;8,44;16,25;0;10;114;24/nov/25
1013367;BISC RECH ISABELA TORTINHAS DUE BC140G;2;6;50;2;0,9;2;1,3;0,94;1,69;3,72;11,98;0,78;10;114;24/nov/25
1013367;BISC RECH ISABELA TORTINHAS DUE BC140G;5;6;50;1;0,88;1;1,18;0,08;0,73;8,46;18,08;1,56;10;114;24/nov/25
1013367;BISC RECH ISABELA TORTINHAS DUE BC140G;8;6;50;1;0,92;1;1,2;0,56;0,6;10,7;22,33;1,56;10;114;24/nov/25
1013367;BISC RECH ISABELA TORTINHAS DUE BC140G;11;6;50;2;1,42;0;0,84;0,3;1,12;8,88;8,88;1,56;10;114;24/nov/25
1013367;BISC RECH ISABELA TORTINHAS DUE BC140G;12;6;50;1;0,84;1;1,36;0,6;0,93;6,3;13,8;1,56;10;114;24/nov/25
1013367;BISC RECH ISABELA TORTINHAS DUE BC140G;13;6;50;1,6;1;2;1,36;0,64;0,93;7,5;22,5;0,78;10;114;24/nov/25
1013367;BISC RECH ISABELA TORTINHAS DUE BC140G;17;6;50;1,5;1;1;0,64;0,66;0,82;8,52;17,05;1,56;10;114;24/nov/25
1013367;BISC RECH ISABELA TORTINHAS DUE BC140G;18;6;50;2;1,48;1;0,86;0,56;0,61;17,08;28,62;0;10;114;24/nov/25
1013365;BISC RECH ISABELA TORTINHAS DUO GOI 140G;2;6;50;1;0,86;1;0,7;0,46;0,62;9,77;21,14;0,78;10;114;24/nov/25
1013365;BISC RECH ISABELA TORTINHAS DUO GOI 140G;5;6;50;1;0,98;0;0,22;0,58;0,49;14;14;1,56;10;114;24/nov/25
1013365;BISC RECH ISABELA TORTINHAS DUO GOI 140G;6;6;50;1;-0,84;2;4,02;1,14;1,88;-3,13;4,33;0,78;10;114;24/nov/25
1013365;BISC RECH ISABELA TORTINHAS DUO GOI 140G;7;6;50;1;0,54;1;1,28;0,52;0,81;4,68;13,35;0,78;10;114;24/nov/25
1013365;BISC RECH ISABELA TORTINHAS DUO GOI 140G;8;6;50;1;2,42;2;1,04;0,42;0,52;32,41;59,2;1,56;10;114;24/nov/25
1013365;BISC RECH ISABELA TORTINHAS DUO GOI 140G;12;6;50;2;1,18;2;0,88;0,7;0,89;9,32;25,11;1,56;10;114;24/nov/25
1013365;BISC RECH ISABELA TORTINHAS DUO GOI 140G;13;6;50;2,4;1,26;2;1,06;0,76;1,18;7,47;19,33;0,78;10;114;24/nov/25
1013365;BISC RECH ISABELA TORTINHAS DUO GOI 140G;17;6;50;2;1,3;2;1,74;1,34;1,37;6,63;16,84;0,78;10;114;24/nov/25
1013365;BISC RECH ISABELA TORTINHAS DUO GOI 140G;18;6;50;2;1,6;0;0,52;0,48;0,5;22,22;22,22;0;10;114;24/nov/25
1013362;BISC RECH ISABELA TORTINHAS LIMAO 140G;2;6;50;1,5;0,96;0;1,04;0,46;0,63;10,67;10,67;0,78;10;114;24/nov/25
1013362;BISC RECH ISABELA TORTINHAS LIMAO 140G;3;6;50;2,08;1,66;1;1,22;0,96;1,01;11,47;18,39;0,78;10;114;24/nov/25
1013362;BISC RECH ISABELA TORTINHAS LIMAO 140G;11;6;50;1,5;0,36;2;1,68;0,64;1,02;2,47;16,16;1,56;10;114;24/nov/25
1013362;BISC RECH ISABELA TORTINHAS LIMAO 140G;13;6;50;1,92;1,46;0;0,78;0,64;0,69;14,8;14,8;0,78;10;114;24/nov/25
1013362;BISC RECH ISABELA TORTINHAS LIMAO 140G;17;6;50;1,6;0,32;2;1,28;1,06;1,07;2,09;15,13;1,56;10;114;24/nov/25
1013362;BISC RECH ISABELA TORTINHAS LIMAO 140G;18;6;50;2;1,96;0;0,32;0,28;0,44;30,95;30,95;0;10;114;24/nov/25
1013361;BISC RECH ISABELA TORTINHAS MORANGO 140G;2;6;50;1,5;1,38;0;0,88;0,36;0,73;13,18;13,18;0,78;10;114;24/nov/25
1013361;BISC RECH ISABELA TORTINHAS MORANGO 140G;6;6;50;0,72;-1,02;2;2;0,52;1,06;-6,71;6,45;0,78;10;114;24/nov/25
1013361;BISC RECH ISABELA TORTINHAS MORANGO 140G;11;6;50;1,5;0,88;2;0,48;0,6;0,87;7,06;23,1;0,78;10;114;24/nov/25
1013361;BISC RECH ISABELA TORTINHAS MORANGO 140G;13;6;50;1,6;1,4;0;0,52;0,54;0,86;11,35;11,35;0,78;10;114;24/nov/25
1013364;BISC RECH ISABELA TORTINHAS TRUFA140G;2;6;50;1,5;-0,46;1;2,52;0,86;1,12;-2,89;3,39;0,78;10;114;24/nov/25
1013364;BISC RECH ISABELA TORTINHAS TRUFA140G;3;6;50;3;2,82;1;1,66;0,88;1,16;16,99;23,01;1,56;10;114;24/nov/25
1013364;BISC RECH ISABELA TORTINHAS TRUFA140G;11;6;50;1;0,06;1;1,44;0,24;0,89;0,47;8,37;0,78;10;114;24/nov/25
1013364;BISC RECH ISABELA TORTINHAS TRUFA140G;17;6;50;2,3;1,64;0;0,94;0,7;0,71;16,08;16,08;0,78;10;114;24/nov/25
1013366;BISC RECH ISABELA TORTINHAS TRUFAC/G140G;3;6;50;3;4,2;2;1,42;0,86;1,07;27,51;40,61;0,78;10;114;24/nov/25
1013366;BISC RECH ISABELA TORTINHAS TRUFAC/G140G;5;1;50;0,52;0,16;1;1,28;0,26;0,9;1,25;9,06;1,56;10;114;24/nov/25
1013366;BISC RECH ISABELA TORTINHAS TRUFAC/G140G;6;1;50;1;0;2;1,64;0,8;1,08;0;12,93;0,78;10;114;24/nov/25
1013366;BISC RECH ISABELA TORTINHAS TRUFAC/G140G;7;6;50;1;0,9;1;0,82;0,82;1,1;5,72;12,08;0,78;10;114;24/nov/25
1013366;BISC RECH ISABELA TORTINHAS TRUFAC/G140G;8;6;50;1;0,98;0;0,72;0,32;0,38;17,93;17,93;1,56;10;114;24/nov/25
1013366;BISC RECH ISABELA TORTINHAS TRUFAC/G140G;11;1;50;1;0,98;0;0,16;0,1;0,28;24,5;24,5;0,78;10;114;24/nov/25
1013366;BISC RECH ISABELA TORTINHAS TRUFAC/G140G;13;1;50;2,4;0;3;1,58;0,88;1,15;0;18,29;0,78;10;114;24/nov/25
1013366;BISC RECH ISABELA TORTINHAS TRUFAC/G140G;17;1;50;2;0,74;2;1,3;1,24;1,2;4,32;15,99;0,78;10;114;24/nov/25
1013363;BISC RECH ISABELA TORTINHASC SUICO 140G;4;6;50;1;0,6;1;0,58;0,08;0,42;9,89;26,37;0,78;10;114;24/nov/25
1013363;BISC RECH ISABELA TORTINHASC SUICO 140G;5;6;50;1;0,86;0;0,62;0,22;0,51;11,83;11,83;1,56;10;114;24/nov/25
1013363;BISC RECH ISABELA TORTINHASC SUICO 140G;11;6;50;1,5;0,04;2;1,38;0,3;1,03;0,27;13,91;1,56;10;114;24/nov/25
1013363;BISC RECH ISABELA TORTINHASC SUICO 140G;18;6;50;2;0,52;2;1,2;0,44;0,77;4,73;22,91;0;10;114;24/nov/25
1006783;BISC RECH NESTLE BONO CHOCOLATE 90G;8;6;66;1,5;1,47;0;0,17;0,79;0,44;23,28;23,28;0,59;10;114;24/nov/25
1006783;BISC RECH NESTLE BONO CHOCOLATE 90G;17;6;66;2;0,85;2;0,48;1,5;0,82;7,21;24,21;1,18;10;114;24/nov/25
1022344;BISC RECH NESTLE BONO COCO 90G;2;6;66;0,74;1,68;0;0,03;0,06;0,04;333;333;1,18;10;114;24/nov/25
1022344;BISC RECH NESTLE BONO COCO 90G;13;6;66;0,74;0,58;0;0,12;0,33;0,22;18,69;18,69;0,59;10;114;24/nov/25
1022344;BISC RECH NESTLE BONO COCO 90G;17;6;66;0,74;0,61;1;0,36;0,91;0,51;8,39;22,24;0,59;10;114;24/nov/25
1006788;BISC RECH NESTLE BONO DOCE/LEITE 90G;2;6;66;2;1,92;0;0,36;1,12;0,69;19,64;19,64;2,36;10;114;24/nov/25
1006788;BISC RECH NESTLE BONO DOCE/LEITE 90G;6;6;66;1,5;1,41;0;0,12;0,85;0,47;21,14;21,14;1,18;10;114;24/nov/25
1006788;BISC RECH NESTLE BONO DOCE/LEITE 90G;13;6;66;1,5;1,15;0;0,36;0,55;0,43;18,69;18,69;1,18;10;114;24/nov/25
1006788;BISC RECH NESTLE BONO DOCE/LEITE 90G;17;6;66;1,5;1,03;0;0,5;1,23;0,75;9,67;9,67;1,18;10;114;24/nov/25
1006786;BISC RECH NESTLE BONO LIMAO 90G;17;6;66;0,74;0,67;0;0,23;0,44;0,32;14,67;14,67;0,59;10;114;24/nov/25
1006787;BISC RECH NESTLE BONO MORANGO 90G;2;6;66;2;1,27;0;0,14;0,39;0,36;24,47;24,47;1,18;10;114;24/nov/25
1006787;BISC RECH NESTLE BONO MORANGO 90G;5;6;66;1,5;1,39;0;0,18;0,73;0,33;29,36;29,36;1,18;10;114;24/nov/25
1006787;BISC RECH NESTLE BONO MORANGO 90G;13;6;66;1,5;1;0;0,27;0,98;0,5;14,04;14,04;0,59;10;114;24/nov/25
1006787;BISC RECH NESTLE BONO MORANGO 90G;14;6;66;1,5;1,27;0;0,24;0,24;0,18;48,46;48,46;0,59;10;114;24/nov/25
1006787;BISC RECH NESTLE BONO MORANGO 90G;18;6;66;2;1,03;0;0,33;1,02;0,45;15,94;15,94;0;10;114;24/nov/25
1006611;BISC RECH NESTLE NEGRESCO BAUNILHA 90G;3;6;66;6;5,36;2;1,14;3,82;2,27;16,57;22,75;1,18;10;114;24/nov/25
1006611;BISC RECH NESTLE NEGRESCO BAUNILHA 90G;8;6;66;2;1,65;0;0,29;0,39;0,28;41,92;41,92;1,18;10;114;24/nov/25
1006611;BISC RECH NESTLE NEGRESCO BAUNILHA 90G;17;6;66;3;2,7;1;1,48;3,18;2,86;6,59;9,04;1,18;10;114;24/nov/25
1006772;BISC RECH NESTLE NEGRESCO CHOC  90G;7;6;66;2,73;2,47;0;0,3;0,83;0,48;35,96;35,96;2,36;10;114;24/nov/25
1006772;BISC RECH NESTLE NEGRESCO CHOC  90G;12;6;66;4;3,36;0;0,35;3,17;1,48;15,93;15,93;1,18;10;114;24/nov/25
1006613;BISC RECH NESTLE NEGRESCO MORANGO 90G;2;6;66;2,73;2,03;0;0,11;0,98;0,31;45,17;45,17;2,36;10;114;24/nov/25
1006613;BISC RECH NESTLE NEGRESCO MORANGO 90G;3;6;66;3;3,62;2;0,36;1,82;0,95;26,65;41,38;1,18;10;114;24/nov/25
1006613;BISC RECH NESTLE NEGRESCO MORANGO 90G;4;6;66;2;1,23;0;0,14;0,68;0,41;20,95;20,95;1,18;10;114;24/nov/25
1006613;BISC RECH NESTLE NEGRESCO MORANGO 90G;6;6;66;2;1,76;0;0,35;1,71;1,02;12,04;12,04;1,18;10;114;24/nov/25
1006613;BISC RECH NESTLE NEGRESCO MORANGO 90G;12;6;66;2,73;1,14;0;0,14;2,86;1,24;6,41;6,41;1,18;10;114;24/nov/25
1006613;BISC RECH NESTLE NEGRESCO MORANGO 90G;13;6;66;2;1,18;0;0,23;1,03;0,68;12,25;12,25;1,18;10;114;24/nov/25
1006613;BISC RECH NESTLE NEGRESCO MORANGO 90G;17;6;66;1,52;-0,06;3;0,42;3,58;1,41;-0,3;14,59;0,59;10;114;24/nov/25
1006613;BISC RECH NESTLE NEGRESCO MORANGO 90G;18;6;66;2;1,85;0;0,2;1,21;0,92;14,08;14,08;0;10;114;24/nov/25
1008111;BISC RECH OREO BAUNILHA 90G;4;6;48;1;0,92;0;0,23;0,08;0,19;33;33;0,81;10;114;24/nov/25
1008111;BISC RECH OREO BAUNILHA 90G;5;6;48;1;0,83;0;0,23;0,56;0,35;16,9;16,9;1,63;10;114;24/nov/25
1008111;BISC RECH OREO BAUNILHA 90G;14;6;48;1;1,65;0;0,4;0,48;0,35;33,38;33,38;0,81;10;114;24/nov/25
1008111;BISC RECH OREO BAUNILHA 90G;17;6;48;2,5;1,27;2;0,85;2,98;1,51;5,88;15,14;0,81;10;114;24/nov/25
1008111;BISC RECH OREO BAUNILHA 90G;18;6;48;1;0,75;1;0,38;0,52;0,28;18,95;44,21;0;10;114;24/nov/25
1009715;BISC RECH OREO CHOCOLATE 90G;2;6;48;2,02;1,83;0;0,44;0,52;0,44;29,33;29,33;1,63;10;114;24/nov/25
1009715;BISC RECH OREO CHOCOLATE 90G;8;6;48;1;0,92;0;0,58;0,13;0,25;25,38;25,38;0,81;10;114;24/nov/25
1009715;BISC RECH OREO CHOCOLATE 90G;11;6;48;2,21;2,06;0;0,31;0,92;0,46;31,6;31,6;0,81;10;114;24/nov/25
1009715;BISC RECH OREO CHOCOLATE 90G;12;6;48;2;1,48;0;0,58;0,44;0,39;26,63;26,63;0,81;10;114;24/nov/25
1009715;BISC RECH OREO CHOCOLATE 90G;13;6;48;2,1;1,65;0;0,52;0,54;0,41;27,88;27,88;1,63;10;114;24/nov/25
1009715;BISC RECH OREO CHOCOLATE 90G;17;6;48;1,67;1,13;2;0,94;1,85;0,87;9,1;25,28;0,81;10;114;24/nov/25
1012863;BISC RECH OREO MINI CHOC BAUNILHA 35G;3;6;40;3,8;4,98;2;0,88;0,28;0,46;75,57;105,95;1,3;10;114;24/nov/25
1012863;BISC RECH OREO MINI CHOC BAUNILHA 35G;17;6;40;3,8;3,45;0;0,45;0,25;0,4;60;60;1,63;10;114;24/nov/25
1022953;BISC RECH ORQUIDEA SORTIDO 260GR;3;6;20;9;8,7;1;0,6;0,9;0,71;85,57;95,41;0,65;10;114;24/nov/25
1022953;BISC RECH ORQUIDEA SORTIDO 260GR;7;6;20;3;2,8;0;0,35;0,45;0,43;45,41;45,41;1,3;10;114;24/nov/25
1022953;BISC RECH ORQUIDEA SORTIDO 260GR;8;6;20;3;2,9;0;0,1;0;0,05;435;435;1,3;10;114;24/nov/25
1022953;BISC RECH ORQUIDEA SORTIDO 260GR;11;6;20;4;3,8;0;0,5;0,75;0,64;41,45;41,45;0,65;10;114;24/nov/25
1022953;BISC RECH ORQUIDEA SORTIDO 260GR;12;6;20;5;4,1;0;0,5;0,8;0,55;52,34;52,34;1,3;10;114;24/nov/25
1022953;BISC RECH ORQUIDEA SORTIDO 260GR;18;6;20;5;4,2;2;1;0,7;1,19;24,71;36,47;0;10;114;24/nov/25
1023630;BISC RECH PARATI Z CART JURASS 85G BROWN;6;6;40;0,5;-0,15;1;0,83;0,33;0,5;-2,09;11,86;0,98;10;114;24/nov/25
1022393;BISC RECH PARATI Z.CARTOON BRIGADEIR 85G;13;6;40;4;2,8;0;0,1;0,8;0,61;32,31;32,31;0,98;10;114;24/nov/25
1022392;BISC RECH PARATI Z.CARTOON CHOCOLATE 85G;12;6;40;6,75;4;0;0,15;1,33;1,36;20,6;20,6;1,95;10;114;24/nov/25
1022395;BISC RECH PARATI Z.CARTOON DUO 85G;2;6;40;3;2,23;0;0,63;0,95;0,61;25,43;25,43;0,98;10;114;24/nov/25
1022395;BISC RECH PARATI Z.CARTOON DUO 85G;12;6;40;8;4,95;0;0,33;1,45;1,08;32,11;32,11;0,98;10;114;24/nov/25
1022394;BISC RECH PARATI Z.CARTOON FLOCOS 85G;6;6;40;3,83;2,18;0;0,35;0,68;0,76;19,92;19,92;0,98;10;114;24/nov/25
1022394;BISC RECH PARATI Z.CARTOON FLOCOS 85G;12;6;40;5,15;3,93;0;0,35;0,53;0,62;44,02;44,02;0,98;10;114;24/nov/25
1022394;BISC RECH PARATI Z.CARTOON FLOCOS 85G;17;6;40;4,2;3,9;0;0,2;0,48;0,38;72;72;0,98;10;114;24/nov/25
1022396;BISC RECH PARATI Z.CARTOON MORANGO 85G;2;6;40;4;3,7;0;0,43;0,85;0,83;31,27;31,27;0,98;10;114;24/nov/25
1022396;BISC RECH PARATI Z.CARTOON MORANGO 85G;6;6;40;5,73;4,53;0;0,43;0,55;1,13;27,99;27,99;0,98;10;114;24/nov/25
1022396;BISC RECH PARATI Z.CARTOON MORANGO 85G;13;6;40;5,55;2,65;0;0,48;0,48;1,06;17,47;17,47;1,95;10;114;24/nov/25
8099948;BISC RECH PASSATEMPO CHOC 130G;2;6;70;0,71;0,63;0;0,24;0,41;0,24;18,59;18,59;1,11;10;114;24/nov/25
8099948;BISC RECH PASSATEMPO CHOC 130G;11;6;70;1;0,91;0;0,43;0,24;0,3;21,1;21,1;0,56;10;114;24/nov/25
1009939;BISC RECH PASSATEMPO MORANGO 130G;2;6;70;0,5;0,47;0;0,09;0,07;0,11;29,12;29,12;0,56;10;114;24/nov/25
1009939;BISC RECH PASSATEMPO MORANGO 130G;3;6;70;0,5;1,41;1;0,21;0,41;0,24;40,68;69,45;0,56;10;114;24/nov/25
1009939;BISC RECH PASSATEMPO MORANGO 130G;5;6;70;0,5;0,47;0;0,17;0,17;0,13;25,38;25,38;1,11;10;114;24/nov/25
7849;BISC RECH SAPECA CHOCOLATE 120G;3;6;30;1;1,7;4;0,1;0,23;0,09;127,5;427,5;1,3;10;114;24/nov/25
7849;BISC RECH SAPECA CHOCOLATE 120G;17;6;30;1,33;1,2;0;0,33;0,27;0,4;21,18;21,18;1,3;10;114;24/nov/25
9982956;BISC RECH SAPECA DOCE/LEITE 120G;3;6;30;1;1,8;4;0,13;0,17;0,12;108;348;1,3;10;114;24/nov/25
7863;BISC RECH SAPECA MORANGO 120G;3;6;30;1;3,1;4;0,07;0,17;0,13;164,12;375,88;1,3;10;114;24/nov/25
7863;BISC RECH SAPECA MORANGO 120G;8;6;30;1;0,93;0;0,2;0,07;0,19;33,6;33,6;1,3;10;114;24/nov/25
7863;BISC RECH SAPECA MORANGO 120G;11;6;30;0,83;0,7;0;0,27;0,53;0,3;16,15;16,15;1,3;10;114;24/nov/25
7863;BISC RECH SAPECA MORANGO 120G;17;6;30;1;0,4;2;0,6;0,37;0,4;6,92;41,54;1,3;10;114;24/nov/25
1016633;BISC RECH TORTUGUITA BRIGADEIRO 120G;1;6;56;1;0,89;0;0,16;0,23;0,25;25;25;0;10;114;24/nov/25
1016633;BISC RECH TORTUGUITA BRIGADEIRO 120G;5;6;56;0,5;0,48;0;0,07;0,09;0,05;62,31;62,31;0,7;10;114;24/nov/25
1016633;BISC RECH TORTUGUITA BRIGADEIRO 120G;17;6;56;1;0,96;0;0,25;0,43;0,25;27;27;0,7;10;114;24/nov/25
1016632;BISC RECH TORTUGUITA CHOC BAUNILHA 120G;11;6;56;1;0,89;0;0,2;0,55;0,27;23,08;23,08;0,7;10;114;24/nov/25
1016631;BISC RECH TORTUGUITA CHOCOLATE 120G;2;6;56;1;0,89;0;0,11;0,32;0,18;35,71;35,71;1,39;10;114;24/nov/25
1016750;BISC RECH TORTUGUITA MORANGO 120G;13;6;56;1;0,8;0;0,16;0,23;0,2;28,72;28,72;0,7;10;114;24/nov/25
1016750;BISC RECH TORTUGUITA MORANGO 120G;17;6;56;1;0,86;0;0,13;0,43;0,34;17,78;17,78;0,7;10;114;24/nov/25
1002574;BISC RECH TRAKINAS BUBBALOO T FRUTT 126G;2;6;54;1;0,74;0;0,56;0,09;0,29;17,65;17,65;1,44;10;114;24/nov/25
1002574;BISC RECH TRAKINAS BUBBALOO T FRUTT 126G;3;6;54;5;4,83;1;0,69;0,33;0,36;94,34;113,86;0,72;10;114;24/nov/25
1002574;BISC RECH TRAKINAS BUBBALOO T FRUTT 126G;5;6;54;1;0,85;0;0,63;0,35;0,48;12,43;12,43;1,44;10;114;24/nov/25
1002574;BISC RECH TRAKINAS BUBBALOO T FRUTT 126G;6;6;54;3;2,52;0;0,59;0,43;0,46;38,49;38,49;0,72;10;114;24/nov/25
1002574;BISC RECH TRAKINAS BUBBALOO T FRUTT 126G;11;6;54;2;1,67;0;0,63;0,11;0,27;42,86;42,86;0,72;10;114;24/nov/25
1002574;BISC RECH TRAKINAS BUBBALOO T FRUTT 126G;12;6;54;3;2,39;0;0,48;0,33;0,38;43,98;43,98;0,72;10;114;24/nov/25
1002574;BISC RECH TRAKINAS BUBBALOO T FRUTT 126G;18;6;54;3;1,59;0;0,7;0,28;0,25;44,48;44,48;0;10;114;24/nov/25
1012378;BISC RECH TRAKINAS CHOC 126G;2;6;54;3;2,3;0;1,37;1,17;1,08;14,88;14,88;2,89;10;114;24/nov/25
1012378;BISC RECH TRAKINAS CHOC 126G;4;6;54;2;0,81;2;1,19;0,5;0,75;7,63;26,36;1,44;10;114;24/nov/25
1012378;BISC RECH TRAKINAS CHOC 126G;5;6;54;2;1,26;2;1,15;0,65;0,89;9,86;25,51;2,89;10;114;24/nov/25
1012378;BISC RECH TRAKINAS CHOC 126G;6;6;54;3;2,44;0;1,46;1,78;1,61;10,62;10,62;1,44;10;114;24/nov/25
1012378;BISC RECH TRAKINAS CHOC 126G;11;6;54;4;2,91;0;1,41;1,28;1,04;19,54;19,54;1,44;10;114;24/nov/25
1012378;BISC RECH TRAKINAS CHOC 126G;12;6;54;3;1,8;0;1,39;0,54;0,95;13,17;13,17;1,44;10;114;24/nov/25
1012378;BISC RECH TRAKINAS CHOC 126G;18;6;54;4;3,59;1;0,57;0,31;0,34;74,62;95,38;0;10;114;24/nov/25
1012381;BISC RECH TRAKINAS CHOC/MOR 126G;2;6;54;1,26;0,85;0;0,5;0,31;0,41;14,53;14,53;1,44;10;114;24/nov/25
1012381;BISC RECH TRAKINAS CHOC/MOR 126G;3;6;54;1,85;2,91;2;0,91;0,65;0,75;27,23;45,95;0,72;10;114;24/nov/25
1012381;BISC RECH TRAKINAS CHOC/MOR 126G;5;6;54;2;1,07;0;0,5;0,5;0,36;20,96;20,96;1,44;10;114;24/nov/25
1012381;BISC RECH TRAKINAS CHOC/MOR 126G;8;6;54;1,5;2,19;1;0,54;0,24;0,35;44,25;64,5;0,72;10;114;24/nov/25
1012381;BISC RECH TRAKINAS CHOC/MOR 126G;11;6;54;2,81;1,74;0;0,56;0,54;0,58;21,04;21,04;1,44;10;114;24/nov/25
1002563;BISC RECH TRAKINAS LIMAO 126G;5;6;54;1,56;0,41;2;0,8;0,48;0,51;5,64;33,33;1,44;10;114;24/nov/25
1002563;BISC RECH TRAKINAS LIMAO 126G;6;6;54;1,56;0,89;2;0,5;0,5;0,41;15;48,75;0,72;10;114;24/nov/25
1002563;BISC RECH TRAKINAS LIMAO 126G;11;6;54;1,56;1,24;0;0,35;0,17;0,22;38,65;38,65;0,72;10;114;24/nov/25
1012380;BISC RECH TRAKINAS MORANGO 126G;4;6;54;1,35;0,85;1;1,09;0,31;0,73;8,21;17,86;0,72;10;114;24/nov/25
1012380;BISC RECH TRAKINAS MORANGO 126G;6;6;54;1,22;1,07;0;0,37;0,28;0,32;23,84;23,84;0,72;10;114;24/nov/25
1012380;BISC RECH TRAKINAS MORANGO 126G;12;6;54;1,48;0,94;0;0,33;0,37;0,34;19,37;19,37;0,72;10;114;24/nov/25
1012380;BISC RECH TRAKINAS MORANGO 126G;17;6;54;1,48;1,3;0;0,35;0,28;0,39;23,08;23,08;1,44;10;114;24/nov/25
1012380;BISC RECH TRAKINAS MORANGO 126G;18;6;54;1;0,52;1;0,65;0,46;0,44;8,32;24,36;0;10;114;24/nov/25
1011347;BISC RECH TRIUNFO TORTINI TRUFA 90G;5;6;65;0,54;0,11;1;0,02;0,02;0,01;105;1.080,00;1,2;10;114;24/nov/25
1011347;BISC RECH TRIUNFO TORTINI TRUFA 90G;6;6;65;0,54;-0,08;2;0;0,02;0,02;-30;750;0,6;10;114;24/nov/25
1011347;BISC RECH TRIUNFO TORTINI TRUFA 90G;17;6;65;0,54;-0,22;2;0,14;0,75;0,29;-5,12;42,44;0,6;10;114;24/nov/25
9996229;BISC SALG CLUB SOCIAL INTEGRAL C/6 144G;17;6;44;1;0,86;0;0,14;0,48;0,24;25,33;25,33;0,45;10;114;24/nov/25
9996229;BISC SALG CLUB SOCIAL INTEGRAL C/6 144G;18;6;44;1;0,7;1;0,14;0,09;0,1;51,67;125;0;10;114;24/nov/25
1009619;BISC SALG CLUB SOCIAL ORIGINAL 288G;2;6;20;4;3,95;0;1,1;1,45;1,31;21,16;21,16;3;10;114;24/nov/25
1009619;BISC SALG CLUB SOCIAL ORIGINAL 288G;4;6;20;2;1,6;0;0,6;0,35;0,6;18,82;18,82;1;10;114;24/nov/25
1009619;BISC SALG CLUB SOCIAL ORIGINAL 288G;5;6;20;3;2,65;0;0,45;0,8;0,67;27,89;27,89;3;10;114;24/nov/25
1009619;BISC SALG CLUB SOCIAL ORIGINAL 288G;6;6;20;2;0,9;2;1,15;0,85;0,65;9,64;31,07;2;10;114;24/nov/25
1009619;BISC SALG CLUB SOCIAL ORIGINAL 288G;8;6;20;1,7;1,65;0;0,5;0,75;0,61;19,04;19,04;4;10;114;24/nov/25
1009619;BISC SALG CLUB SOCIAL ORIGINAL 288G;11;6;20;3;2,3;0;1,1;1,75;1,31;12,32;12,32;3;10;114;24/nov/25
1009619;BISC SALG CLUB SOCIAL ORIGINAL 288G;13;6;20;2;0,8;0;0,45;1,15;0,65;8,57;8,57;3;10;114;24/nov/25
1009619;BISC SALG CLUB SOCIAL ORIGINAL 288G;14;6;20;2,5;1,9;2;0,9;1,25;1,1;12,13;24,89;2;10;114;24/nov/25
1009619;BISC SALG CLUB SOCIAL ORIGINAL 288G;17;6;20;3;2,55;0;0,3;0;0,44;40,26;40,26;3;10;114;24/nov/25
1009619;BISC SALG CLUB SOCIAL ORIGINAL 288G;18;6;20;3;2,45;2;1,1;1,2;1,12;15,31;27,81;0;10;114;24/nov/25
9996724;BISC SALG CLUB SOCIAL ORIGINAL C/6 144G;2;6;44;1,59;1,43;0;0,55;0,8;1,04;9,59;9,59;1,36;10;114;24/nov/25
9996724;BISC SALG CLUB SOCIAL ORIGINAL C/6 144G;5;6;44;2,05;1,89;0;1,11;1,34;0,98;13,53;13,53;0,68;10;114;24/nov/25
9996724;BISC SALG CLUB SOCIAL ORIGINAL C/6 144G;6;6;44;2,18;2,14;0;0,95;0,95;0,73;20,58;20,58;0,45;10;114;24/nov/25
9996724;BISC SALG CLUB SOCIAL ORIGINAL C/6 144G;13;6;44;2,5;2,34;0;0,55;0,84;0,72;22,72;22,72;0,45;10;114;24/nov/25
9996373;BISC SALG CLUB SOCIAL PRESUNTO C/6 141G;13;6;44;1;0,45;0;0,3;0,32;0,24;13,04;13,04;0,23;10;114;24/nov/25
89279;BISC SALG GERMANI GRISSINI 175G;3;6;16;2;3,13;2;1,44;1;1,18;18,52;30,37;2,13;10;114;24/nov/25
89279;BISC SALG GERMANI GRISSINI 175G;6;6;16;0,5;0,25;1;0,75;0,44;0,41;4,29;21,43;1,06;10;114;24/nov/25
89279;BISC SALG GERMANI GRISSINI 175G;13;6;16;2,75;1,94;0;0,5;0,56;0,6;22,68;22,68;1,06;10;114;24/nov/25
89279;BISC SALG GERMANI GRISSINI 175G;17;6;16;1,88;0,69;2;0,88;1,44;0,8;6;23,45;2,13;10;114;24/nov/25
96071;BISC SALG GERMANI MIGNON 200G;3;6;20;2;3,1;2;1;1,25;1,13;19,18;31,55;3,4;10;114;24/nov/25
96071;BISC SALG GERMANI MIGNON 200G;7;6;20;1;0,7;1;0,6;0,45;0,5;9,77;23,72;0,85;10;114;24/nov/25
96071;BISC SALG GERMANI MIGNON 200G;11;6;20;0,9;0,8;0;0,15;0,4;0,48;11,71;11,71;1,7;10;114;24/nov/25
96071;BISC SALG GERMANI MIGNON 200G;17;6;20;1,7;1,15;0;0,4;0,65;0,65;12,32;12,32;3,4;10;114;24/nov/25
96071;BISC SALG GERMANI MIGNON 200G;18;6;20;1,5;0,8;2;0,55;0,45;0,5;11,16;39,07;0;10;114;24/nov/25
96072;BISC SALG GERMANI SUZI CROCK 200G;3;6;20;1;2,1;2,25;0,3;0,3;0,33;45;93,21;1,7;10;114;24/nov/25
96072;BISC SALG GERMANI SUZI CROCK 200G;5;6;20;0,9;0,55;1;0,75;0,5;0,61;6,35;17,88;1,7;10;114;24/nov/25
96072;BISC SALG GERMANI SUZI CROCK 200G;17;6;20;2;1,4;0;0,6;1;0,65;15;15;1,7;10;114;24/nov/25
96072;BISC SALG GERMANI SUZI CROCK 200G;18;6;20;1,5;0,9;2;0,7;0,7;0,7;9;29;0;10;114;24/nov/25
1014800;BISC SALG GERMANI SUZI CROCK BACON 200G;3;6;20;2;2,6;1;0,6;0,75;0,68;26,9;37,24;1,7;10;114;24/nov/25
1014800;BISC SALG GERMANI SUZI CROCK BACON 200G;3;6;20;2;2,6;1;0,6;0,75;0,68;26,9;37,24;1,7;10;114;24/nov/25
1014800;BISC SALG GERMANI SUZI CROCK BACON 200G;11;6;20;2;1,7;0;0,6;0,95;0,77;15,45;15,45;0,85;10;114;24/nov/25
1014800;BISC SALG GERMANI SUZI CROCK BACON 200G;13;6;20;1,5;0,85;0;0,5;0,5;0,43;13,78;13,78;0,85;10;114;24/nov/25
1014801;BISC SALG GERMANI SUZI CROCK QUEIJO 200G;2;6;20;1;0,9;0;0,05;0,2;0,14;45;45;0,85;10;114;24/nov/25
1014801;BISC SALG GERMANI SUZI CROCK QUEIJO 200G;3;6;20;1;1,9;1;0,4;0,2;0,22;60;91,58;1,7;10;114;24/nov/25
1014801;BISC SALG GERMANI SUZI CROCK QUEIJO 200G;3;6;20;1;1,9;1;0,4;0,2;0,22;60;91,58;1,7;10;114;24/nov/25
1014801;BISC SALG GERMANI SUZI CROCK QUEIJO 200G;12;6;20;1;0,9;0;0,3;0,45;0,42;15;15;0,85;10;114;24/nov/25
1014801;BISC SALG GERMANI SUZI CROCK QUEIJO 200G;17;6;20;2;1,05;2;0,65;0,95;0,82;9;26,14;1,7;10;114;24/nov/25
1017384;BISC SALG GERMANI TRICKS QUEIJO 110G;3;6;30;1;1,03;1;0,23;0,13;0,14;51,67;101,67;1;10;114;24/nov/25
1017384;BISC SALG GERMANI TRICKS QUEIJO 110G;5;6;30;0,5;0,4;1;0,17;0,17;0,24;11,61;40,65;1;10;114;24/nov/25
1017384;BISC SALG GERMANI TRICKS QUEIJO 110G;11;6;30;0,67;0,5;0;0,1;0,2;0,19;18,75;18,75;1;10;114;24/nov/25
1012456;BISC SALG GERMANI TRICKS TRADICONAL 110G;2;6;30;1,5;1,47;0;0;0,13;0,1;101,54;101,54;1;10;114;24/nov/25
1012456;BISC SALG GERMANI TRICKS TRADICONAL 110G;3;6;30;1;1,87;2;0,03;0,2;0,1;129,23;267,69;1;10;114;24/nov/25
1012456;BISC SALG GERMANI TRICKS TRADICONAL 110G;5;6;30;0,5;0,47;0;0,03;0,03;0,12;28;28;1;10;114;24/nov/25
1008275;BISC SALG LUNA ZEZE 220G;3;6;15;4;3,87;1;1,6;2,27;2,12;12,79;16,1;2,4;10;114;24/nov/25
1008275;BISC SALG LUNA ZEZE 220G;4;6;15;2;1,93;0;0,67;0,67;0,98;13,81;13,81;0,4;10;114;24/nov/25
1008275;BISC SALG LUNA ZEZE 220G;13;6;15;6;3,6;0;1,13;1,33;0,86;29,45;29,45;1,2;10;114;24/nov/25
1008275;BISC SALG LUNA ZEZE 220G;17;6;15;3,2;2,93;1;1,73;2,4;2,27;9,04;12,12;2,4;10;114;24/nov/25
1014004;BISC SALG PIRAQUE CEBOLA/SALSA 60G;3;6;20;1;1,6;1;0,5;0,3;0,2;56,47;91,76;10;10;114;24/nov/25
1014006;BISC SALG PIRAQUE TRAD 60G;11;6;20;0,9;0,75;0;0,45;0,1;0,21;25;25;4,25;10;114;24/nov/25
1009922;BISC SALG SALKIM BACON 90G;7;6;30;1,17;0,93;0;0,4;0,33;0,25;26,25;26,25;1,3;10;114;24/nov/25
1009922;BISC SALG SALKIM BACON 90G;8;6;30;19;17,77;0;0,83;0,93;0,82;152,29;152,29;1,3;10;114;24/nov/25
1009922;BISC SALG SALKIM BACON 90G;17;6;30;2;0,87;2;0,67;1,07;0,93;6,55;21,68;0;10;114;24/nov/25
1009920;BISC SALG SALKIM CHURRASCO 90G;2;6;30;1;0,93;0;0,57;0,5;0,25;26,25;26,25;1,3;10;114;24/nov/25
1009920;BISC SALG SALKIM CHURRASCO 90G;8;6;30;2;1,37;0;0,83;0,27;0,4;23,65;23,65;1,3;10;114;24/nov/25
1009920;BISC SALG SALKIM CHURRASCO 90G;11;6;30;1,67;1,3;0;1,1;1,53;0,88;10,35;10,35;1,3;10;114;24/nov/25
1009920;BISC SALG SALKIM CHURRASCO 90G;13;6;30;2,5;2;0;0,63;0,47;0,54;25,71;25,71;1,3;10;114;24/nov/25
1009920;BISC SALG SALKIM CHURRASCO 90G;17;6;30;0,67;1,13;0;0,43;0,7;0,44;18,21;18,21;2,6;10;114;24/nov/25
1009918;BISC SALG SALKIM TRAD 90G;2;6;30;1;0,8;0;0,5;0,37;0,29;19,46;19,46;1,3;10;114;24/nov/25
1009918;BISC SALG SALKIM TRAD 90G;11;6;30;1;0,37;2;0,63;1,13;0,61;4,18;26,96;1,3;10;114;24/nov/25
1009918;BISC SALG SALKIM TRAD 90G;12;6;30;2;1,03;2;0,73;0,8;0,72;10;29,35;1,3;10;114;24/nov/25
1009918;BISC SALG SALKIM TRAD 90G;17;6;30;2;1,83;0;0,5;0,87;0,43;30;30;1,3;10;114;24/nov/25
35543;BISC SALG TUCS CHURRASCO 100G;2;6;30;1,33;1,17;1;0,87;0,8;0,89;9,21;17,11;2;10;114;24/nov/25
35543;BISC SALG TUCS CHURRASCO 100G;11;6;30;2;1,27;2;0,8;1,03;0,97;9,12;23,52;2;10;114;24/nov/25
35543;BISC SALG TUCS CHURRASCO 100G;12;6;30;1,1;1,07;0;0,83;0,47;0,68;11,03;11,03;1;10;114;24/nov/25
35543;BISC SALG TUCS CHURRASCO 100G;17;6;30;3;2,8;0;0,37;0,83;1;19,53;19,53;2;10;114;24/nov/25
35543;BISC SALG TUCS CHURRASCO 100G;18;6;30;2;1,97;1;0,5;0,57;0,61;22,69;34,23;0;10;114;24/nov/25
35541;BISC SALG TUCS PIZZA 100G;2;6;30;2;1,87;0;0,33;0,83;0,91;14,36;14,36;1;10;114;24/nov/25
35541;BISC SALG TUCS PIZZA 100G;8;6;30;1;1,6;1;0,83;0,73;0,61;18,23;29,62;1;10;114;24/nov/25
35541;BISC SALG TUCS PIZZA 100G;17;6;30;2;1,27;2;0,7;0,3;0,72;12,39;31,96;1;10;114;24/nov/25
35540;BISC SALG TUCS QUEIJO 100G;1;6;30;2;0,77;2;2,5;2,4;2,13;2,52;9,09;0;10;114;24/nov/25
35540;BISC SALG TUCS QUEIJO 100G;2;6;30;1;0,83;0;0,43;0,63;0,51;11,54;11,54;1;10;114;24/nov/25
35540;BISC SALG TUCS QUEIJO 100G;6;6;30;0,73;0,1;2;0,97;0,83;0,44;1,58;33,16;1;10;114;24/nov/25
35540;BISC SALG TUCS QUEIJO 100G;7;6;30;0,5;0,2;1;0,7;0,63;0,47;2,95;17,7;1;10;114;24/nov/25
35540;BISC SALG TUCS QUEIJO 100G;8;6;30;3,6;3;0;0,77;0,8;0,77;27,27;27,27;1;10;114;24/nov/25
35540;BISC SALG TUCS QUEIJO 100G;17;6;30;3;2,8;0;0,63;0,77;0,97;20,16;20,16;1;10;114;24/nov/25
35544;BISC SALG TUCS SALAMINHO 100G;1;6;30;4;3,23;0;1,73;1,9;1,41;16,08;16,08;0;10;114;24/nov/25
35544;BISC SALG TUCS SALAMINHO 100G;2;6;30;1;0,53;1;1,03;0,67;0,81;4,62;13,27;1;10;114;24/nov/25
35544;BISC SALG TUCS SALAMINHO 100G;3;6;30;3;3,63;1;0,6;1,43;0,97;26,16;33,36;1;10;114;24/nov/25
35544;BISC SALG TUCS SALAMINHO 100G;8;6;30;3;2,6;0;0,7;0,37;0,45;40,34;40,34;1;10;114;24/nov/25
35544;BISC SALG TUCS SALAMINHO 100G;12;6;30;2;1,73;0;0,37;1,5;1,03;11,82;11,82;1;10;114;24/nov/25
1008282;BISC SALG ZEZE MIGNON 200G;3;6;24;2,5;1,54;2;1,67;2,38;1,77;6,1;14,01;2,17;10;114;24/nov/25
1008282;BISC SALG ZEZE MIGNON 200G;4;6;24;2;1,33;0;0,92;0,96;0,88;10,67;10,67;0,54;10;114;24/nov/25
1008282;BISC SALG ZEZE MIGNON 200G;11;6;24;2;0,71;2;1,17;1,71;1,23;4,02;15,35;1,08;10;114;24/nov/25
1008282;BISC SALG ZEZE MIGNON 200G;12;6;24;1;0,92;0;1,04;0;0,24;26,4;26,4;1,08;10;114;24/nov/25
1008282;BISC SALG ZEZE MIGNON 200G;17;6;24;1,21;0,33;2;0,67;0,46;0,59;3,93;27,54;2,17;10;114;24/nov/25
1010403;BISC SALG ZEZE MIGNON QUEIJO 60G;13;6;24;1;0,79;0;0,04;0,17;0,05;114;114;1,08;10;114;24/nov/25
31297;BISC SORT DOMELLY 330G;2;6;20;4;2,8;0;0,8;1;1,1;17,87;17,87;0,65;10;114;24/nov/25
31297;BISC SORT DOMELLY 330G;3;6;20;5;3,85;2;1,85;1,8;1,7;15,82;24,04;0,65;10;114;24/nov/25
31297;BISC SORT DOMELLY 330G;5;6;20;3,6;1,75;3;2,55;2,45;2,37;5,17;14,04;1,3;10;114;24/nov/25
31297;BISC SORT DOMELLY 330G;6;6;20;1,7;1,35;0;1,5;2,4;1,09;8,71;8,71;1,3;10;114;24/nov/25
31297;BISC SORT DOMELLY 330G;7;6;20;4;1,6;3;2,25;1,35;1,4;8;23;2,6;10;114;24/nov/25
31297;BISC SORT DOMELLY 330G;8;6;20;4;3,35;0;0,95;0,65;0,88;26,8;26,8;3,9;10;114;24/nov/25
31297;BISC SORT DOMELLY 330G;11;6;20;2;0,9;2;0,75;0,8;0,5;12,56;40,47;0,65;10;114;24/nov/25
31297;BISC SORT DOMELLY 330G;12;6;20;4;2,25;0;1,05;1;0,92;17,09;17,09;1,3;10;114;24/nov/25
31297;BISC SORT DOMELLY 330G;13;6;20;3;2,45;0;1,05;0,95;1,06;16,15;16,15;0,65;10;114;24/nov/25
31297;BISC SORT DOMELLY 330G;14;6;20;2,5;2,45;0;0,25;0,5;0,43;39,73;39,73;1,3;10;114;24/nov/25
31297;BISC SORT DOMELLY 330G;17;6;20;4;3,2;0;0,5;0,8;0,7;32;32;0,65;10;114;24/nov/25
31297;BISC SORT DOMELLY 330G;18;6;20;4;3,1;1;0,95;0,95;1,12;19,38;25,63;0;10;114;24/nov/25
28400;BISC SORT DOMELLY JOCE 300G;5;6;20;1;0,95;0;0,3;0,7;0,58;11,4;11,4;1,7;10;114;24/nov/25
28400;BISC SORT DOMELLY JOCE 300G;8;6;20;1;0,95;0;0,25;0;0,11;63,33;63,33;1,7;10;114;24/nov/25
28400;BISC SORT DOMELLY JOCE 300G;17;6;20;2,35;1,9;0;0,2;0,45;0,3;43,85;43,85;0,85;10;114;24/nov/25
104098;BISC SORT GERMANI 400G;3;6;20;1;2,4;1;0,45;0,25;0,37;45;63,75;0,85;10;114;24/nov/25
104098;BISC SORT GERMANI 400G;13;6;20;1;0,95;0;0,3;0,2;0,19;35,63;35,63;0,85;10;114;24/nov/25
6200;BISC SORT GERMANI 800G;3;6;10;1,5;3,9;1;0,4;0,3;0,26;106,36;133,64;1,7;10;114;24/nov/25
6200;BISC SORT GERMANI 800G;6;6;10;1,5;1,2;0;0,6;0,5;0,61;13,85;13,85;1,7;10;114;24/nov/25
6200;BISC SORT GERMANI 800G;7;6;10;1;0,9;1;0,2;0,3;0,3;20,77;43,85;1,7;10;114;24/nov/25
6200;BISC SORT GERMANI 800G;11;6;10;0,8;0,6;1;0,2;0,5;0,44;9,47;25,26;1,7;10;114;24/nov/25
6200;BISC SORT GERMANI 800G;13;6;10;1,5;1,3;0;0,4;0,6;0,49;18,57;18,57;1,7;10;114;24/nov/25
1018980;BISC SORT GIRASSOL 300G;2;6;20;2;1;2;1;1,25;0,97;7,23;21,69;0,85;10;114;24/nov/25
1018980;BISC SORT GIRASSOL 300G;3;6;20;10;10,9;1;0,8;0,6;1,21;62,88;68,65;0,85;10;114;24/nov/25
1018980;BISC SORT GIRASSOL 300G;6;6;20;2;1,7;0;0,65;0;0,39;30,91;30,91;0,85;10;114;24/nov/25
1018980;BISC SORT GIRASSOL 300G;7;6;20;0,95;0,8;1;0,35;0,7;0,29;19,2;43,2;1,7;10;114;24/nov/25
1018980;BISC SORT GIRASSOL 300G;11;6;20;1,5;0,95;2;1,3;1,15;1,16;5,76;17,88;0,85;10;114;24/nov/25
1018980;BISC SORT GIRASSOL 300G;12;6;20;7,2;4;0;2,45;2,1;2,21;12,7;12,7;1,7;10;114;24/nov/25
1018980;BISC SORT GIRASSOL 300G;13;6;20;4;3,75;0;0,85;0,65;0,78;33,58;33,58;0,85;10;114;24/nov/25
1018980;BISC SORT GIRASSOL 300G;17;6;20;4;0,7;4;2,45;2,35;2,14;2,3;15,41;1,7;10;114;24/nov/25
1018980;BISC SORT GIRASSOL 300G;18;6;20;7,2;5,45;3;1,4;4,3;2,11;18,07;28,01;0;10;114;24/nov/25
1012509;TORRADA  ISABELA INTEGRAL142G;2;6;32;1;0,75;0;0,22;0,38;0,3;17,56;17,56;0,88;10;114;24/nov/25
1012509;TORRADA  ISABELA INTEGRAL142G;3;6;32;1;0,72;1;0,75;0,81;0,76;6,63;15,87;1,75;10;114;24/nov/25
1012509;TORRADA  ISABELA INTEGRAL142G;4;6;32;2;1,03;0;0,44;0,47;0,33;22;22;0,44;10;114;24/nov/25
1012509;TORRADA  ISABELA INTEGRAL142G;8;6;32;1;0,88;0;0,09;0,25;0,15;42;42;0,44;10;114;24/nov/25
1012509;TORRADA  ISABELA INTEGRAL142G;12;6;32;1;0,69;0;0,19;0,38;0,34;14,35;14,35;0,44;10;114;24/nov/25
1012508;TORRADA ISABELA TRADICIONAL 142G;2;6;32;1;0,53;1;0,78;0,5;0,66;5,6;16,15;0,44;10;114;24/nov/25
1012508;TORRADA ISABELA TRADICIONAL 142G;11;6;32;1;0,88;0;0,31;0,5;0,36;16,8;16,8;0,44;10;114;24/nov/25
1012508;TORRADA ISABELA TRADICIONAL 142G;13;6;32;3;2,53;0;0,41;0,47;0,62;28,59;28,59;0,44;10;114;24/nov/25
1012508;TORRADA ISABELA TRADICIONAL 142G;17;6;32;1,88;1,06;2;1,31;2,72;1,4;5,31;15,31;0,88;10;114;24/nov/25
1000447;WAFER GIRASSOL CHOC 60G;2;6;50;14;12,78;0;4,96;14,06;6,45;13,87;13,87;6;10;114;24/nov/25
1000447;WAFER GIRASSOL CHOC 60G;3;6;50;20;18,92;2;6,4;16,08;6,59;20,1;22,22;6;10;114;24/nov/25
1000447;WAFER GIRASSOL CHOC 60G;5;6;50;6;4,84;2;4,08;8,84;4,76;7,12;10,07;6;10;114;24/nov/25
1000447;WAFER GIRASSOL CHOC 60G;13;6;50;11;8,36;0;4,88;10,24;5,18;11,3;11,3;6;10;114;24/nov/25
1000447;WAFER GIRASSOL CHOC 60G;17;6;50;8,38;7,28;2;4,42;8,94;5,66;9;11,48;4;10;114;24/nov/25
1000447;WAFER GIRASSOL CHOC 60G;18;6;50;15;12,56;3;7,1;12,14;6,92;12,7;15,74;0;10;114;24/nov/25
1000446;WAFER GIRASSOL LIMAO 60G;2;6;50;8;6,18;0;3,76;6,16;3,06;14,15;14,15;3;10;114;24/nov/25
1000446;WAFER GIRASSOL LIMAO 60G;3;6;50;10;10,44;1;3,12;7,88;3,25;22,47;24,62;3;10;114;24/nov/25
1000446;WAFER GIRASSOL LIMAO 60G;4;6;50;4;3,02;0;1,4;1,14;1,31;16,12;16,12;1;10;114;24/nov/25
1000446;WAFER GIRASSOL LIMAO 60G;5;6;50;5,4;4,12;0;1,9;5,38;2,59;11,14;11,14;3;10;114;24/nov/25
1000446;WAFER GIRASSOL LIMAO 60G;8;6;50;3;2,98;0;1,02;2,22;1,33;15,68;15,68;4;10;114;24/nov/25
1000446;WAFER GIRASSOL LIMAO 60G;12;6;50;6;4,92;0;3,36;5,42;2,57;13,39;13,39;6;10;114;24/nov/25
1000446;WAFER GIRASSOL LIMAO 60G;13;6;50;6;2;5;1,24;2,96;1,94;7,21;25,24;3;10;114;24/nov/25
1000446;WAFER GIRASSOL LIMAO 60G;17;6;50;6;5,08;0;2,28;4,6;3;11,87;11,87;2;10;114;24/nov/25
1000446;WAFER GIRASSOL LIMAO 60G;18;6;50;9;8,64;1;3,28;6,6;3,75;16,14;18,01;0;10;114;24/nov/25
1000445;WAFER GIRASSOL MORANGO 60G;2;6;50;12;9,72;0;3,76;12,1;5,88;11,58;11,58;3;10;114;24/nov/25
1000445;WAFER GIRASSOL MORANGO 60G;3;6;50;4;4,32;2;2,32;5,52;2,69;11,25;16,46;3;10;114;24/nov/25
1000445;WAFER GIRASSOL MORANGO 60G;4;6;50;5;2,44;4;3,72;2,78;3,39;5,03;13,29;1;10;114;24/nov/25
1000445;WAFER GIRASSOL MORANGO 60G;5;6;50;6;3,96;3;2,52;9,54;4,03;6,88;12,08;3;10;114;24/nov/25
1000445;WAFER GIRASSOL MORANGO 60G;7;6;50;8;5,76;3;3,32;10,64;4,06;9,92;15,09;3;10;114;24/nov/25
1000445;WAFER GIRASSOL MORANGO 60G;13;6;50;4;1,5;3;1,76;3,48;1,79;5,86;17,58;3;10;114;24/nov/25
1000445;WAFER GIRASSOL MORANGO 60G;17;6;50;7;4,92;0;2,84;5,28;3,36;10,24;10,24;2;10;114;24/nov/25
1000445;WAFER GIRASSOL MORANGO 60G;18;6;50;8;6,12;3;3,96;8,52;4,4;9,73;14,51;0;10;114;24/nov/25
1013117;WAFER ISABELA CHOC BRANCO 100G;2;6;40;4;2,45;1;1,88;2,18;2,27;7,56;10,64;2,5;10;114;24/nov/25
1013117;WAFER ISABELA CHOC BRANCO 100G;3;6;40;9;7,23;1;2,38;3;4,48;11,29;12,85;1,25;10;114;24/nov/25
1013117;WAFER ISABELA CHOC BRANCO 100G;4;6;40;4;2,45;1;1,8;0,68;1,38;12,41;17,47;1,25;10;114;24/nov/25
1013117;WAFER ISABELA CHOC BRANCO 100G;5;6;40;5,2;4,83;0;1,4;0,68;2,02;16,69;16,69;5;10;114;24/nov/25
1013117;WAFER ISABELA CHOC BRANCO 100G;6;6;40;6;4,68;1;2,5;2,78;3,38;9,67;11,74;1,25;10;114;24/nov/25
1013117;WAFER ISABELA CHOC BRANCO 100G;7;6;40;9,65;5,83;1;1,68;2,18;3,89;10,5;12,3;2,5;10;114;24/nov/25
1013117;WAFER ISABELA CHOC BRANCO 100G;12;6;40;6;4,43;1;2,9;2,95;4,67;6,64;8,14;2,5;10;114;24/nov/25
1013117;WAFER ISABELA CHOC BRANCO 100G;17;6;40;2;0,8;1;1,45;1,18;1,21;4,62;10,38;1,25;10;114;24/nov/25
1013116;WAFER ISABELA CHOCOLATE 100G;2;6;40;6,43;4,88;3;2,1;2,53;3,42;9,97;16,1;2,5;10;114;24/nov/25
1013116;WAFER ISABELA CHOCOLATE 100G;3;6;40;14;21,53;3;4,7;5,2;7,43;20,29;23,12;1,25;10;114;24/nov/25
1013116;WAFER ISABELA CHOCOLATE 100G;5;6;40;6,75;6,63;0;1,2;2,05;2,95;15,71;15,71;5;10;114;24/nov/25
1013116;WAFER ISABELA CHOCOLATE 100G;6;6;40;5;3,6;2;2,45;1,63;3,19;7,91;12,31;1,25;10;114;24/nov/25
1013116;WAFER ISABELA CHOCOLATE 100G;8;6;40;2;3,2;2;0,93;0,53;1,14;19,59;31,84;2,5;10;114;24/nov/25
1013116;WAFER ISABELA CHOCOLATE 100G;11;6;40;10,28;7,6;4;1,95;3,75;4,82;11,03;16,83;2,5;10;114;24/nov/25
1013116;WAFER ISABELA CHOCOLATE 100G;12;6;40;6;5,98;0;1,53;1,43;3,73;11,2;11,2;2,5;10;114;24/nov/25
1013116;WAFER ISABELA CHOCOLATE 100G;13;6;40;4,55;4,1;0;0,9;0,7;1,32;21,67;21,67;1,25;10;114;24/nov/25
1013116;WAFER ISABELA CHOCOLATE 100G;17;6;40;6;5,4;0;1,78;2,95;3,26;11,59;11,59;2,5;10;114;24/nov/25
1013116;WAFER ISABELA CHOCOLATE 100G;18;6;40;9;7,73;2;1,45;1,33;2,74;19,72;24,83;0;10;114;24/nov/25
1013120;WAFER ISABELA CHOCOLATE SUICO 100G;2;6;40;5;3,43;1;2,2;2,95;4,25;5,65;7,29;2,5;10;114;24/nov/25
1013120;WAFER ISABELA CHOCOLATE SUICO 100G;3;6;40;12;9,83;1;4,4;4,8;6,73;10,22;11,26;1,25;10;114;24/nov/25
1013120;WAFER ISABELA CHOCOLATE SUICO 100G;4;6;40;6;4,95;0;1,75;1,55;2,75;12,58;12,58;1,25;10;114;24/nov/25
1013120;WAFER ISABELA CHOCOLATE SUICO 100G;6;6;40;6,38;3,68;1;3,2;2,68;4,32;5,95;7,57;1,25;10;114;24/nov/25
1013120;WAFER ISABELA CHOCOLATE SUICO 100G;7;6;40;5,5;4,18;1;2,28;2,05;3,48;8,41;10,42;2,5;10;114;24/nov/25
1013120;WAFER ISABELA CHOCOLATE SUICO 100G;8;6;40;2;1,4;1;1,08;0,45;0,68;14,48;24,83;2,5;10;114;24/nov/25
1013120;WAFER ISABELA CHOCOLATE SUICO 100G;13;6;40;3;2,35;0;0,5;0,43;1,3;12,65;12,65;1,25;10;114;24/nov/25
1013120;WAFER ISABELA CHOCOLATE SUICO 100G;17;6;40;4,5;2,1;1;1,45;1,65;2,19;6,72;9,92;1,25;10;114;24/nov/25
1013120;WAFER ISABELA CHOCOLATE SUICO 100G;18;6;40;4,5;2,63;1;2,45;2,53;2,4;7,65;10,56;0;10;114;24/nov/25
1014179;WAFER ISABELA DOCE DE LEITE 100G;2;6;40;2,5;1,98;1;1,88;2,28;2,11;6,55;9,86;2,5;10;114;24/nov/25
1014179;WAFER ISABELA DOCE DE LEITE 100G;4;6;40;2;1,68;1;1,03;0,58;1,35;8,66;13,84;1,25;10;114;24/nov/25
1014179;WAFER ISABELA DOCE DE LEITE 100G;5;6;40;2;1,38;1;1,48;0,63;1,29;7,47;12,9;5;10;114;24/nov/25
1014179;WAFER ISABELA DOCE DE LEITE 100G;7;6;40;3,5;3,05;1;1,33;1,3;1,98;10,76;14,29;2,5;10;114;24/nov/25
1014179;WAFER ISABELA DOCE DE LEITE 100G;12;6;40;5;4,73;0;1,63;2,33;3,21;10,29;10,29;2,5;10;114;24/nov/25
1014179;WAFER ISABELA DOCE DE LEITE 100G;13;6;40;3;2,78;2;0,98;1,45;2,4;8,08;13,91;1,25;10;114;24/nov/25
1014179;WAFER ISABELA DOCE DE LEITE 100G;17;6;40;3;2,45;1;1,3;1,38;2,08;8,24;11,6;1,25;10;114;24/nov/25
1014179;WAFER ISABELA DOCE DE LEITE 100G;18;6;40;3;2,85;1;1,25;0,7;1,88;10,59;14,3;0;10;114;24/nov/25
1013118;WAFER ISABELA LIMAO 100G;2;6;40;6;2,63;4;0,9;1,03;1,98;9,26;23,38;2,5;10;114;24/nov/25
1013118;WAFER ISABELA LIMAO 100G;3;6;40;9;3,23;7;1,45;1,93;2,94;7,68;24,35;1,25;10;114;24/nov/25
1013118;WAFER ISABELA LIMAO 100G;4;6;40;2;1,3;0;0,2;0,25;0,38;24;24;1,25;10;114;24/nov/25
1013118;WAFER ISABELA LIMAO 100G;8;6;40;2;2,5;1;0,48;0,48;0,48;36,14;50,6;2,5;10;114;24/nov/25
1013118;WAFER ISABELA LIMAO 100G;11;6;40;6,48;6,15;0;0,3;0,45;2,11;20,39;20,39;2,5;10;114;24/nov/25
1013118;WAFER ISABELA LIMAO 100G;12;6;40;6;2,73;4;1,15;1,05;2,54;7,5;18,51;2,5;10;114;24/nov/25
1013118;WAFER ISABELA LIMAO 100G;14;6;40;2,25;1,55;0;0,53;0,38;0,53;20,67;20,67;1,25;10;114;24/nov/25
1013118;WAFER ISABELA LIMAO 100G;17;6;40;6;1,85;4;1,65;1,9;3,3;3,93;12,42;2,5;10;114;24/nov/25
1013119;WAFER ISABELA MORANGO 100G;2;6;40;7;4,73;3;2,25;1,9;3,69;8,97;14,67;2,5;10;114;24/nov/25
1013119;WAFER ISABELA MORANGO 100G;5;6;40;2;1,43;2;0,88;0,68;1,59;6,29;15,11;5;10;114;24/nov/25
1013119;WAFER ISABELA MORANGO 100G;6;6;40;7;5;0;2,3;1,58;3,49;10,03;10,03;1,25;10;114;24/nov/25
1013119;WAFER ISABELA MORANGO 100G;7;6;40;4,5;3,23;2;1,78;1,58;2,82;8,01;12,98;2,5;10;114;24/nov/25
1013119;WAFER ISABELA MORANGO 100G;8;6;40;3,5;4,7;3;0,98;0,55;0,94;35,03;57,39;2,5;10;114;24/nov/25
1013119;WAFER ISABELA MORANGO 100G;12;6;40;7,5;6,68;0;1,73;1,68;3,54;13,2;13,2;2,5;10;114;24/nov/25
1013119;WAFER ISABELA MORANGO 100G;13;6;40;3,5;2,23;0;0,43;0,68;1,56;10;10;1,25;10;114;24/nov/25
1013119;WAFER ISABELA MORANGO 100G;17;6;40;4;3,03;2;1,68;2,08;3,07;6,9;11,46;1,25;10;114;24/nov/25
1013119;WAFER ISABELA MORANGO 100G;18;6;40;5,93;5,45;1;1,2;0,9;2,77;13,77;16,29;0;10;114;24/nov/25
83775;WAFER NESTLE PRESTIGIO 110G;11;6;48;0,75;0,6;0;0,08;0,1;0,11;37,83;37,83;2,08;10;114;24/nov/25
1022950;WAFER ORQUIDEA CHOCOLATE 100GR;5;6;50;1;0,82;0;0,34;0,86;0,48;12,06;12,06;4;10;114;24/nov/25
1022950;WAFER ORQUIDEA CHOCOLATE 100GR;11;6;50;1;0,42;2;0,5;0,16;0,28;10,68;61,53;2;10;114;24/nov/25
1022950;WAFER ORQUIDEA CHOCOLATE 100GR;18;6;50;1;0,98;1;0,5;0,52;0,41;16,7;33,75;0;10;114;24/nov/25
1022951;WAFER ORQUIDEA CHOCOLATE BCO 100GR;7;6;50;1;0,96;0;0,74;0,3;0,24;27,69;27,69;4;10;114;24/nov/25
1013328;WAFER PARATI MEGA CHOCOLATE 105G;2;6;30;3;2,33;0;0,2;0,57;0,47;35;35;1,67;10;114;24/nov/25
1013328;WAFER PARATI MEGA CHOCOLATE 105G;6;6;30;3;2,9;0;0,87;0,9;0,66;30,71;30,71;1,67;10;114;24/nov/25
1013328;WAFER PARATI MEGA CHOCOLATE 105G;12;6;30;7,2;5,6;0;1,03;1,3;1,13;34,76;34,76;3,33;10;114;24/nov/25
1013328;WAFER PARATI MEGA CHOCOLATE 105G;13;6;30;4;3,93;0;0,17;0,07;0,26;104,12;104,12;1,67;10;114;24/nov/25
1013328;WAFER PARATI MEGA CHOCOLATE 105G;17;6;30;4;3,93;0;0,33;1,07;0,99;27,87;27,87;1,67;10;114;24/nov/25
1013327;WAFER PARATI MEGA MORANGO 105G;6;6;30;3;2,43;0;0,53;1,2;0,72;23,8;23,8;1,67;10;114;24/nov/25
1013327;WAFER PARATI MEGA MORANGO 105G;8;6;30;3;3,9;1;0,23;0,47;0,23;117;147;3,33;10;114;24/nov/25
1013327;WAFER PARATI MEGA MORANGO 105G;12;6;30;4;3,93;0;0,43;0,73;0,84;32,78;32,78;3,33;10;114;24/nov/25
1013327;WAFER PARATI MEGA MORANGO 105G;13;6;30;4;3,87;0;0,43;0,27;0,36;75,65;75,65;1,67;10;114;24/nov/25
1019341;WAFER PARATI MINUETO BRIGADEIRO 81G;3;6;36;19;11,75;8;2,19;2,69;4,03;20,4;34,29;2,78;10;114;24/nov/25
1019341;WAFER PARATI MINUETO BRIGADEIRO 81G;4;6;36;3;2,42;0;0,42;0,31;0,56;30;30;1,39;10;114;24/nov/25
1019341;WAFER PARATI MINUETO BRIGADEIRO 81G;6;6;36;6;4,67;0;2,36;1,25;1,8;18,19;18,19;2,78;10;114;24/nov/25
1019341;WAFER PARATI MINUETO BRIGADEIRO 81G;12;6;36;6;5,25;0;0,5;1,03;1,06;34,57;34,57;5,56;10;114;24/nov/25
1019341;WAFER PARATI MINUETO BRIGADEIRO 81G;13;6;36;6;4;0;0,72;0,58;0,79;35,41;35,41;2,78;10;114;24/nov/25
1019341;WAFER PARATI MINUETO BRIGADEIRO 81G;18;6;36;7,78;7,69;0;0,36;0,67;1,45;37,26;37,26;0;10;114;24/nov/25
1019346;WAFER PARATI MINUETO CHOC/AVELA 81G;2;6;36;5;4,67;0;0,19;0,25;0,58;56;56;1,39;10;114;24/nov/25
1019346;WAFER PARATI MINUETO CHOC/AVELA 81G;3;6;36;12;8,25;5;1,39;1,61;2,2;26,21;42,09;1,39;10;114;24/nov/25
1019346;WAFER PARATI MINUETO CHOC/AVELA 81G;6;6;36;5;4,56;0;0,44;0,61;1,02;31,14;31,14;1,39;10;114;24/nov/25
1019346;WAFER PARATI MINUETO CHOC/AVELA 81G;8;6;36;3;3,81;1;0,42;0,22;0,28;95,58;120,7;2,78;10;114;24/nov/25
1019346;WAFER PARATI MINUETO CHOC/AVELA 81G;12;6;36;5;4,83;0;0,44;0,67;1,06;31,83;31,83;2,78;10;114;24/nov/25
1019346;WAFER PARATI MINUETO CHOC/AVELA 81G;13;6;36;7;5,36;0;1,33;1,67;1,72;21,77;21,77;1,39;10;114;24/nov/25
1019346;WAFER PARATI MINUETO CHOC/AVELA 81G;17;6;36;7;5,83;0;2,14;3,75;3,55;11,5;11,5;1,39;10;114;24/nov/25
1019345;WAFER PARATI MINUETO CHOC/BAUNILHA 81G;1;6;36;3;2,83;0;1,03;0,56;0,57;34,77;34,77;0;10;114;24/nov/25
1019345;WAFER PARATI MINUETO CHOC/BAUNILHA 81G;2;6;36;6;5,94;0;0,53;0,64;0,58;71,33;71,33;1,39;10;114;24/nov/25
1019345;WAFER PARATI MINUETO CHOC/BAUNILHA 81G;3;6;36;13,33;14,36;2;1,33;1,28;3,4;29,54;33,66;1,39;10;114;24/nov/25
1019345;WAFER PARATI MINUETO CHOC/BAUNILHA 81G;5;6;36;4;3,22;0;1;1,47;1,43;15,82;15,82;2,78;10;114;24/nov/25
1019345;WAFER PARATI MINUETO CHOC/BAUNILHA 81G;6;6;36;7;5,14;0;1,81;1,58;2,94;12,22;12,22;1,39;10;114;24/nov/25
1019345;WAFER PARATI MINUETO CHOC/BAUNILHA 81G;7;6;36;6;3,72;0;0,72;0,64;1,24;20,94;20,94;1,39;10;114;24/nov/25
1019345;WAFER PARATI MINUETO CHOC/BAUNILHA 81G;11;6;36;6;3,81;0;0,56;0,56;0,86;30,9;30,9;1,39;10;114;24/nov/25
1019345;WAFER PARATI MINUETO CHOC/BAUNILHA 81G;12;6;36;6;3,97;0;0,78;0,19;1,11;24,94;24,94;2,78;10;114;24/nov/25
1019345;WAFER PARATI MINUETO CHOC/BAUNILHA 81G;13;6;36;8,89;7,42;0;1,61;2,25;2,89;17,96;17,96;1,39;10;114;24/nov/25
1019345;WAFER PARATI MINUETO CHOC/BAUNILHA 81G;17;6;36;8;4,44;5;2,25;3,17;3,12;9,96;21,16;1,39;10;114;24/nov/25
1019343;WAFER PARATI MINUETO CHOCOLATE 81G;3;6;36;12,22;12,11;3;0,69;1,94;2,74;31;38,67;1,39;10;114;24/nov/25
1019343;WAFER PARATI MINUETO CHOCOLATE 81G;4;6;36;3;2,92;0;0,11;0,22;0,11;185,29;185,29;1,39;10;114;24/nov/25
1019343;WAFER PARATI MINUETO CHOCOLATE 81G;6;6;36;7;3,92;4;1,69;1,81;2;13,73;27,76;1,39;10;114;24/nov/25
1019343;WAFER PARATI MINUETO CHOCOLATE 81G;8;6;36;2;2,86;1;0,06;0,33;0,31;64,38;86,88;2,78;10;114;24/nov/25
1019343;WAFER PARATI MINUETO CHOCOLATE 81G;11;6;36;6;4,92;0;0,67;0,36;0,56;61,03;61,03;1,39;10;114;24/nov/25
1019343;WAFER PARATI MINUETO CHOCOLATE 81G;12;6;36;8;7,67;0;0,83;0,56;1,37;39,24;39,24;2,78;10;114;24/nov/25
1019343;WAFER PARATI MINUETO CHOCOLATE 81G;13;6;36;6;3,28;0;1,58;1,47;2,37;9,67;9,67;1,39;10;114;24/nov/25
1019343;WAFER PARATI MINUETO CHOCOLATE 81G;17;6;36;6,67;3,36;4;2,64;3,58;3,55;6,64;14,53;1,39;10;114;24/nov/25
1019343;WAFER PARATI MINUETO CHOCOLATE 81G;18;6;36;6;5,89;0;0,39;0,61;1,58;26,07;26,07;0;10;114;24/nov/25
1022390;WAFER PARATI MINUETO COCADA 73G;2;6;36;2;1,78;0;0,42;0,14;0,34;36,23;36,23;1,39;10;114;24/nov/25
1022390;WAFER PARATI MINUETO COCADA 73G;13;6;36;2;1,92;0;0,44;0,42;0,44;30,44;30,44;1,39;10;114;24/nov/25
1019344;WAFER PARATI MINUETO LIMAO 81G;2;6;36;6;5,25;0;1;1,14;1,32;27,93;27,93;2,78;10;114;24/nov/25
1019344;WAFER PARATI MINUETO LIMAO 81G;3;6;36;12,22;13,25;3;1,86;2,61;3,64;25,46;31,23;2,78;10;114;24/nov/25
1019344;WAFER PARATI MINUETO LIMAO 81G;4;6;36;4;3,5;0;0,56;0,69;1,15;21,24;21,24;1,39;10;114;24/nov/25
1019344;WAFER PARATI MINUETO LIMAO 81G;5;6;36;3;2,17;0;0,64;0,61;0,8;19,02;19,02;1,39;10;114;24/nov/25
1019344;WAFER PARATI MINUETO LIMAO 81G;6;6;36;7;5,22;0;1,97;1,42;2,35;15,54;15,54;2,78;10;114;24/nov/25
1019344;WAFER PARATI MINUETO LIMAO 81G;11;6;36;6;5,47;0;0,86;1,56;1,58;24,22;24,22;1,39;10;114;24/nov/25
1019344;WAFER PARATI MINUETO LIMAO 81G;12;6;36;6;5,58;0;1,17;1,19;1,58;24,71;24,71;5,56;10;114;24/nov/25
1019344;WAFER PARATI MINUETO LIMAO 81G;13;6;36;6,94;4,69;0;1,67;2,14;1,96;16,79;16,79;2,78;10;114;24/nov/25
1019344;WAFER PARATI MINUETO LIMAO 81G;17;6;36;6,94;4,11;4;2,14;2,22;2;14,37;28,35;1,39;10;114;24/nov/25
1019342;WAFER PARATI MINUETO MORANGO 81G;2;6;36;4,17;3,47;0;0,5;0,53;0,82;29,76;29,76;1,39;10;114;24/nov/25
1019342;WAFER PARATI MINUETO MORANGO 81G;3;6;36;10;5,89;5;1,94;2,25;3,12;13,2;24,4;1,39;10;114;24/nov/25
1019342;WAFER PARATI MINUETO MORANGO 81G;5;6;36;4;3,53;0;0,64;1,06;1;24,74;24,74;1,39;10;114;24/nov/25
1019342;WAFER PARATI MINUETO MORANGO 81G;6;6;36;4,17;2;3;1,44;1,61;1,74;8,03;20,07;1,39;10;114;24/nov/25
1019342;WAFER PARATI MINUETO MORANGO 81G;7;6;36;6,67;6,17;0;0,44;0,83;1,58;27,41;27,41;1,39;10;114;24/nov/25
1019342;WAFER PARATI MINUETO MORANGO 81G;11;6;36;4,17;3,44;0;0,33;0,75;1,03;23,4;23,4;1,39;10;114;24/nov/25
1019342;WAFER PARATI MINUETO MORANGO 81G;13;6;36;6,94;3,92;4;2,33;1,94;2,99;9,16;18,51;1,39;10;114;24/nov/25
1019342;WAFER PARATI MINUETO MORANGO 81G;17;6;36;10;7,72;0;2,06;4,08;3,29;16,42;16,42;1,39;10;114;24/nov/25
1022391;WAFER PARATI MINUETO PACOCA 73G;11;6;36;1,39;1,17;0;0,61;0;0,6;13,55;13,55;1,39;10;114;24/nov/25
1022391;WAFER PARATI MINUETO PACOCA 73G;12;6;36;1,67;1,36;0;0,81;0,33;0,8;11,95;11,95;2,78;10;114;24/nov/25
1022391;WAFER PARATI MINUETO PACOCA 73G;13;6;36;1,5;1,33;0;0,28;0,53;0,34;27,69;27,69;1,39;10;114;24/nov/25
1022391;WAFER PARATI MINUETO PACOCA 73G;17;6;36;2,03;1,89;0;0,28;0,69;0,43;30,91;30,91;1,39;10;114;24/nov/25
1022391;WAFER PARATI MINUETO PACOCA 73G;18;6;36;2,78;2,39;0;0,42;0,17;0,36;46,07;46,07;0;10;114;24/nov/25
1011839;MACARRAO CUP NOODLES BOLONHESA 72G;14;6;24;0,5;0,42;0;0,17;0,21;0,14;21,43;21,43;0,42;10;115;24/nov/25
1011858;MACARRAO CUP NOODLES CAR DEF 69G;13;6;24;0,92;0,13;2;1,08;0,67;0,84;1,05;17,79;0,42;10;115;24/nov/25
1011858;MACARRAO CUP NOODLES CAR DEF 69G;17;6;24;2;1,17;0;0,46;1,04;0,77;10,63;10,63;0,42;10;115;24/nov/25
1011859;MACARRAO CUP NOODLES CHEDDAR 69G;2;6;24;0,5;0,33;1;0,33;0,13;0,39;6;24;0,42;10;115;24/nov/25
1011859;MACARRAO CUP NOODLES CHEDDAR 69G;11;6;24;0,75;0,63;0;0,08;0,42;0,32;13,64;13,64;0,42;10;115;24/nov/25
1011837;MACARRAO CUP NOODLES COST C/M 68G;12;6;24;2;1,54;1;0,83;2;1,24;8,67;14,3;0,42;10;115;24/nov/25
1011837;MACARRAO CUP NOODLES COST C/M 68G;13;6;24;0,67;0;2;0,79;0,5;0,53;0;26,18;0,42;10;115;24/nov/25
1012978;MACARRAO CUP NOODLES CURRY 70G;18;6;24;0,5;0,46;1;0,08;0,04;0,07;47,14;150;0,83;10;115;24/nov/25
1011840;MACARRAO CUP NOODLES F MAR 65G;13;6;24;0,5;0,38;1;0,21;0,08;0,17;15,88;58,24;0,42;10;115;24/nov/25
1011857;MACARRAO CUP NOODLES GAL CAIP 69G;3;6;24;3;3,96;1;1,21;2,54;1,89;14,69;18,4;2,08;10;115;24/nov/25
1011857;MACARRAO CUP NOODLES GAL CAIP 69G;5;6;24;0,67;0,5;0;0,5;0;0,27;12,86;12,86;0,83;10;115;24/nov/25
1011857;MACARRAO CUP NOODLES GAL CAIP 69G;8;6;24;0,5;1,38;1;0,88;0,13;0,32;30;51,82;0,42;10;115;24/nov/25
1011857;MACARRAO CUP NOODLES GAL CAIP 69G;17;6;24;2,13;1,08;2;0,96;1,17;1,16;6,55;18,66;0,42;10;115;24/nov/25
1011841;MACARRAO CUP NOODLES GAL CAIPI PIC 68G;4;6;24;0,58;0,54;0;0,38;0,42;0,41;9,29;9,29;0,83;10;115;24/nov/25
1011841;MACARRAO CUP NOODLES GAL CAIPI PIC 68G;13;6;24;0,5;0,25;1;0,38;0,04;0,17;10,59;52,94;0,42;10;115;24/nov/25
1011841;MACARRAO CUP NOODLES GAL CAIPI PIC 68G;14;6;24;2,13;1,92;0;0,54;0,5;0,46;29,36;29,36;0,42;10;115;24/nov/25
1011862;MACARRAO CUP NOODLES LEG C/AZ 67G;17;6;24;2;1,83;0;0,54;0,21;0,41;31,43;31,43;0,42;10;115;24/nov/25
1011838;MACARRAO CUP NOODLES YAKISSOBA 70G;1;6;24;0,75;0,54;1;0,33;0,08;0,22;16,96;48,26;0;10;115;24/nov/25
1011838;MACARRAO CUP NOODLES YAKISSOBA 70G;3;6;24;0,67;1,42;1;0,25;0,5;0,39;25,5;43,5;1,25;10;115;24/nov/25
1011838;MACARRAO CUP NOODLES YAKISSOBA 70G;4;6;24;0,5;0,46;0;0,13;0,33;0,28;11,38;11,38;0,83;10;115;24/nov/25
48512;MACARRAO INST GERMANI CARNE 63G;1;6;50;20,54;14,78;3;11,48;17,3;12,87;8,04;9,67;0;10;115;24/nov/25
48512;MACARRAO INST GERMANI CARNE 63G;8;6;50;14;7,06;1;7,98;5,56;6,15;8,03;9,17;6,12;10;115;24/nov/25
48512;MACARRAO INST GERMANI CARNE 63G;17;6;50;6,44;4,62;2;1;3,34;4,42;7,32;10,49;6,12;10;115;24/nov/25
1023836;MACARRAO INST GERMANI CARNE PICANTE 63G;1;6;50;4;3,66;0;1,94;2,8;1,85;13,86;13,86;0;10;115;24/nov/25
1023836;MACARRAO INST GERMANI CARNE PICANTE 63G;2;6;50;4;3,54;0;0,78;0,5;0,63;39,04;39,04;0;10;115;24/nov/25
1023836;MACARRAO INST GERMANI CARNE PICANTE 63G;6;6;50;3;1,4;2;2,12;1,62;1,54;6,36;15,45;0;10;115;24/nov/25
1023836;MACARRAO INST GERMANI CARNE PICANTE 63G;8;6;50;2;3,12;2;2,44;2,34;2,2;9,94;16,31;0;10;115;24/nov/25
1023836;MACARRAO INST GERMANI CARNE PICANTE 63G;17;6;50;4;1,84;3;1,78;1,42;1,76;7,32;19,26;0;10;115;24/nov/25
49180;MACARRAO INST GERMANI GAL CAIP 63G;1;6;50;11,94;7,66;5;5,06;5,38;4,81;11,14;18,42;0;10;115;24/nov/25
49180;MACARRAO INST GERMANI GAL CAIP 63G;3;6;50;8,16;9,28;2;5,86;4,88;5,36;12,11;14,73;4,08;10;115;24/nov/25
49180;MACARRAO INST GERMANI GAL CAIP 63G;4;6;50;3;2,5;1;1,7;1,34;2,02;8,66;12,12;4,08;10;115;24/nov/25
49180;MACARRAO INST GERMANI GAL CAIP 63G;5;6;50;2,84;2,02;2;2,16;0,66;2,17;6,5;12,94;4,08;10;115;24/nov/25
49180;MACARRAO INST GERMANI GAL CAIP 63G;7;6;50;3,16;1,98;2;1,92;2,04;2,14;6,48;13,03;6,12;10;115;24/nov/25
49180;MACARRAO INST GERMANI GAL CAIP 63G;8;6;50;3,44;3,06;1;3,28;2,98;2,43;8,83;11,71;6,12;10;115;24/nov/25
49180;MACARRAO INST GERMANI GAL CAIP 63G;12;6;50;7,04;5,88;0;3,34;2,38;3,35;12,3;12,3;6,12;10;115;24/nov/25
49180;MACARRAO INST GERMANI GAL CAIP 63G;13;6;50;4,76;3,46;2;2,56;3,52;3,24;7,48;11,8;6,12;10;115;24/nov/25
49180;MACARRAO INST GERMANI GAL CAIP 63G;14;6;50;2,84;2,34;0;0,86;1,22;1,44;11,36;11,36;6,12;10;115;24/nov/25
49180;MACARRAO INST GERMANI GAL CAIP 63G;17;6;50;4,76;2,4;2;2,98;3,04;4,1;4,1;7,51;6,12;10;115;24/nov/25
49180;MACARRAO INST GERMANI GAL CAIP 63G;18;6;50;5,4;2,06;4;3,36;1,7;2,08;6,93;20,38;10,2;10;115;24/nov/25
49179;MACARRAO INST GERMANI GALINHA 63G;1;6;50;19;13,44;3;12,28;17,46;12,55;7,49;9,17;0;10;115;24/nov/25
49179;MACARRAO INST GERMANI GALINHA 63G;4;6;50;3;2,78;1;1,48;1,1;1,99;9,77;13,28;4,08;10;115;24/nov/25
49179;MACARRAO INST GERMANI GALINHA 63G;7;6;50;4,6;4,36;1;3,7;2,42;3,17;9,62;11,82;6,12;10;115;24/nov/25
49179;MACARRAO INST GERMANI GALINHA 63G;8;6;50;10;5,9;2;8,02;7,12;6,29;6,57;8,79;6,12;10;115;24/nov/25
49179;MACARRAO INST GERMANI GALINHA 63G;14;6;50;6;1,26;1;4,26;3,18;3,05;2,89;5,18;6,12;10;115;24/nov/25
49179;MACARRAO INST GERMANI GALINHA 63G;17;6;50;4,76;3,7;1;3,94;2,52;4,94;5,24;6,66;6,12;10;115;24/nov/25
27912;MACARRAO INST GERMANI PICANHA 63G;2;6;50;1,72;0,48;2;3,36;1,34;1,91;1,76;9,07;2,04;10;115;24/nov/25
27912;MACARRAO INST GERMANI PICANHA 63G;5;6;50;1;0,72;1;1,42;0,88;0,97;5,19;12,4;1,36;10;115;24/nov/25
27912;MACARRAO INST GERMANI PICANHA 63G;6;6;50;7,38;5,44;3;3,86;1,44;3,38;11,26;17,46;2,04;10;115;24/nov/25
27912;MACARRAO INST GERMANI PICANHA 63G;8;6;50;7,08;8,5;3;1,66;1,08;1,78;33,46;45,28;2,04;10;115;24/nov/25
27912;MACARRAO INST GERMANI PICANHA 63G;13;6;50;11,16;5,04;7;5,34;2,34;5,57;6,34;15,14;2,04;10;115;24/nov/25
27912;MACARRAO INST GERMANI PICANHA 63G;14;6;50;2,16;0,66;2;1,94;1,44;1,3;3,56;14,35;2,04;10;115;24/nov/25
27912;MACARRAO INST GERMANI PICANHA 63G;17;6;50;4,14;2,02;3;1,46;1,92;2,18;6,49;16,12;2,04;10;115;24/nov/25
27912;MACARRAO INST GERMANI PICANHA 63G;18;6;50;4,12;1,82;3;1,88;1,18;1,67;7,65;20,25;3,4;10;115;24/nov/25
1020553;MACARRAO INST ISABELA CARNE ZR FRITU 70G;2;6;50;2,84;2,3;0;0,64;0,7;0,81;19,94;19,94;4,08;10;115;24/nov/25
1020553;MACARRAO INST ISABELA CARNE ZR FRITU 70G;3;6;50;4,76;6,04;2;0,66;0,88;0,71;59,22;78,82;6,12;10;115;24/nov/25
1020553;MACARRAO INST ISABELA CARNE ZR FRITU 70G;6;6;50;1;0,88;0;0,82;0,26;0,54;11,48;11,48;4,08;10;115;24/nov/25
1020553;MACARRAO INST ISABELA CARNE ZR FRITU 70G;8;6;50;0,92;1,8;1;0,66;0,1;0,56;22,31;34,71;4,08;10;115;24/nov/25
1020552;MACARRAO INST ISABELA GAL CA ZR FRIT 70G;17;6;50;2,84;2,78;0;1,14;1,88;0,7;27,62;27,62;4,08;10;115;24/nov/25
1020551;MACARRAO INST ISABELA GAL ZR FRITURA 70G;2;6;50;4,12;3,94;0;0,4;0,42;0,5;55,23;55,23;5,44;10;115;24/nov/25
1020551;MACARRAO INST ISABELA GAL ZR FRITURA 70G;4;6;50;1;0,88;0;0,44;0,36;0,59;10,48;10,48;2,72;10;115;24/nov/25
1020551;MACARRAO INST ISABELA GAL ZR FRITURA 70G;6;6;50;2;1,42;0;0,28;0,22;0,25;39,44;39,44;5,44;10;115;24/nov/25
1020551;MACARRAO INST ISABELA GAL ZR FRITURA 70G;7;6;50;1,56;1,36;0;0,58;0,98;0,6;15,81;15,81;5,44;10;115;24/nov/25
2690;MACARRAO INST NISSIN CARNE 85G;3;6;50;2,84;3,42;1;1,4;2,14;1,69;14,13;18,26;1,36;10;115;24/nov/25
2690;MACARRAO INST NISSIN CARNE 85G;4;6;50;0,92;0,9;0;0,34;0,52;0,52;12,05;12,05;2,04;10;115;24/nov/25
2690;MACARRAO INST NISSIN CARNE 85G;5;6;50;1,16;1,14;1;1,3;0,9;0,84;9,5;17,83;2,04;10;115;24/nov/25
2690;MACARRAO INST NISSIN CARNE 85G;6;6;50;2,84;1,72;2;0,68;0,6;0,84;14,33;31;4,08;10;115;24/nov/25
2690;MACARRAO INST NISSIN CARNE 85G;8;6;50;0,92;1,4;1;0,86;0,7;0,5;19,44;33,33;4,08;10;115;24/nov/25
2690;MACARRAO INST NISSIN CARNE 85G;11;6;50;1,44;1,16;1;1,26;1,54;1,28;6,33;11,78;4,08;10;115;24/nov/25
2690;MACARRAO INST NISSIN CARNE 85G;13;6;50;2,84;1,96;0;0,52;1,04;1,07;12,78;12,78;4,08;10;115;24/nov/25
2690;MACARRAO INST NISSIN CARNE 85G;14;6;50;2;2;0;0,68;0,96;0,59;23,62;23,62;4,08;10;115;24/nov/25
2690;MACARRAO INST NISSIN CARNE 85G;17;6;50;2,84;2,18;2;2,16;3;2,18;7;13,43;4,08;10;115;24/nov/25
1012135;MACARRAO INST NISSIN CARNE E TOMATE 85G;13;6;50;0,52;0,4;0;0,32;0,18;0,2;14,29;14,29;0,68;10;115;24/nov/25
1012135;MACARRAO INST NISSIN CARNE E TOMATE 85G;17;6;50;0,52;0,5;1;0,38;0,74;0,37;9,49;28,48;1,36;10;115;24/nov/25
1012135;MACARRAO INST NISSIN CARNE E TOMATE 85G;18;6;50;1,56;1,48;0;0,16;0,12;0,19;55,5;55,5;2,72;10;115;24/nov/25
1013249;MACARRAO INST NISSIN CH B CALDO FEIJ 75G;11;6;50;0,6;0,56;0;0,14;0,08;0,1;40;40;0,68;10;115;24/nov/25
1020678;MACARRAO INST NISSIN CH B GAL C/TOM 75G;11;6;50;1;0,62;0;0,4;0,28;0,4;10,81;10,81;0,68;10;115;24/nov/25
1020678;MACARRAO INST NISSIN CH B GAL C/TOM 75G;17;6;50;0,52;0,38;1;0,68;0,4;0,36;7,4;26,88;0,68;10;115;24/nov/25
1016478;MACARRAO INST NISSIN GAL C LV+PG M C/6 5;2;6;12;23;22,42;0;2,33;2,25;2,22;70,79;70,79;25,5;10;115;24/nov/25
2665;MACARRAO INST NISSIN GAL CAIP 85G;4;6;50;3;2,14;2;1,64;1,32;1,96;7,66;14,82;2,72;10;115;24/nov/25
2665;MACARRAO INST NISSIN GAL CAIP 85G;6;6;50;4,12;2,56;3;1,48;1;1,61;11,13;24,17;5,44;10;115;24/nov/25
2665;MACARRAO INST NISSIN GAL CAIP 85G;13;6;50;4,12;2,86;0;0,9;1,84;1,58;12,65;12,65;5,44;10;115;24/nov/25
2665;MACARRAO INST NISSIN GAL CAIP 85G;14;6;50;4;2,94;1;2,4;2,54;2,08;9,89;13,25;5,44;10;115;24/nov/25
2665;MACARRAO INST NISSIN GAL CAIP 85G;17;6;50;4,12;3,88;0;1,88;1,82;1,75;15,48;15,48;5,44;10;115;24/nov/25
1014478;MACARRAO INST NISSIN GAL CAIP PICANT 85G;17;6;50;0,52;0,44;1;0,56;0,62;0,36;8,57;28,05;1,36;10;115;24/nov/25
36402;MACARRAO INST NISSIN GALINHA 85G;17;6;50;1,56;0,4;2;1,02;0,88;1;2,79;16,74;2,72;10;115;24/nov/25
5461;MACARRAO INST NISSIN MONICA GALI 85G;8;6;50;0,52;1,16;1;0,46;0,3;0,48;16,89;31,46;1,36;10;115;24/nov/25
5461;MACARRAO INST NISSIN MONICA GALI 85G;11;6;50;2;1,1;2;1,3;0,96;1,09;7,05;19,87;1,36;10;115;24/nov/25
5461;MACARRAO INST NISSIN MONICA GALI 85G;13;6;50;1,56;1,32;0;0,32;0,56;0,56;16,36;16,36;1,36;10;115;24/nov/25
5461;MACARRAO INST NISSIN MONICA GALI 85G;14;6;50;0,64;2,48;1;0,48;0,72;0,54;32,07;45;1,36;10;115;24/nov/25
4932;MACARRAO INST NISSIN MONICA TOM 85G;6;6;50;1,56;1,42;1;1,24;1,2;1,18;8,42;14,35;1,36;10;115;24/nov/25
4932;MACARRAO INST NISSIN MONICA TOM 85G;12;6;50;0,68;0,2;1;1,42;0,82;0,89;1,58;9,47;1,36;10;115;24/nov/25
4932;MACARRAO INST NISSIN MONICA TOM 85G;13;6;50;1,56;1,38;0;0,58;0,16;0,57;16,97;16,97;1,36;10;115;24/nov/25
1023429;MACARRAO INST NISSIN PIC CALABRESA 85G;17;6;50;1;0,16;2;0,94;0,72;0,7;1,59;21,46;1;10;115;24/nov/25
2691;MACARRAO INST NISSIN T3 ESP 500G;6;6;20;1;0,95;1;0,2;0,3;0,47;14,25;29,25;3;10;115;24/nov/25
2691;MACARRAO INST NISSIN T3 ESP 500G;13;6;20;1;0,75;0;0,3;0,7;0,56;9,38;9,38;3;10;115;24/nov/25
2691;MACARRAO INST NISSIN T3 ESP 500G;14;6;20;0,5;0,1;1;0,45;0,35;0,63;1,11;12,22;3;10;115;24/nov/25
2692;MACARRAO INST NISSIN T5 ESP 500G;2;6;20;1;0,8;0;0,3;0,35;0,23;24;24;2;10;115;24/nov/25
2692;MACARRAO INST NISSIN T5 ESP 500G;13;6;20;1;0,8;0;0,65;0,7;0,61;9,23;9,23;2;10;115;24/nov/25
178289;MACARRAO INST NISSIN TALHARIM FRANGO 99G;2;6;50;0,92;0,86;0;0,06;0,08;0,03;184,29;184,29;2,04;10;115;24/nov/25
9918511;MACARRAO INST NISSIN YAKISSOBA 500G;17;6;20;1;0,4;2;0,45;0,45;0,26;10,91;65,45;0,6;10;115;24/nov/25
1020677;MACARRAO INST UFO GAL CAIPIRA 97G;3;6;12;7;7,75;1;0,83;0,42;0,47;116,25;131,25;5,67;10;115;24/nov/25
1020677;MACARRAO INST UFO GAL CAIPIRA 97G;18;6;12;6;5,42;0;1,25;0,5;0,72;52,7;52,7;17;10;115;24/nov/25
1001399;MACARRAO INST UFO YAKISSOBA CARNE 97G;4;6;12;1,5;1,33;0;0,5;0,42;0,78;12;12;2;10;115;24/nov/25
1001400;MACARRAO INST UFO YAKISSOBA LEGUMES 95G;2;6;12;4;3,25;0;1,17;0,33;0,97;23,4;23,4;5,67;10;115;24/nov/25
1001400;MACARRAO INST UFO YAKISSOBA LEGUMES 95G;14;6;12;3,67;3,58;0;0,17;0,08;0,21;117,27;117,27;5,67;10;115;24/nov/25
41719;MASSA BARILLA PENNE RIGATE 500G;4;6;12;1,5;1,42;0;0,08;0;0,02;510;510;1,17;10;115;24/nov/25
41719;MASSA BARILLA PENNE RIGATE 500G;14;6;12;3;2,83;0;0,42;0,58;0,45;44,35;44,35;0,58;10;115;24/nov/25
1018067;MASSA C/OVOS DOMELLY ESPAGUETE 500G;4;6;20;1;0,8;0;0;0,55;0,54;10,43;10,43;3,6;10;115;24/nov/25
1018067;MASSA C/OVOS DOMELLY ESPAGUETE 500G;5;6;20;1;0,45;1;0,1;0;0,18;18;58;2,7;10;115;24/nov/25
15229;MASSA C/OVOS GERMANI ESPAGUETE MD 500G;2;6;20;3;2,05;2;1,4;1,3;1,95;7,37;14,55;10,8;10;115;24/nov/25
15229;MASSA C/OVOS GERMANI ESPAGUETE MD 500G;3;6;20;3,8;4,45;2;2,1;4,6;3,35;9,3;13,48;7,2;10;115;24/nov/25
15229;MASSA C/OVOS GERMANI ESPAGUETE MD 500G;4;6;20;1;0,6;1;0,9;1,05;1,24;3,4;9,06;3,6;10;115;24/nov/25
15229;MASSA C/OVOS GERMANI ESPAGUETE MD 500G;7;6;20;1,8;1,65;1;1,15;1,85;1,25;9,25;14,86;1,8;10;115;24/nov/25
15229;MASSA C/OVOS GERMANI ESPAGUETE MD 500G;8;6;20;1;1,75;1;0,45;0,45;0,53;23,33;36,67;1,8;10;115;24/nov/25
15229;MASSA C/OVOS GERMANI ESPAGUETE MD 500G;12;6;20;3,5;3,25;1;1;2,85;2,98;7,65;10;10,8;10;115;24/nov/25
15229;MASSA C/OVOS GERMANI ESPAGUETE MD 500G;13;6;20;2,7;1,85;2;1,05;1,05;1,75;7,4;15,4;5,4;10;115;24/nov/25
21111;MASSA C/OVOS GERMANI MACARRAO 500G;17;6;20;1,8;1,7;0;0,75;1;0,9;13,25;13,25;2,8;10;115;24/nov/25
1019255;MASSA C/OVOS GERMANI NHOQUE 500G;8;6;20;2,5;2,1;0;0,6;0,7;0,72;20,32;20,32;0;10;115;24/nov/25
1019255;MASSA C/OVOS GERMANI NHOQUE 500G;13;6;20;1,5;1,05;1;1,1;0,95;0,92;7,97;15,57;0;10;115;24/nov/25
1019256;MASSA C/OVOS GERMANI PADRE NOSSO 500G;13;6;20;1;0,8;1;1,55;1;1,53;3,66;8,24;0;10;115;24/nov/25
1019256;MASSA C/OVOS GERMANI PADRE NOSSO 500G;17;6;20;4;1,75;3;3;2,25;2,85;4,3;11,68;0;10;115;24/nov/25
17143;MASSA C/OVOS GERMANI PARAFUSO 500G;1;6;20;0,75;0,5;1;0,55;0,15;0,27;13,04;39,13;0;10;115;24/nov/25
17143;MASSA C/OVOS GERMANI PARAFUSO 500G;2;6;20;1,5;1,3;0;0,45;0,95;0,91;10;10;2,1;10;115;24/nov/25
17143;MASSA C/OVOS GERMANI PARAFUSO 500G;3;6;20;10;10,5;1;3,5;4,45;3,56;20,66;22,62;2,1;10;115;24/nov/25
17143;MASSA C/OVOS GERMANI PARAFUSO 500G;5;6;20;1,1;0,6;1;0,75;0,55;0,71;5,9;15,74;1,4;10;115;24/nov/25
17143;MASSA C/OVOS GERMANI PARAFUSO 500G;6;6;20;1,7;1,3;1;0,9;1,15;0,95;9,63;17,04;1,05;10;115;24/nov/25
17143;MASSA C/OVOS GERMANI PARAFUSO 500G;13;6;20;4;1,95;3;2,05;2,25;1,94;7,05;17,89;1,05;10;115;24/nov/25
17143;MASSA C/OVOS GERMANI PARAFUSO 500G;14;6;20;1;1,6;0;0,3;0,55;0,47;24;24;1,4;10;115;24/nov/25
17143;MASSA C/OVOS GERMANI PARAFUSO 500G;17;6;20;2,8;2,25;2;0,6;2,4;1,52;10,38;19,62;2,8;10;115;24/nov/25
11183;MASSA C/OVOS GERMANI PENNE 500G;12;6;20;1,1;0,95;0;0,2;0,6;0,7;9,5;9,5;2,1;10;115;24/nov/25
11183;MASSA C/OVOS GERMANI PENNE 500G;13;6;20;1,5;0,7;2;0,7;0,65;0,63;7,78;30;1,05;10;115;24/nov/25
11183;MASSA C/OVOS GERMANI PENNE 500G;17;6;20;1,8;1,25;2;1,8;1,5;1,61;5,43;14,13;2,8;10;115;24/nov/25
17144;MASSA C/OVOS GERMANI TALHARIM 500G;1;6;24;0,42;0,13;1;0,71;0,46;0,42;2,09;18,84;0;10;115;24/nov/25
17144;MASSA C/OVOS GERMANI TALHARIM 500G;11;6;24;1;0,71;0;0,21;0,21;0,52;9,62;9,62;1,75;10;115;24/nov/25
18188;MASSA C/OVOS ISABELA ESPAGUETE 500G;8;6;20;1;1,7;1;0,55;0,35;0,27;44,35;70,43;1,8;10;115;24/nov/25
88429;MASSA C/OVOS ISABELA NINHO LARG 500G;2;6;20;2,5;1,5;0;0,75;0,55;0,71;14,75;14,75;3,5;10;115;24/nov/25
88429;MASSA C/OVOS ISABELA NINHO LARG 500G;8;6;20;1;1,75;1;0,2;0,3;0,25;50;78,57;0,7;10;115;24/nov/25
88429;MASSA C/OVOS ISABELA NINHO LARG 500G;11;6;20;2;1,4;2;1,75;2,95;1,87;5,25;12,75;3,5;10;115;24/nov/25
88429;MASSA C/OVOS ISABELA NINHO LARG 500G;12;6;20;1,3;1;1;0,95;0,35;1,24;5,66;11,32;3,5;10;115;24/nov/25
88429;MASSA C/OVOS ISABELA NINHO LARG 500G;17;6;20;2,55;1,4;2;1,85;2,35;2,03;4,83;11,72;4,2;10;115;24/nov/25
1016732;MASSA C/OVOS NORDESTE CABELO DE ANJO 500;5;6;20;0,5;0,4;1;0,2;0;0,09;30;105;0,7;10;115;24/nov/25
1016732;MASSA C/OVOS NORDESTE CABELO DE ANJO 500;13;6;20;0,5;0,15;1;0,85;0;0,37;2,81;21,56;1,05;10;115;24/nov/25
1016732;MASSA C/OVOS NORDESTE CABELO DE ANJO 500;18;6;20;0,5;0,4;1;0,45;0,15;0,34;8,28;28,97;1,4;10;115;24/nov/25
1016725;MASSA C/OVOS NORDESTE ESPAGUETE 500G;3;6;30;4,33;4,77;1;0,5;1,03;1,01;33;39,92;9,6;10;115;24/nov/25
1016725;MASSA C/OVOS NORDESTE ESPAGUETE 500G;8;6;30;0,53;1,2;1;0,43;0,23;0,42;20;36,67;1,8;10;115;24/nov/25
1016725;MASSA C/OVOS NORDESTE ESPAGUETE 500G;17;6;30;3,33;3;0;0,87;1,27;0,94;22,31;22,31;9,6;10;115;24/nov/25
1016725;MASSA C/OVOS NORDESTE ESPAGUETE 500G;18;6;30;3;1,83;2;0,63;1,13;1,08;11,87;24,82;9,6;10;115;24/nov/25
1016731;MASSA C/OVOS NORDESTE NINHO 500G;5;6;20;1;0,75;1;0,8;0,85;0,72;7,26;16,94;1,4;10;115;24/nov/25
1016731;MASSA C/OVOS NORDESTE NINHO 500G;17;6;20;1,8;1,6;0;0,7;0,75;0,71;15,74;15,74;2,8;10;115;24/nov/25
1016731;MASSA C/OVOS NORDESTE NINHO 500G;18;6;20;0,9;0,7;1;1,25;1,15;0,97;5,06;12,29;1,4;10;115;24/nov/25
1016726;MASSA C/OVOS NORDESTE PARAFUSO 500G;4;6;15;1,47;1,4;0;0,2;0,47;0,4;24,23;24,23;0,93;10;115;24/nov/25
1016726;MASSA C/OVOS NORDESTE PARAFUSO 500G;13;6;15;4;1,27;4;1,73;2;1,15;7,7;32,03;1,4;10;115;24/nov/25
1016726;MASSA C/OVOS NORDESTE PARAFUSO 500G;17;6;15;2,8;2;0;1;0,87;0,79;17,65;17,65;3,73;10;115;24/nov/25
1016727;MASSA C/OVOS NORDESTE PENNE 500G;3;6;15;4,67;5,93;3;2,13;0,8;1,7;24,5;36,88;5,6;10;115;24/nov/25
1016727;MASSA C/OVOS NORDESTE PENNE 500G;13;6;15;2,8;1,27;2;1,47;1,2;1,18;7,5;19,34;1,4;10;115;24/nov/25
1016727;MASSA C/OVOS NORDESTE PENNE 500G;17;6;15;2,8;2,47;0;0,67;0,73;0,33;52,86;52,86;3,73;10;115;24/nov/25
1016727;MASSA C/OVOS NORDESTE PENNE 500G;18;6;15;2,8;1,93;0;0,47;0,73;0,68;19,77;19,77;3,73;10;115;24/nov/25
114103;MASSA C/OVOS ORQUIDEA CONCHI 500G;14;6;20;1;0,95;0;0,25;0,15;0,2;33,53;33,53;0,7;10;115;24/nov/25
114095;MASSA C/OVOS ORQUIDEA ESPAGUETE 500G;2;6;20;3,5;3,3;0;0,4;0,5;0,61;38,08;38,08;8,1;10;115;24/nov/25
114095;MASSA C/OVOS ORQUIDEA ESPAGUETE 500G;5;6;20;1;0,65;1;0,85;0,15;0,32;14,44;36,67;3,6;10;115;24/nov/25
114095;MASSA C/OVOS ORQUIDEA ESPAGUETE 500G;17;6;20;3,5;3,4;0;0,65;1,1;0,91;26,15;26,15;10,8;10;115;24/nov/25
114095;MASSA C/OVOS ORQUIDEA ESPAGUETE 500G;18;6;20;3,5;3,2;0;0,25;1;0,63;35,56;35,56;8,1;10;115;24/nov/25
130974;MASSA C/OVOS PARATI CARAMUJINHO 500G;13;6;20;1,3;1;0;0,2;0,7;0,47;15;15;0,7;10;115;24/nov/25
130974;MASSA C/OVOS PARATI CARAMUJINHO 500G;17;6;20;1,8;1,35;0;0,3;0,25;0,62;15,28;15,28;2,8;10;115;24/nov/25
1019387;MASSA C/OVOS PARATI ESPAGUETE 400G;3;6;25;1,04;1,92;1;0,6;0,64;0,55;24,41;37,12;3,6;10;115;24/nov/25
1018566;MASSA C/OVOS PARATI FURADINHO 400G;2;6;20;1,5;1,1;0;0,25;0,25;0,22;34,74;34,74;7;10;115;24/nov/25
1018566;MASSA C/OVOS PARATI FURADINHO 400G;17;6;20;3;1,95;0;1,1;0,85;0,47;29,25;29,25;8,4;10;115;24/nov/25
1018566;MASSA C/OVOS PARATI FURADINHO 400G;18;6;20;3;2,95;0;0,2;0,4;0,39;53,64;53,64;8,4;10;115;24/nov/25
1019385;MASSA C/OVOS PARATI PARAFUSO 400G;13;6;22;1,55;1,18;0;0,14;0,64;0,6;13,68;13,68;0,64;10;115;24/nov/25
1019385;MASSA C/OVOS PARATI PARAFUSO 400G;17;6;22;4,09;3,14;0;1,32;1,09;1,83;11,97;11,97;5,09;10;115;24/nov/25
1019385;MASSA C/OVOS PARATI PARAFUSO 400G;18;6;22;1,55;1,5;0;0,05;0;0,12;90;90;2,55;10;115;24/nov/25
1012514;MASSA C/OVOS PARATI PENNE 500G;17;6;20;2,2;1,5;0;0,8;1,05;0,96;10,98;10,98;2,8;10;115;24/nov/25
9000139;MASSA C/OVOS PARATI RIGATONI 500G;13;6;20;2;1;0;0;0,2;0,12;60;60;0,7;10;115;24/nov/25
9000139;MASSA C/OVOS PARATI RIGATONI 500G;17;6;20;4,6;3,9;0;1;1,65;1,14;23,88;23,88;5,6;10;115;24/nov/25
1016728;MASSA C/OVOS RIGATONI NORDESTE 500G;13;6;15;4;3,27;0;0,87;0,67;1,49;15,31;15,31;1,4;10;115;24/nov/25
1016728;MASSA C/OVOS RIGATONI NORDESTE 500G;17;6;15;4;2,6;0;1;1,4;1,1;16,48;16,48;7,47;10;115;24/nov/25
1016728;MASSA C/OVOS RIGATONI NORDESTE 500G;18;6;15;2,8;2,73;0;0,27;0,93;0,84;22,78;22,78;3,73;10;115;24/nov/25
9987494;MASSA CASEIRA  MOSMANN S/COLESTEROL 500G;3;6;20;0,5;0,15;1;0,1;0,2;0,11;10;76,67;0,35;10;115;24/nov/25
9987494;MASSA CASEIRA  MOSMANN S/COLESTEROL 500G;11;6;20;0,4;-0,7;1;0,35;0,25;0,14;-35;15;0,35;10;115;24/nov/25
9987494;MASSA CASEIRA  MOSMANN S/COLESTEROL 500G;13;6;20;0,75;0;2;0;0,15;0,19;0;75;0,35;10;115;24/nov/25
9987494;MASSA CASEIRA  MOSMANN S/COLESTEROL 500G;14;6;20;0,5;0,15;1;0,05;0,05;0,06;18;138;0,7;10;115;24/nov/25
1008859;MASSA CASEIRA C/OVOS PASTAMIA FETTU 400G;11;6;24;1,58;0,88;2;0,54;1,29;0,68;9;29,57;1,17;10;115;24/nov/25
1008859;MASSA CASEIRA C/OVOS PASTAMIA FETTU 400G;17;6;24;0,75;0,38;1;0,33;0,38;0,18;14,21;52,11;1,17;10;115;24/nov/25
1008859;MASSA CASEIRA C/OVOS PASTAMIA FETTU 400G;18;6;24;1,33;0,71;2;1,54;1,29;0,99;5;19,12;1,17;10;115;24/nov/25
1008860;MASSA CASEIRA C/OVOS PASTAMIA TALHA 400G;6;6;24;1,5;1,04;1;1;2,08;1,1;6,64;13,01;0,58;10;115;24/nov/25
1008860;MASSA CASEIRA C/OVOS PASTAMIA TALHA 400G;11;6;24;3,33;2,33;2;0,96;3,46;2,09;7,81;14,51;1,17;10;115;24/nov/25
1008860;MASSA CASEIRA C/OVOS PASTAMIA TALHA 400G;17;6;24;1,58;1,46;0;0,29;1,21;0,7;14,58;14,58;2,33;10;115;24/nov/25
9987463;MASSA CASEIRA MOSMANN C/OVOS N2 500G;11;6;20;0,5;0,2;1;0,15;0,55;0,19;7,5;45;0,7;10;115;24/nov/25
9987470;MASSA CASEIRA MOSMANN C/OVOS N3 500G;18;6;20;1;0,9;1;0,15;0,2;0,23;27;57;2,1;10;115;24/nov/25
1010741;MASSA CASEIRA MOSMANN COGUMELO E VG 400G;11;6;12;0,5;0,33;1;0,17;0;0,1;24;96;0,58;10;115;24/nov/25
1008339;MASSA CASEIRA MOSMANN ESPAGUETE 500G;11;6;20;1;0,7;0;0;0,05;0,02;210;210;0,9;10;115;24/nov/25
1009577;MASSA CASEIRA MOSMANN ESPINAFRE  400G;13;6;6;1,33;1,17;0;0,5;0,33;0,27;30;30;1,17;10;115;24/nov/25
1009644;MASSA CASEIRA MOSMANN INTEGRAL 300G;17;6;12;0,5;0;1;0,33;0,17;0,16;0;45;0,58;10;115;24/nov/25
2303072;MASSA GERMANI P/LASANHA 500G;1;6;10;0,8;0,6;0;0,2;0,2;0,19;22,5;22,5;0;10;115;24/nov/25
2303072;MASSA GERMANI P/LASANHA 500G;12;6;10;1,2;0,5;2;0,8;0,4;0,35;10;50;1,4;10;115;24/nov/25
2303072;MASSA GERMANI P/LASANHA 500G;13;6;10;1,2;0,9;0;0,2;0,3;0,35;18;18;1,4;10;115;24/nov/25
2303072;MASSA GERMANI P/LASANHA 500G;17;6;10;3;2,9;0;0;0,2;0,14;145;145;1,4;10;115;24/nov/25
17465;MASSA GERMANI PENNE C/VEG 500G;11;1;20;0,5;0,35;1;0,15;0,05;0,12;21;81;0,7;10;115;24/nov/25
17465;MASSA GERMANI PENNE C/VEG 500G;12;1;20;0,5;0,1;1;0,1;0,55;0,22;3,16;34,74;0,35;10;115;24/nov/25
1016733;MASSA S/OVOS ESPAGUETE NORDESTE 1KG;3;6;15;3;3,6;3;0,73;0;0,31;81;148,5;3,6;10;115;24/nov/25
1016733;MASSA S/OVOS ESPAGUETE NORDESTE 1KG;8;6;15;2;3,07;2;1,27;0,47;0,56;38,33;63,33;2,4;10;115;24/nov/25
1016733;MASSA S/OVOS ESPAGUETE NORDESTE 1KG;13;6;15;2;1,6;0;0,4;0,53;0,39;28,8;28,8;1,2;10;115;24/nov/25
1016734;MASSA S/OVOS PARAFUSO NORDESTE 1KG;3;6;10;4,5;5,4;1;0,5;0,7;0,72;52,26;61,94;7;10;115;24/nov/25
1016734;MASSA S/OVOS PARAFUSO NORDESTE 1KG;13;6;10;2,2;0,2;3;1,8;1;0,72;1,94;30,97;2,1;10;115;24/nov/25
1016734;MASSA S/OVOS PARAFUSO NORDESTE 1KG;17;6;10;5;3,7;0;1,2;1,2;1,17;22,2;22,2;8,4;10;115;24/nov/25
1016734;MASSA S/OVOS PARAFUSO NORDESTE 1KG;18;6;10;3;2,5;1;0,9;0,2;0,51;34,09;47,73;5,6;10;115;24/nov/25
1007259;MASSA SEMOLA  BOM GOSTO PENNE 400G;2;6;24;1,33;1,04;0;0,38;0,25;0,19;37,5;37,5;0,58;10;115;24/nov/25
1007259;MASSA SEMOLA  BOM GOSTO PENNE 400G;4;6;24;0,5;0,25;1;0,25;0,38;0,27;6,43;32,14;0,58;10;115;24/nov/25
1007259;MASSA SEMOLA  BOM GOSTO PENNE 400G;17;6;24;0,75;0,63;0;0,17;0,13;0,28;15,52;15,52;1,75;10;115;24/nov/25
1007259;MASSA SEMOLA  BOM GOSTO PENNE 400G;18;6;24;2,17;2;0;0,38;0,88;0,86;16,36;16,36;1,17;10;115;24/nov/25
10600;MASSA SEMOLA BOM GOSTO NINHO EST 500G;4;6;20;0,6;0,15;1;0,65;0,25;0,53;2;15,33;0,7;10;115;24/nov/25
10600;MASSA SEMOLA BOM GOSTO NINHO EST 500G;17;6;20;3;2,35;0;0,65;0,45;0,53;31,33;31,33;4,2;10;115;24/nov/25
1018062;MASSA SEMOLA DOMELLY AVE MARIA 1KG;13;6;10;2;1,1;0;1,3;0,6;0,63;12,22;12,22;1,4;10;115;24/nov/25
21726;MASSA SEMOLA GERMANI ESPAGUETE 1KG;2;6;10;3;2,2;0;0,7;1;1,07;14,35;14,35;5,4;10;115;24/nov/25
21726;MASSA SEMOLA GERMANI ESPAGUETE 1KG;4;6;10;1,5;1,4;0;0,1;0,5;0,26;38,18;38,18;1,8;10;115;24/nov/25
21726;MASSA SEMOLA GERMANI ESPAGUETE 1KG;6;6;10;0,8;0,7;1;1;1,3;1,05;4,67;11,33;3,6;10;115;24/nov/25
21726;MASSA SEMOLA GERMANI ESPAGUETE 1KG;12;6;10;2;1,7;1;1,6;2;1,4;8,5;13,5;5,4;10;115;24/nov/25
21726;MASSA SEMOLA GERMANI ESPAGUETE 1KG;17;6;10;1,8;1,5;0;0,8;0,8;0,75;14,06;14,06;5,4;10;115;24/nov/25
21726;MASSA SEMOLA GERMANI ESPAGUETE 1KG;18;6;10;1,5;1,3;0;0,1;0,2;0,16;55,71;55,71;5,4;10;115;24/nov/25
27914;MASSA SEMOLA GERMANI PARAFUSO 1KG;18;6;10;0,6;0,5;1;0,2;0,7;0,47;7,5;22,5;1,4;10;115;24/nov/25
20199;MASSA SEMOLA GERMANI PARAFUSO 500G;13;6;20;3,75;2,4;2;1,3;1;2,24;7,5;13,75;1,05;10;115;24/nov/25
53497;MASSA SEMOLA GERMANI PENNE 500G;4;6;20;0,5;0,45;0;0,1;0;0,06;54;54;0,7;10;115;24/nov/25
53497;MASSA SEMOLA GERMANI PENNE 500G;8;6;20;0,5;1,4;1;0,25;0;0,13;76,36;130,91;2,1;10;115;24/nov/25
20205;MASSA SEMOLA GERMANI TALHARIM 500G;5;6;24;0,5;0,46;1;0,13;0,42;0,21;15;47,73;0,29;10;115;24/nov/25
20205;MASSA SEMOLA GERMANI TALHARIM 500G;12;6;24;1,33;1,08;0;0,71;0,63;0,57;13,22;13,22;2,33;10;115;24/nov/25
20205;MASSA SEMOLA GERMANI TALHARIM 500G;13;6;24;2;0,83;2;0,75;1,29;0,92;6,32;21,47;1,75;10;115;24/nov/25
1007256;MASSA SEMOLA ISABELA ESPAGUETE 400G;2;6;24;8;6,38;0;1,25;0,96;0,61;72,86;72,86;0,75;10;115;24/nov/25
1007256;MASSA SEMOLA ISABELA ESPAGUETE 400G;3;6;24;18;14,46;2,5;4,54;5,63;4,37;23,18;27,19;3,75;10;115;24/nov/25
1007256;MASSA SEMOLA ISABELA ESPAGUETE 400G;4;6;24;4;3,88;0;0,79;1;1,32;20,51;20,51;0,75;10;115;24/nov/25
1007256;MASSA SEMOLA ISABELA ESPAGUETE 400G;5;6;24;4;3,13;0;0,5;0,46;0,46;47,87;47,87;0,75;10;115;24/nov/25
1007256;MASSA SEMOLA ISABELA ESPAGUETE 400G;7;6;24;4;3,92;0;0,5;2;1,01;27,12;27,12;0,75;10;115;24/nov/25
1007256;MASSA SEMOLA ISABELA ESPAGUETE 400G;8;6;24;4;3,92;0;0,96;1,17;1,47;18,68;18,68;0,75;10;115;24/nov/25
1007256;MASSA SEMOLA ISABELA ESPAGUETE 400G;11;6;24;7,5;6,63;0;0,83;0,29;1,73;26,8;26,8;0,75;10;115;24/nov/25
1007256;MASSA SEMOLA ISABELA ESPAGUETE 400G;13;6;24;4;2,25;0;1,25;1,33;0,98;16,04;16,04;0,75;10;115;24/nov/25
1007256;MASSA SEMOLA ISABELA ESPAGUETE 400G;14;6;24;4;3,17;2;0,92;0,83;1,23;17,95;29,29;0,75;10;115;24/nov/25
1007256;MASSA SEMOLA ISABELA ESPAGUETE 400G;18;6;24;9;6,83;2,5;1,71;2,71;3,11;15,38;21;3,75;10;115;24/nov/25
1019388;MASSA SEMOLA PARATI ESPAGUETE  400G;3;6;25;2;2,64;2;0,16;0,32;0,27;68,28;120;1,44;10;115;24/nov/25
1003116;MASSA SEMOLA PARATI PARAFUSO 1KG;2;6;10;3;2,9;0;0,2;0,1;0,09;217,5;217,5;4,2;10;115;24/nov/25
1019386;MASSA SEMOLA PARATI PARAFUSO 400G;13;6;22;4;3,77;0;0,32;0,55;0,45;59,29;59,29;1,91;10;115;24/nov/25
1019386;MASSA SEMOLA PARATI PARAFUSO 400G;17;6;22;1,55;1,14;1;0,73;1,55;0,84;9,49;17,85;2,55;10;115;24/nov/25
1020726;QUEIJO RALADO DA SERRA 40G;2;6;75;5;4,97;0;0,6;0,43;0,6;58,28;58,28;0;10;115;24/nov/25
1020726;QUEIJO RALADO DA SERRA 40G;3;6;75;10;11,27;4;3,88;3,47;3,52;22,37;30,32;0;10;115;24/nov/25
1020726;QUEIJO RALADO DA SERRA 40G;5;6;75;2;1,17;0;0,63;0,67;0,73;11,23;11,23;0;10;115;24/nov/25
1020726;QUEIJO RALADO DA SERRA 40G;6;6;75;3;2,61;0;0,15;0,36;0,46;40;40;0;10;115;24/nov/25
1020726;QUEIJO RALADO DA SERRA 40G;7;6;75;2;1,76;0;0,69;0,64;0,75;16,36;16,36;0;10;115;24/nov/25
1020726;QUEIJO RALADO DA SERRA 40G;11;6;75;5;3,33;0;1,07;1,55;1,4;16,67;16,67;0;10;115;24/nov/25
1020726;QUEIJO RALADO DA SERRA 40G;13;6;75;3;2,28;0;0,97;0,53;0,73;21,92;21,92;0;10;115;24/nov/25
1020726;QUEIJO RALADO DA SERRA 40G;17;6;75;3;2,31;0;0,19;0,27;0,24;68,29;68,29;0;10;115;24/nov/25
1020726;QUEIJO RALADO DA SERRA 40G;18;6;75;5;3,11;0;0,37;0,69;0,75;29;29;0;10;115;24/nov/25
1005805;QUEIJO RALADO KIFORMAGGIO TRAD 250G;2;6;20;0,5;0,2;1;0,25;0;0,11;13,33;80;0;10;115;24/nov/25
1005805;QUEIJO RALADO KIFORMAGGIO TRAD 250G;3;6;20;0,75;2;2;0;0;0;;;0;10;115;24/nov/25
1005805;QUEIJO RALADO KIFORMAGGIO TRAD 250G;11;6;20;0,5;0;1;0;0;0,11;0;66,67;0;10;115;24/nov/25
1005805;QUEIJO RALADO KIFORMAGGIO TRAD 250G;12;6;20;0,5;0,2;1;0,1;0,05;0,14;10;60;0;10;115;24/nov/25
1005805;QUEIJO RALADO KIFORMAGGIO TRAD 250G;13;6;20;0,5;0,2;1;0,15;0;0,11;13,33;80;0;10;115;24/nov/25
1005805;QUEIJO RALADO KIFORMAGGIO TRAD 250G;14;6;20;0,5;0;1;0;0;0,05;0;150;0;10;115;24/nov/25
1005805;QUEIJO RALADO KIFORMAGGIO TRAD 250G;18;6;20;0,5;0,2;1;0,2;0,15;0,21;6,67;40;0;10;115;24/nov/25
1005804;QUEIJO RALADO KIFORMAGGIO TRAD 40G;3;6;75;14,33;15,65;7;2,48;2,44;2,26;48,58;70,3;0;10;115;24/nov/25
1005804;QUEIJO RALADO KIFORMAGGIO TRAD 40G;5;6;75;2;1,87;0;0,32;0,4;0,27;47,73;47,73;0;10;115;24/nov/25
1005804;QUEIJO RALADO KIFORMAGGIO TRAD 40G;6;6;75;2;0,89;2;0,56;0,39;0,28;22,58;73,15;0;10;115;24/nov/25
1005804;QUEIJO RALADO KIFORMAGGIO TRAD 40G;7;6;75;2;1,12;2;0,33;0,65;0,44;17,87;49,79;0;10;115;24/nov/25
1005804;QUEIJO RALADO KIFORMAGGIO TRAD 40G;8;6;75;2;3,41;2;0,47;0,32;0,53;45,18;71,65;0;10;115;24/nov/25
1005804;QUEIJO RALADO KIFORMAGGIO TRAD 40G;11;6;75;5;0,07;6;1,28;1,61;1,44;0,32;29,55;0;10;115;24/nov/25
1005804;QUEIJO RALADO KIFORMAGGIO TRAD 40G;12;6;75;5;3,8;0;0,32;0,56;0,41;65,27;65,27;0;10;115;24/nov/25
1005804;QUEIJO RALADO KIFORMAGGIO TRAD 40G;13;6;75;3;0,15;4;0,27;0,48;0,42;2,43;68,6;0;10;115;24/nov/25
1005804;QUEIJO RALADO KIFORMAGGIO TRAD 40G;14;6;75;2;1,76;1;0,15;0,37;0,35;35,68;55,95;0;10;115;24/nov/25
1005804;QUEIJO RALADO KIFORMAGGIO TRAD 40G;17;6;75;5;1,68;0;0,59;0,97;1,02;11,49;11,49;0;10;115;24/nov/25
1005804;QUEIJO RALADO KIFORMAGGIO TRAD 40G;18;6;75;5;4,81;1;0,55;0,36;0,55;61,53;74,32;0;10;115;24/nov/25
1005802;QUEIJO RALADO KIFORMAGGIO ZERO LACTO 40G;3;6;25;2;2,96;3;0,08;0,12;0,32;65,29;131,47;0;10;115;24/nov/25
1005802;QUEIJO RALADO KIFORMAGGIO ZERO LACTO 40G;5;6;25;0,8;0;2;0;0,16;0,1;0;136,36;0;10;115;24/nov/25
1005802;QUEIJO RALADO KIFORMAGGIO ZERO LACTO 40G;6;6;25;0,8;0,56;1;0,08;0,08;0,07;60;167,14;0;10;115;24/nov/25
1005802;QUEIJO RALADO KIFORMAGGIO ZERO LACTO 40G;7;6;25;0,8;0;2;0;0;0;;;0;10;115;24/nov/25
1005802;QUEIJO RALADO KIFORMAGGIO ZERO LACTO 40G;8;6;25;0,8;2,16;2;0;0;0,01;1.620,00;3.120,00;0;10;115;24/nov/25
1005802;QUEIJO RALADO KIFORMAGGIO ZERO LACTO 40G;11;6;25;1;0;2;0;0;0;;;0;10;115;24/nov/25
1005802;QUEIJO RALADO KIFORMAGGIO ZERO LACTO 40G;12;6;25;1;0;2;0;0;0;;;0;10;115;24/nov/25
1005802;QUEIJO RALADO KIFORMAGGIO ZERO LACTO 40G;13;6;25;0,8;0,12;2;0;0;0,12;6,92;122,31;0;10;115;24/nov/25
1005802;QUEIJO RALADO KIFORMAGGIO ZERO LACTO 40G;14;6;25;0,8;0,76;1;0,16;0,12;0,2;27,14;62,86;0;10;115;24/nov/25
1005802;QUEIJO RALADO KIFORMAGGIO ZERO LACTO 40G;17;6;25;1;0,12;2;0;0,08;0,09;9;159;0;10;115;24/nov/25
1008988;QUEIJO RALADO KUNZLER TROP 40G;2;6;50;4;1,72;1;0,58;1,48;0,77;15,73;24,88;0;10;115;24/nov/25
1008988;QUEIJO RALADO KUNZLER TROP 40G;3;6;50;6;6,6;6;0,48;2,34;1,48;31,13;59,43;0;10;115;24/nov/25
1008988;QUEIJO RALADO KUNZLER TROP 40G;4;6;50;3;0,04;4;0,16;0,46;0,68;0,41;41,51;0;10;115;24/nov/25
1008988;QUEIJO RALADO KUNZLER TROP 40G;5;6;50;3;1,12;0;0,28;0,48;0,45;17,5;17,5;0;10;115;24/nov/25
1008988;QUEIJO RALADO KUNZLER TROP 40G;7;6;50;3;0,46;4;0,12;0,14;0,12;26,54;257,31;0;10;115;24/nov/25
1008988;QUEIJO RALADO KUNZLER TROP 40G;8;6;50;3;2,32;0;0,2;0,28;0,17;94,05;94,05;0;10;115;24/nov/25
1008988;QUEIJO RALADO KUNZLER TROP 40G;11;6;50;5;1,04;0;0,48;0,32;0,56;12,89;12,89;0;10;115;24/nov/25
1008988;QUEIJO RALADO KUNZLER TROP 40G;12;6;50;5;4,58;0;0,38;0,36;0,49;66,06;66,06;0;10;115;24/nov/25
1008988;QUEIJO RALADO KUNZLER TROP 40G;13;6;50;3;1,96;0;0,34;0,34;0,24;56,54;56,54;0;10;115;24/nov/25
1008988;QUEIJO RALADO KUNZLER TROP 40G;17;6;50;5;4,06;0;1,46;0,28;0,42;68,43;68,43;0;10;115;24/nov/25
1008988;QUEIJO RALADO KUNZLER TROP 40G;18;6;50;5;4,62;0;0,34;0,32;0,32;100,43;100,43;0;10;115;24/nov/25
1014361;QUEIJO RALADO PRESIDENTE 50G;2;6;20;3;1,85;1;0,9;0,55;0,46;28,46;43,85;0;10;115;24/nov/25
1014361;QUEIJO RALADO PRESIDENTE 50G;3;6;20;9;6,55;3;3,45;4,65;3,84;11,95;17,42;0;10;115;24/nov/25
1014361;QUEIJO RALADO PRESIDENTE 50G;4;6;20;2;1,05;2;0,95;0,65;0,77;9,55;27,73;0;10;115;24/nov/25
1014361;QUEIJO RALADO PRESIDENTE 50G;12;6;20;3;2,65;0;0,8;1,2;1,04;17,87;17,87;0;10;115;24/nov/25
1011484;QUEIJO RALADO SANTA CLARA PARMESAO 40G;3;6;25;4;5,04;5;0,24;0,4;2,31;15,24;30,36;0;10;115;24/nov/25
1011484;QUEIJO RALADO SANTA CLARA PARMESAO 40G;4;6;25;1;0,04;2;0,12;0,6;0,69;0,41;20,68;0;10;115;24/nov/25
1011484;QUEIJO RALADO SANTA CLARA PARMESAO 40G;6;6;25;1;-0,32;2;0;1,44;1,35;-1,66;8,69;0;10;115;24/nov/25
1011484;QUEIJO RALADO SANTA CLARA PARMESAO 40G;7;6;25;2;0,32;3;0,24;0,36;0,39;5,71;59,29;0;10;115;24/nov/25
1011484;QUEIJO RALADO SANTA CLARA PARMESAO 40G;8;6;25;1;2,12;2;0,52;0,6;0,47;31,8;61,8;0;10;115;24/nov/25
1011484;QUEIJO RALADO SANTA CLARA PARMESAO 40G;11;6;25;3;0;4;0;1,64;0,7;0;40;0;10;115;24/nov/25
1011484;QUEIJO RALADO SANTA CLARA PARMESAO 40G;12;6;25;3;1,36;0;0,36;0,92;0,77;12,29;12,29;0;10;115;24/nov/25
1011484;QUEIJO RALADO SANTA CLARA PARMESAO 40G;13;6;25;2;0,48;2;1,12;1;1,05;3,19;16,46;0;10;115;24/nov/25
1011484;QUEIJO RALADO SANTA CLARA PARMESAO 40G;14;6;25;1;0,16;2;0,32;1,28;1,13;0,99;13,39;0;10;115;24/nov/25
1001104;CALDO  MAGGI GALINHA 152G;3;6;76;0,5;1,45;1;0,32;0,39;0,35;29,2;49,38;0,45;10;116;24/nov/25
8000788;CALDO APTI CARNE 114G;3;6;30;1,2;2,03;1;1,13;1,67;1,38;10,34;15,42;1,13;10;116;24/nov/25
8000788;CALDO APTI CARNE 114G;8;6;30;1;1,67;1;0,6;0,47;0,51;23,08;36,92;2,27;10;116;24/nov/25
8000788;CALDO APTI CARNE 114G;13;1;30;0,73;0,63;0;0,37;0,07;0,42;10,56;10,56;1,13;10;116;24/nov/25
1013335;CALDO APTI CARNE 19G;1;6;24;7,75;5;4;4;0;2,8;12,5;22,5;6,25;10;116;24/nov/25
1013335;CALDO APTI CARNE 19G;11;6;24;1,5;1,46;0;0,54;0,54;0,33;30,88;30,88;3,13;10;116;24/nov/25
1013335;CALDO APTI CARNE 19G;13;6;24;2;0,83;2;1,33;0,25;0,52;11,32;38,49;6,25;10;116;24/nov/25
1013335;CALDO APTI CARNE 19G;17;6;24;7,75;1,21;7;9;6;8,43;1;6,82;6,25;10;116;24/nov/25
8960152;CALDO APTI GALINHA 19G;3;6;24;5,25;5,96;1;0,38;0,33;0,17;252,35;294,71;6,25;10;116;24/nov/25
8960152;CALDO APTI GALINHA 19G;11;6;24;2;1,29;0;0,79;0,58;0,68;13,29;13,29;3,13;10;116;24/nov/25
8960152;CALDO APTI GALINHA 19G;12;6;24;4;2,63;0;0,63;1,25;0,84;21,98;21,98;6,25;10;116;24/nov/25
8960152;CALDO APTI GALINHA 19G;17;6;24;5,25;-2,04;6;7;2;4,32;-3,31;6,42;6,25;10;116;24/nov/25
1016887;CALDO APTI REFOGA CASEIRA 57G;2;6;10;2;3,4;0;0,6;0,2;0,37;63,75;63,75;3,4;10;116;24/nov/25
1016887;CALDO APTI REFOGA CASEIRA 57G;7;6;10;3,6;2,9;2;1,8;0,5;1,05;19,33;32,67;5,1;10;116;24/nov/25
1016887;CALDO APTI REFOGA CASEIRA 57G;17;6;10;6;4,7;0;0,3;2,7;1,89;17,41;17,41;0;10;116;24/nov/25
1011199;CALDO MAGGI CARNE 114G;17;6;100;0,5;0,48;0;0,15;0,03;0,04;75,79;75,79;0,34;10;116;24/nov/25
1011320;CALDO MAGGI CARNE 57G;6;6;10;3,8;3,7;0;0,4;0;0,37;69,38;69,38;6,8;10;116;24/nov/25
1011320;CALDO MAGGI CARNE 57G;13;6;10;5,4;4,8;0;0,2;0,4;0,44;75,79;75,79;6,8;10;116;24/nov/25
1011320;CALDO MAGGI CARNE 57G;17;6;10;5,4;5,4;3;1,3;1,3;2,52;15;23,33;6,8;10;116;24/nov/25
1012463;CALDO MAGGI LEGUMES 57G;13;6;10;5,4;5;0;0,5;0,5;0,93;37,5;37,5;6,8;10;116;24/nov/25
1012463;CALDO MAGGI LEGUMES 57G;17;6;10;3;0,8;3;2,9;2,2;2,43;2,31;10,96;0;10;116;24/nov/25
1014215;CALDO SAZON BACON 32,5G;13;6;48;1;0,65;0;0,46;0,25;0,37;12,08;12,08;2,13;10;116;24/nov/25
1014215;CALDO SAZON BACON 32,5G;17;6;48;1;0,98;0;0,04;0;0,33;20,74;20,74;1,42;10;116;24/nov/25
1014218;CALDO SAZON CARNE 32,5G;6;6;48;1;0,56;0,92;0,15;0,27;0,26;15,28;40,19;0,71;10;116;24/nov/25
1014218;CALDO SAZON CARNE 32,5G;14;6;48;1;1,6;0;0,21;0,27;0,22;51,33;51,33;2,13;10;116;24/nov/25
1014219;CALDO SAZON COSTELA 32,5G;7;6;48;1;0,77;1;0,35;0,48;0,52;10,37;23,83;2,83;10;116;24/nov/25
1014219;CALDO SAZON COSTELA 32,5G;13;6;48;1;0,63;0;0,1;0,21;0,25;17,65;17,65;2,13;10;116;24/nov/25
1014220;CALDO SAZON GALINHA 32,5G;6;6;48;1;0,75;0;0,29;0,35;0,32;16,36;16,36;0,71;10;116;24/nov/25
1014220;CALDO SAZON GALINHA 32,5G;13;6;48;1;0,71;0;0,17;0,25;0,21;23,18;23,18;2,13;10;116;24/nov/25
1014216;CALDO SAZON PICANHA  32,5G;6;6;48;1;0,29;2;0,42;0,56;0,49;4,2;33;0,71;10;116;24/nov/25
1016890;SOPAO APTI CANJAO C/ARROZ 180G;14;1;12;1;1,58;0;0,33;0,08;0,14;81,43;81,43;5,67;10;116;24/nov/25
1020820;ALHO PICADO ALHOSTIN 1,01KG;13;6;6;2;1,5;1;1,33;1,83;1,48;7,11;11,84;1,33;10;117;24/nov/25
1018019;SAL GROSSO AJI-SAL 1KG;3;6;12;1;0,92;1;0,33;0,33;0,21;30;62,73;10;10;117;24/nov/25
1018019;SAL GROSSO AJI-SAL 1KG;13;6;12;1;0,83;0;0,25;0,25;0,23;25;25;10;10;117;24/nov/25
1018019;SAL GROSSO AJI-SAL 1KG;18;6;12;1;0,83;1;0,25;0,08;0,08;75;165;5;10;117;24/nov/25
113439;SAL GROSSO CBS 1KG;2;6;15;6;2,68;1;2,2;2,73;2,16;8,67;11,91;8;10;117;24/nov/25
113439;SAL GROSSO CBS 1KG;3;6;15;8;4,41;1;4,07;5,93;3,72;8,3;10,18;16;10;117;24/nov/25
113439;SAL GROSSO CBS 1KG;3;6;15;8;4,41;1;4,07;5,93;3,72;8,3;10,18;16;10;117;24/nov/25
113439;SAL GROSSO CBS 1KG;13;6;15;3;2,33;2;2,8;3,2;1,73;9,46;17,57;8;10;117;24/nov/25
1006053;SAL GROSSO GARCA GRILL 1KG;1;6;10;3;0;4;0;0;0,02;0;1.200,00;0;10;117;24/nov/25
1006053;SAL GROSSO GARCA GRILL 1KG;2;6;10;18;13,9;0;4,8;3,7;4,76;20,44;20,44;0;10;117;24/nov/25
1006053;SAL GROSSO GARCA GRILL 1KG;3;6;10;21;15,5;6;8,7;9,5;8,47;12,81;17,77;0;10;117;24/nov/25
1006053;SAL GROSSO GARCA GRILL 1KG;4;6;10;6;3,3;2;1,8;1,6;1,49;15,47;24,84;0;10;117;24/nov/25
1020681;SAL MOIDO CBS 1KG;3;6;10;36;-3,1;50;0;23,7;12,3;-1,76;26,7;9;10;117;24/nov/25
1020681;SAL MOIDO CBS 1KG;14;6;10;10;13;10;2,9;6,9;3,41;26,71;47,26;6;10;117;24/nov/25
57912;SAL REFINADO CISNE 1KG;3;6;10;9;-0,1;20;0;3,5;2,31;-0,3;60,3;9;10;117;24/nov/25
57912;SAL REFINADO CISNE 1KG;11;6;10;4,8;0,4;1;5;4,3;2,8;1;3,5;18;10;117;24/nov/25
57912;SAL REFINADO CISNE 1KG;14;6;10;4;0,1;10;3,6;3,7;2,47;0,28;28,58;6;10;117;24/nov/25
1006052;SAL REFINADO EXTRA GARCA 1KG;2;6;10;18;0;2,8;0;5,7;5,37;0;3,65;0;10;117;24/nov/25
1006052;SAL REFINADO EXTRA GARCA 1KG;3;6;10;21;9,6;2,8;0;0;7,21;9,32;12,04;2;10;117;24/nov/25
1006052;SAL REFINADO EXTRA GARCA 1KG;4;6;10;6;-0,2;2,8;0;0,3;1,17;-1,2;15,6;0;10;117;24/nov/25
1006052;SAL REFINADO EXTRA GARCA 1KG;5;6;10;6;0;2,8;0;0;0,23;0;84;0;10;117;24/nov/25
1006052;SAL REFINADO EXTRA GARCA 1KG;6;6;10;12;-1;2,8;0;0,6;2,68;-2,61;4,7;0;10;117;24/nov/25
1006052;SAL REFINADO EXTRA GARCA 1KG;7;6;10;6;0;2,8;0;0;0,84;0;23,33;0;10;117;24/nov/25
1006052;SAL REFINADO EXTRA GARCA 1KG;8;6;10;6;0;2,8;0;6,9;3,57;0;5,49;0;10;117;24/nov/25
1006052;SAL REFINADO EXTRA GARCA 1KG;11;6;10;12;-0,5;2,8;0;0;1,54;-2,27;10,45;0;10;117;24/nov/25
1006052;SAL REFINADO EXTRA GARCA 1KG;12;6;10;12;-0,8;2,8;1;0,4;4,9;-1,14;2,86;0;10;117;24/nov/25
1006052;SAL REFINADO EXTRA GARCA 1KG;13;6;10;12;0;2,8;0;0;2,01;0;9,77;0;10;117;24/nov/25
1006052;SAL REFINADO EXTRA GARCA 1KG;14;6;10;9;0;2,8;0;1;0,82;0;24;0;10;117;24/nov/25
1006052;SAL REFINADO EXTRA GARCA 1KG;18;6;10;18;0,4;2,8;7,6;9,7;9,94;0,28;2,25;0;10;117;24/nov/25
1009687;TEMP COLORIFICO APTI 100G;12;6;50;1;0;2;0,26;0,2;0,21;0;66,67;0;10;117;24/nov/25
1009687;TEMP COLORIFICO APTI 100G;13;6;50;1;0,82;0;0,24;0,16;0,15;37,27;37,27;0;10;117;24/nov/25
114322;TEMP COMPLETO C/PIMENTA NEILAR 500GR;13;6;10;1,5;1,3;0;0,8;1;0,51;17,73;17,73;0;10;117;24/nov/25
114322;TEMP COMPLETO C/PIMENTA NEILAR 500GR;14;6;10;0,5;0,4;1;0,1;0;0,09;30;105;0;10;117;24/nov/25
114324;TEMP COMPLETO NEILAR S/PIMENTA 250G;5;6;24;0,83;0,79;0;0,17;0,04;0,06;95;95;1,33;10;117;24/nov/25
114324;TEMP COMPLETO NEILAR S/PIMENTA 250G;6;6;24;0,5;0,29;1;1,17;0,54;0,4;5,12;22,68;2;10;117;24/nov/25
114324;TEMP COMPLETO NEILAR S/PIMENTA 250G;8;6;24;0,5;1,29;1;0,42;0,21;0,27;33,21;58,93;1,33;10;117;24/nov/25
9915213;TEMP COMPLETO SABOR AMI S/PIMENTA 300G;12;6;24;1;0,88;0;0,42;0,54;0,37;16,58;16,58;0;10;117;24/nov/25
51791;TEMP MAGGI TEMPERO E SABOR CARNE 50G;12;6;48;1,5;1,4;0;0,63;0,54;0,44;22,09;22,09;2,92;10;117;24/nov/25
51791;TEMP MAGGI TEMPERO E SABOR CARNE 50G;18;6;48;2,33;2,13;1;0,77;0,63;1,06;14,04;20,64;1,67;10;117;24/nov/25
1009399;TEMP SAL AMONIACO APTI SH 100G;3;1;20;1,5;1,7;1,8;0,05;0,4;0,33;36,43;75;3;10;117;24/nov/25
1167;TEMP SAZON CAR/LEG/AR 60G VM;2;6;48;6,67;6,1;0;1,96;2,4;2,57;16,65;16,65;1,42;10;117;24/nov/25
1167;TEMP SAZON CAR/LEG/AR 60G VM;14;6;48;2;1,83;1;0,63;0,6;0,64;20;30,91;2,83;10;117;24/nov/25
1167;TEMP SAZON CAR/LEG/AR 60G VM;18;6;48;6;5,77;0;1,77;3,17;2,67;15,11;15,11;14,17;10;117;24/nov/25
13788;TEMP SAZON MASS/BAT/AR 60G LAR;14;6;48;1;0,96;0;0,13;0,08;0,12;57,5;57,5;2,83;10;117;24/nov/25
1020560;TEMP TEMPERAPTI LEGUMES 50G;3;6;24;0,67;0,17;1;1,21;0,88;0,66;1,76;12,35;1,42;10;117;24/nov/25
90433;VINAGRE ALCOOL KOLLER 500ML;3;6;12;10;7,01;2;5,58;5,17;5,72;8,59;11,04;1;10;117;24/nov/25
90433;VINAGRE ALCOOL KOLLER 500ML;7;6;12;2;0,75;1;2,08;1;1,26;4,15;9,69;2;10;117;24/nov/25
90433;VINAGRE ALCOOL KOLLER 500ML;11;6;12;4;3,08;2;3,17;3,08;2,78;7,76;12,8;4;10;117;24/nov/25
1830;VINAGRE ALCOOL ROSINA 750ML;2;6;12;8;4,5;0;5,67;6,25;3,4;9,26;9,26;1,5;10;117;24/nov/25
1830;VINAGRE ALCOOL ROSINA 750ML;3;6;12;10;10;3;5,08;6,67;5,31;13,19;17,14;4;10;117;24/nov/25
1830;VINAGRE ALCOOL ROSINA 750ML;11;6;12;8;6,17;0;4,5;6,75;3,85;11,21;11,21;2;10;117;24/nov/25
1830;VINAGRE ALCOOL ROSINA 750ML;12;6;12;8;5,92;0;5,67;3,75;3,27;12,68;12,68;5;10;117;24/nov/25
1830;VINAGRE ALCOOL ROSINA 750ML;17;6;12;2;1,42;2;1,25;0;0,29;34;82;3;10;117;24/nov/25
1830;VINAGRE ALCOOL ROSINA 750ML;18;6;12;4;2,67;2;1,83;1,75;1,67;11,16;19,53;1,5;10;117;24/nov/25
1831;VINAGRE MACA ROSINA 750ML;2;6;12;4;3,25;0;3,75;4,25;2,02;11,25;11,25;1;10;117;24/nov/25
1831;VINAGRE MACA ROSINA 750ML;3;6;12;5;1,83;8;4,08;5,67;2,53;5,08;27,23;4;10;117;24/nov/25
1831;VINAGRE MACA ROSINA 750ML;7;6;12;1,17;1;1;1,17;0,83;0,47;15;30;1,5;10;117;24/nov/25
1833;VINAGRE VINHO TTO ROSINA 750ML;3;6;12;3;2,42;4;1,33;1,25;0,89;18,91;50,22;4;10;117;24/nov/25
1833;VINAGRE VINHO TTO ROSINA 750ML;6;6;12;1,08;1;0;1,83;1,08;0,68;10,29;10,29;1,5;10;117;24/nov/25
81643;EXTRATO TOM CAJAMAR LT 350G;2;6;24;16,67;14,63;3;7,54;10,67;13,98;7,32;8,82;9,17;10;118;24/nov/25
81643;EXTRATO TOM CAJAMAR LT 350G;3;6;24;34;34,13;3;14,67;19,58;28,82;8,29;9,02;35;10;118;24/nov/25
81643;EXTRATO TOM CAJAMAR LT 350G;7;6;24;19,67;13,38;5;9,13;12,42;14,7;6,37;8,75;15;10;118;24/nov/25
81643;EXTRATO TOM CAJAMAR LT 350G;11;6;24;23,08;18,42;2;7,92;21,63;20,15;6,4;7,09;14,17;10;118;24/nov/25
81643;EXTRATO TOM CAJAMAR LT 350G;13;6;24;26,92;22,33;4;11;13,83;23,79;6,57;7,75;20;10;118;24/nov/25
81643;EXTRATO TOM CAJAMAR LT 350G;18;6;24;19;18,38;2;5;17,88;18,14;7,09;7,86;20;10;118;24/nov/25
1005192;EXTRATO TOM ELEFANTE PT 300G;2;6;24;7,33;6,04;0;1,92;1,17;1,87;22,66;22,66;8,33;10;118;24/nov/25
1005192;EXTRATO TOM ELEFANTE PT 300G;3;6;24;15;16,08;2;1,58;1,29;1,52;74,23;83,46;30;10;118;24/nov/25
1005192;EXTRATO TOM ELEFANTE PT 300G;5;6;24;3;2,21;0;0,5;0,54;0,46;33,83;33,83;10;10;118;24/nov/25
1005192;EXTRATO TOM ELEFANTE PT 300G;7;6;24;4;3,25;0;0,58;0,46;0,34;66,86;66,86;5;10;118;24/nov/25
1005192;EXTRATO TOM ELEFANTE PT 300G;11;6;24;5,67;4,63;0;0,5;1,33;0,92;35,05;35,05;6,67;10;118;24/nov/25
1005192;EXTRATO TOM ELEFANTE PT 300G;13;6;24;4;3,21;0;0,58;1,08;0,76;29,62;29,62;5;10;118;24/nov/25
1005192;EXTRATO TOM ELEFANTE PT 300G;14;6;24;2;1,46;2;0,71;0,33;0,43;23,86;56,59;10;10;118;24/nov/25
1005192;EXTRATO TOM ELEFANTE PT 300G;17;6;24;5,42;4,08;2;2,29;4,21;4,25;6,73;10,02;5,83;10;118;24/nov/25
1005192;EXTRATO TOM ELEFANTE PT 300G;18;6;24;5;4,5;0;0,63;0,92;0,74;42,63;42,63;10;10;118;24/nov/25
1005193;EXTRATO TOM ELEFANTE S/SAL PT 300G;3;6;24;3;3,88;1;0,33;0,33;0,26;103,33;130;5;10;118;24/nov/25
1005193;EXTRATO TOM ELEFANTE S/SAL PT 300G;13;6;24;0,67;0,63;0;0,13;0,46;0,35;12,5;12,5;1,67;10;118;24/nov/25
1005193;EXTRATO TOM ELEFANTE S/SAL PT 300G;18;6;24;2;1,96;0;0,08;0,08;0,26;52,22;52,22;4,17;10;118;24/nov/25
1005195;EXTRATO TOM ELEFANTE TP 275G;2;6;27;1;0,41;2;0,7;0,63;0,63;4,52;26,71;2,96;10;118;24/nov/25
1005195;EXTRATO TOM ELEFANTE TP 275G;6;6;27;2,22;1,7;0;0,89;0,48;0,92;12,9;12,9;5,93;10;118;24/nov/25
1005195;EXTRATO TOM ELEFANTE TP 275G;7;6;27;1,78;1,22;2;0,81;0,3;0,41;20,63;54,38;2,96;10;118;24/nov/25
1005195;EXTRATO TOM ELEFANTE TP 275G;11;6;27;1,26;0,26;2;1,7;0,37;0,8;2,28;19,89;2,22;10;118;24/nov/25
1005195;EXTRATO TOM ELEFANTE TP 275G;13;6;27;2;1,59;0;0,67;1,04;1,05;10,57;10,57;2,96;10;118;24/nov/25
1005195;EXTRATO TOM ELEFANTE TP 275G;17;6;27;4,44;2,37;3;3,56;4,74;3,71;4,48;10,14;1,48;10;118;24/nov/25
9987821;EXTRATO TOM FUGINI SH 190G;17;6;36;5;1,86;4;3,33;0,61;2,39;5,46;17,2;0,56;10;118;24/nov/25
113167;EXTRATO TOM QUERO TP 130G;3;6;48;1,08;1,75;1;0,48;0,35;0,34;36;56,57;2,08;10;118;24/nov/25
9888;KATCHUP ODERICH HOT PIC BISN 200G;2;6;24;1,79;1;0;0,96;0,75;0,7;10;10;2;10;118;24/nov/25
9888;KATCHUP ODERICH HOT PIC BISN 200G;3;6;24;2;2,67;1;0,96;1,17;1,17;16;22;2;10;118;24/nov/25
9888;KATCHUP ODERICH HOT PIC BISN 200G;6;6;24;2;1,13;0;0,5;1,21;0,67;11,74;11,74;1,33;10;118;24/nov/25
9888;KATCHUP ODERICH HOT PIC BISN 200G;8;6;24;1;0,96;0;0,33;0,13;0,2;32,86;32,86;2;10;118;24/nov/25
9888;KATCHUP ODERICH HOT PIC BISN 200G;11;6;24;1,5;1;1;0,83;0,63;0,9;7,74;15,48;2;10;118;24/nov/25
9888;KATCHUP ODERICH HOT PIC BISN 200G;13;6;24;1;0,54;1;0,83;0,67;0,76;5;14,23;0;10;118;24/nov/25
9888;KATCHUP ODERICH HOT PIC BISN 200G;18;6;24;1;0,75;1;0,5;0,29;0,48;11,02;25,71;3,33;10;118;24/nov/25
1015807;KETCHUP ELEFANTE TRAD SQ 350G;4;6;24;1;0,67;1;0,67;0,08;0,25;18,46;46,15;0,83;10;118;24/nov/25
1015807;KETCHUP ELEFANTE TRAD SQ 350G;5;6;24;1;0,96;0;0,92;0,88;0,64;10,45;10,45;2,5;10;118;24/nov/25
1015807;KETCHUP ELEFANTE TRAD SQ 350G;13;6;24;2;1,54;0;0,17;0,29;0,11;100,91;100,91;0;10;118;24/nov/25
1018431;KETCHUP FUGINI PICANTE SH BICO 180G;3;6;32;1;1,53;1;1,06;0,41;0,34;31,28;51,7;1,88;10;118;24/nov/25
1018431;KETCHUP FUGINI PICANTE SH BICO 180G;5;6;32;0,5;0,31;1;0,38;0,25;0,16;13,64;57,27;0,63;10;118;24/nov/25
1018430;KETCHUP FUGINI TRAD SH BICO 180G;2;6;32;2;0,94;0;1,72;0,34;0,48;13,64;13,64;1,88;10;118;24/nov/25
1018430;KETCHUP FUGINI TRAD SH BICO 180G;3;6;32;3;3,5;1;0,53;0,97;0,35;70;90;1,88;10;118;24/nov/25
1018430;KETCHUP FUGINI TRAD SH BICO 180G;7;6;32;2;1,09;2;0,94;0,97;0,44;17,21;48,69;0,94;10;118;24/nov/25
1018430;KETCHUP FUGINI TRAD SH BICO 180G;13;6;32;1,5;1;0;0,5;0,5;0,23;30;30;0;10;118;24/nov/25
1018430;KETCHUP FUGINI TRAD SH BICO 180G;18;6;32;2;1,47;1;0,66;0,84;0,35;29,38;49,38;1,88;10;118;24/nov/25
1007893;KETCHUP HELLMANNS PICANTE BISN 380G;6;6;24;0,5;0,42;0;0,13;0,08;0,06;50;50;0,83;10;118;24/nov/25
1007780;KETCHUP HELLMANNS TRAD BISN 380G;13;6;24;1;0,96;0;0,42;0,21;0,24;27,6;27,6;0;10;118;24/nov/25
1007780;KETCHUP HELLMANNS TRAD BISN 380G;17;6;24;1;0,96;0;0,38;0,75;0,55;12,11;12,11;0,83;10;118;24/nov/25
10395;KETCHUP ODERICH HOT BISN 400G;6;6;24;2;1,54;0;0,58;0,46;0,59;18,2;18,2;1,25;10;118;24/nov/25
10395;KETCHUP ODERICH HOT BISN 400G;11;6;24;1,5;0,5;2;0,75;1;0,77;4,56;22,78;1,67;10;118;24/nov/25
10395;KETCHUP ODERICH HOT BISN 400G;13;6;24;2,5;2,33;0;0,67;0,38;0,55;29,47;29,47;0;10;118;24/nov/25
46543;KETCHUP ODERICH SH 200G;2;1;24;7;6,08;0;2,08;3,83;3,25;13,11;13,11;6,5;10;118;24/nov/25
46543;KETCHUP ODERICH SH 200G;3;6;24;10;5,25;1;5,5;6,96;7,62;4,82;5,74;6,5;10;118;24/nov/25
46543;KETCHUP ODERICH SH 200G;4;1;24;2;1,04;2;2;1,38;2,09;3,49;10,19;4,33;10;118;24/nov/25
46543;KETCHUP ODERICH SH 200G;5;1;24;1,5;0;1;2;1,13;1,79;0;3,91;2,71;10;118;24/nov/25
46543;KETCHUP ODERICH SH 200G;6;1;24;4;2,13;3;2,96;1;2,77;5,37;12,95;5,42;10;118;24/nov/25
46543;KETCHUP ODERICH SH 200G;7;6;24;4,63;2,58;1;3,33;2,92;4,23;4,28;5,93;3,25;10;118;24/nov/25
46543;KETCHUP ODERICH SH 200G;8;6;24;4;2,71;1;1,83;1,21;1,84;10,32;14,13;4,33;10;118;24/nov/25
46543;KETCHUP ODERICH SH 200G;11;1;24;4;1,88;3;2,58;2,75;1,83;7,18;18,67;3,25;10;118;24/nov/25
46543;KETCHUP ODERICH SH 200G;12;1;24;5;3,83;0;3,08;1,88;2,48;10,82;10,82;3,25;10;118;24/nov/25
46543;KETCHUP ODERICH SH 200G;17;1;24;11,13;6,38;6;2,83;4,92;4,29;10,41;20,2;11,92;10;118;24/nov/25
46543;KETCHUP ODERICH SH 200G;18;1;24;6,21;4,5;3;1,71;2,17;3,02;10,42;17,36;6,5;10;118;24/nov/25
1018377;KETCHUP SALSARET TOP DOWN BAC/CEB 380G;2;6;15;1;0,33;2;0,07;0,13;0,3;7,89;55,26;0;10;118;24/nov/25
1018374;KETCHUP SALSARETTI TOP DOWN PICANHA 380G;2;6;15;1;0,93;0;0,13;0,2;0,19;35;35;0;10;118;24/nov/25
1022895;KETCHUP TRAD VAL 1.010KG;3;6;9;13,33;14,56;2;1,44;7,44;3,76;27,1;30,83;5,33;10;118;24/nov/25
1022895;KETCHUP TRAD VAL 1.010KG;5;6;9;2,67;2,11;0;0,22;1;0,73;20,36;20,36;4,44;10;118;24/nov/25
1022895;KETCHUP TRAD VAL 1.010KG;7;6;9;2,67;2;2;0,78;1,33;0,83;16,88;33,75;4,44;10;118;24/nov/25
1022895;KETCHUP TRAD VAL 1.010KG;11;6;9;8;4,22;5;1;6;3,34;8,84;19,3;1,78;10;118;24/nov/25
1022895;KETCHUP TRAD VAL 1.010KG;13;6;9;6,67;3,67;0;0,11;1,56;0,96;26,76;26,76;0;10;118;24/nov/25
1022895;KETCHUP TRAD VAL 1.010KG;17;6;9;5,33;3,78;0;0,67;2,22;1,24;21,25;21,25;7,11;10;118;24/nov/25
1022895;KETCHUP TRAD VAL 1.010KG;18;6;9;8;7,89;0;0,44;0,56;0,75;73,45;73,45;4,44;10;118;24/nov/25
1018050;MOLHO PASSATA RUSTICA SALSARETTI 300G;17;6;32;0,69;0,47;0;0,28;0,28;0,26;12,5;12,5;0,47;10;118;24/nov/25
1018050;MOLHO PASSATA RUSTICA SALSARETTI 300G;18;6;32;0,69;0,59;1;0,09;0,03;0,09;43,85;117,69;0,47;10;118;24/nov/25
1014229;MOLHO TOM CAJAMAR TRAD SH 300G;3;6;32;26,25;26,75;2;7,81;15,78;23,64;7,92;8,51;4,88;10;118;24/nov/25
1014229;MOLHO TOM CAJAMAR TRAD SH 300G;7;6;32;11,25;8,94;3;5,47;9,72;8,33;7,51;10,04;7,31;10;118;24/nov/25
1014229;MOLHO TOM CAJAMAR TRAD SH 300G;18;6;32;18,75;21,25;0;6,91;9,88;14,3;10,4;10,4;6,09;10;118;24/nov/25
9987869;MOLHO TOM FUGINI BOLONHESA SH 300G;5;6;36;0,5;0,31;1;0,31;0,14;0,25;8,46;36,15;1,44;10;118;24/nov/25
9987869;MOLHO TOM FUGINI BOLONHESA SH 300G;14;6;36;1;1,92;0;0,11;0,11;0,08;172,5;172,5;2,89;10;118;24/nov/25
9987845;MOLHO TOM FUGINI ERV.FINAS SH 300G;2;6;36;1;0,97;0;0,39;0,33;0,32;21,43;21,43;2,89;10;118;24/nov/25
9987876;MOLHO TOM FUGINI MANJERICAO SH 300G;13;6;36;0,5;0,44;0;0,11;0,06;0,12;25,26;25,26;1,44;10;118;24/nov/25
56378;MOLHO TOM FUGINI TRAD SH 300G;3;6;36;25;19,67;13;39,25;14,67;24,58;5,6;9,3;13;10;118;24/nov/25
56378;MOLHO TOM FUGINI TRAD SH 300G;4;6;36;13,33;10,64;3;11,39;6,14;9,92;7,51;9,63;3,61;10;118;24/nov/25
56378;MOLHO TOM FUGINI TRAD SH 300G;5;6;36;13,33;7,89;6;18;5,53;12,62;4,38;7,7;3,25;10;118;24/nov/25
56378;MOLHO TOM FUGINI TRAD SH 300G;7;6;36;13,33;1,86;11;22,53;9,25;16,51;0,79;5,45;5,42;10;118;24/nov/25
56378;MOLHO TOM FUGINI TRAD SH 300G;11;6;36;20;9,03;7;22,86;9,83;14,95;4,23;7,51;3,25;10;118;24/nov/25
56378;MOLHO TOM FUGINI TRAD SH 300G;12;6;36;20;5,39;9;25,31;12,53;17,49;2,16;5,76;10,83;10;118;24/nov/25
56378;MOLHO TOM FUGINI TRAD SH 300G;13;6;36;20;15,28;5;15,44;9,44;13,43;7,96;10,57;3,25;10;118;24/nov/25
56378;MOLHO TOM FUGINI TRAD SH 300G;17;6;36;13,33;5,42;8;15,83;10,56;10,99;3,45;8,55;5,42;10;118;24/nov/25
1023447;MOLHO TOM HEINZ C/ PED SH 240G;17;6;32;1,5;1,03;0;0,28;0,66;0,57;12,69;12,69;0;10;118;24/nov/25
1017544;MOLHO TOM PASSATA POMAROLA SH 300G;2;6;24;0,5;0,46;0;0,08;0,13;0,07;47,14;47,14;1,08;10;118;24/nov/25
1017544;MOLHO TOM PASSATA POMAROLA SH 300G;3;6;24;0,5;1,25;1;0,67;0,88;0,41;21,43;38,57;1,08;10;118;24/nov/25
1005332;MOLHO TOM POMAROLA CASEIRO SH 300G;2;6;24;1;0,92;0;0,08;0,04;0,07;94,29;94,29;0;10;118;24/nov/25
1005332;MOLHO TOM POMAROLA CASEIRO SH 300G;4;6;24;1;0,54;1;0,83;0,42;0,36;10,54;30;2,17;10;118;24/nov/25
1007634;MOLHO TOM POMAROLA CASEIRO/MANJ SH 300G;17;6;24;0,75;0,63;0;0,21;0,25;0,19;22,5;22,5;4,33;10;118;24/nov/25
1001412;MOLHO TOM POMAROLA TRAD SH 300G;18;6;24;2;1,54;1;0,63;0,25;0,31;34,69;57,19;3,25;10;118;24/nov/25
1017545;MOLHO TOM POMODORO TRAD SH 300G;18;6;24;30;-4,58;31;0;0,04;15,09;-2,13;12,26;10,83;10;118;24/nov/25
1023884;MOLHO TOM SALSARETTI TRIT 910G;4;6;8;3;2,88;0;0,25;0,38;0,23;86,25;86,25;0;10;118;24/nov/25
1023884;MOLHO TOM SALSARETTI TRIT 910G;14;6;8;5;4,88;0;0,63;0,63;0,35;97,5;97,5;0;10;118;24/nov/25
1013940;MOLHO TOM TRAD VAL SH 300G;5;6;36;10;9,81;0;1,31;18,08;5,04;13,61;13,61;0;10;118;24/nov/25
1005799;MOLHO TOM VAL PIZZA  SH 300G;3;6;36;3,33;4,81;2;0,56;0,81;0,84;40,23;56,98;1,44;10;118;24/nov/25
1004779;POLPA POMODORO CICA TP 520G;17;6;12;7,17;6,17;0;0,58;2,83;1,91;22,65;22,65;1,33;10;118;24/nov/25
1007913;MAIONESE BISN HELLMANNS 335G;2;6;24;0,5;0;1;0,08;0;0,05;0;144;2,5;10;119;24/nov/25
1019338;MAIONESE HEINZ PET ALHOERVAS FINAS 215G;3;6;16;1;1,88;1;0,5;0,06;0,2;64,29;98,57;1,25;10;119;24/nov/25
1019338;MAIONESE HEINZ PET ALHOERVAS FINAS 215G;13;6;16;1;0,69;0;0,13;0,25;0,2;23,57;23,57;0;10;119;24/nov/25
1021556;MAIONESE HELLMANNS 3EM1 360G;4;6;6;2;0;3;0;0;0;;;0;10;119;24/nov/25
1021556;MAIONESE HELLMANNS 3EM1 360G;6;6;6;2;-0,17;3;0;0;0;;;3,33;10;119;24/nov/25
1021556;MAIONESE HELLMANNS 3EM1 360G;13;6;6;2;0,67;2;0,17;0,33;0,23;20;80;0;10;119;24/nov/25
1021556;MAIONESE HELLMANNS 3EM1 360G;17;6;6;2;0,83;2;0,5;1;0,7;8,33;28,33;6,67;10;119;24/nov/25
1006733;MAIONESE HELLMANNS PET CHURRASC 335G;17;6;24;0,5;0,42;0;0,08;0,25;0,12;25;25;0,83;10;119;24/nov/25
1023839;MAIONESE HELLMANNS SUPREME SMALL 230G;17;6;24;0,5;1,33;0;0,08;0,13;0,07;137,14;137,14;0,42;10;119;24/nov/25
1023843;MAIONESE HELLMANNS VERDE 335G;14;6;24;0,5;0,46;0;0;0,13;0,1;33;33;0,42;10;119;24/nov/25
9966871;MAIONESE ODERICH LIGHT SH 200G;4;6;24;1;0,83;1;0,92;0,54;0,92;6,32;13,89;0,83;10;119;24/nov/25
9966871;MAIONESE ODERICH LIGHT SH 200G;6;6;24;2;0,71;2;1,38;0,88;0,73;6,8;26;1,25;10;119;24/nov/25
9966871;MAIONESE ODERICH LIGHT SH 200G;7;6;24;1;0,67;1;0,71;0,29;0,34;13,71;34,29;4,17;10;119;24/nov/25
9966871;MAIONESE ODERICH LIGHT SH 200G;8;6;24;1;0,88;0;0,46;0,29;0,29;21;21;0;10;119;24/nov/25
9966871;MAIONESE ODERICH LIGHT SH 200G;13;6;24;2;1,79;0;1,5;1,67;1,42;8,84;8,84;0;10;119;24/nov/25
1005253;MAIONESE ODERICH PET PREMI.CAS 220G;2;6;12;1;0,92;0;0;0;0,02;330;330;1,67;10;119;24/nov/25
1005253;MAIONESE ODERICH PET PREMI.CAS 220G;3;6;12;1;-1,08;1;0,42;0,42;0,25;-30;-2,31;1,67;10;119;24/nov/25
1005253;MAIONESE ODERICH PET PREMI.CAS 220G;4;6;12;1;0;1;0;0,17;0,08;0;90;0,83;10;119;24/nov/25
1005253;MAIONESE ODERICH PET PREMI.CAS 220G;13;6;12;1;0,08;1;0,33;0,17;0,19;3;39;0;10;119;24/nov/25
1005253;MAIONESE ODERICH PET PREMI.CAS 220G;14;6;12;0,5;0,08;1;0;0,08;0,12;5;65;1,67;10;119;24/nov/25
1005253;MAIONESE ODERICH PET PREMI.CAS 220G;18;6;12;1;0,42;1;0,08;0,33;0,25;11,54;39,23;3,33;10;119;24/nov/25
47044;MAIONESE ODERICH SH 200G;3;6;24;16,67;17,58;2;7,04;10,67;10,69;11,51;12,82;5;10;119;24/nov/25
47044;MAIONESE ODERICH SH 200G;7;6;24;10;7,04;2;7,21;10,75;9,94;4,96;6,37;3,33;10;119;24/nov/25
47044;MAIONESE ODERICH SH 200G;12;6;24;10;9,79;0;4,63;7,67;4,65;14,75;14,75;1,67;10;119;24/nov/25
47044;MAIONESE ODERICH SH 200G;13;6;24;10;7,92;0;3,04;0;4,25;13,04;13,04;0;10;119;24/nov/25
47044;MAIONESE ODERICH SH 200G;17;6;24;12,5;11,71;0;4,17;8,13;5,19;15,79;15,79;11,67;10;119;24/nov/25
47044;MAIONESE ODERICH SH 200G;18;6;24;12,5;12,13;0;1,63;12,96;4,91;17,29;17,29;6,25;10;119;24/nov/25
1143;MAIONESE PT HELLMANNS LIGHT 500G;14;6;12;1;1,42;0;0,58;0,08;0,31;31,88;31,88;1,67;10;119;24/nov/25
1141;MAIONESE PT HELLMANNS TRAD 500G;2;6;12;1,83;1,75;0;0,33;0,5;0,37;33,16;33,16;10;10;119;24/nov/25
1141;MAIONESE PT HELLMANNS TRAD 500G;3;6;12;3;3,58;1;1,25;1,42;1,4;17,92;22,92;6,67;10;119;24/nov/25
1011536;MAIONESE SH HELLMANNS 400G;17;6;12;15;10,58;5;14,75;16,83;14,53;5,1;7,51;12,5;10;119;24/nov/25
9690;MAIONESE SH LIZA 196G;3;6;24;25;25,58;11;22,54;35,92;26,24;6,82;9,76;6,25;10;119;24/nov/25
9690;MAIONESE SH LIZA 196G;6;6;24;16,67;16,21;1;13,58;18,46;13,33;8,51;9,04;4,17;10;119;24/nov/25
9690;MAIONESE SH LIZA 196G;11;6;24;20,83;11,17;10;17,79;30,42;19,85;3,94;7,46;6,25;10;119;24/nov/25
9690;MAIONESE SH LIZA 196G;12;6;24;20,83;19,17;2;13,46;21,42;18,52;7,24;8;2,08;10;119;24/nov/25
1003941;MAIONESE SH LIZA CASEIRA 400G;5;6;12;19,17;15,92;0;4,25;13,75;8,15;13,68;13,68;5,83;10;119;24/nov/25
1013220;MOLHO ALHO CEB SALSA EXTREMO SABOR 250ML;13;6;12;1;0,83;0;0,08;0,08;0,08;75;75;0;10;119;24/nov/25
1013214;MOLHO ALHO EXTREMO SABOR 250ML;3;6;12;2;2,83;1;1,25;1,08;1,07;18,55;25,09;0;10;119;24/nov/25
1013214;MOLHO ALHO EXTREMO SABOR 250ML;4;6;12;2;1,08;0;0,42;0,33;0,47;16,25;16,25;0;10;119;24/nov/25
1013214;MOLHO ALHO EXTREMO SABOR 250ML;6;6;12;1;0,33;2;0,42;0,67;0,62;3,75;26,25;3,25;10;119;24/nov/25
1013214;MOLHO ALHO EXTREMO SABOR 250ML;18;6;12;2;1,17;0;0,42;0,5;0,64;12,73;12,73;0;10;119;24/nov/25
1013218;MOLHO ALHO P/FRANGO EXTREMO 250ML;17;6;12;1;0,92;0;0,17;0,17;0,18;36,67;36,67;0;10;119;24/nov/25
1012435;MOLHO BARBECUE ODERICH 200G;6;6;24;0,5;0,29;1;0,29;0,17;0,17;12,35;54,71;1,63;10;119;24/nov/25
1012435;MOLHO BARBECUE ODERICH 200G;17;6;24;2,04;1,75;0;0,04;0,21;0,25;48,46;48,46;4,33;10;119;24/nov/25
100591;MOLHO BCO ELEGE 200G REF.9033;3;6;24;4;5;2;0,88;1,13;1,08;32,43;45,41;6,5;10;119;24/nov/25
100591;MOLHO BCO ELEGE 200G REF.9033;4;6;24;1;0,63;0;0,29;0,25;0,39;11,25;11,25;2,17;10;119;24/nov/25
100591;MOLHO BCO ELEGE 200G REF.9033;7;6;24;1;0,79;1;0,21;0,25;0,28;19,66;44,48;4,33;10;119;24/nov/25
100591;MOLHO BCO ELEGE 200G REF.9033;11;6;24;1;0,92;0;0,38;0,67;0,39;16,5;16,5;3,25;10;119;24/nov/25
100591;MOLHO BCO ELEGE 200G REF.9033;14;6;24;2;2,21;0;0,46;0,46;0,67;23,04;23,04;6,5;10;119;24/nov/25
100591;MOLHO BCO ELEGE 200G REF.9033;17;6;24;1;0,79;0;0,13;0,46;0,17;33,53;33,53;3,25;10;119;24/nov/25
100591;MOLHO BCO ELEGE 200G REF.9033;18;6;24;2;1,88;0;0,54;0,38;0,38;34,62;34,62;6,5;10;119;24/nov/25
1024466;MOLHO DE PIMENTA VAL 150G;3;6;24;1,5;2,17;1;0,63;0,21;0,19;78;114;0;10;119;24/nov/25
1013216;MOLHO INGLES EXTREMO SABOR 250ML;3;6;12;2;2,5;1;0,5;0,17;0,35;50;70;0;10;119;24/nov/25
1013216;MOLHO INGLES EXTREMO SABOR 250ML;6;6;12;1;0,92;0;0,08;0,08;0,1;66;66;2,17;10;119;24/nov/25
1013216;MOLHO INGLES EXTREMO SABOR 250ML;17;6;12;1;0,75;0;0,17;0,42;0,29;18;18;0;10;119;24/nov/25
100589;MOLHO MADEIRA ELEGE 200G;5;6;24;1;0,75;0;0;0;0,03;180;180;3,25;10;119;24/nov/25
100589;MOLHO MADEIRA ELEGE 200G;7;6;24;1;0,83;0;0,04;0,04;0,04;150;150;4,33;10;119;24/nov/25
100589;MOLHO MADEIRA ELEGE 200G;8;6;24;1;1,58;1;0,04;0,04;0,08;142,5;232,5;3,25;10;119;24/nov/25
100589;MOLHO MADEIRA ELEGE 200G;11;6;24;0,83;0,33;1;0,21;0,21;0,14;17,14;68,57;3,25;10;119;24/nov/25
100589;MOLHO MADEIRA ELEGE 200G;13;6;24;1;0,79;0;0,21;0,17;0,14;40,71;40,71;3,25;10;119;24/nov/25
1009659;MOLHO ODERICH PREMIUM BARBECUE  400G;18;6;12;1;0,92;1;0,42;0,25;0,29;22;46;3,25;10;119;24/nov/25
1024537;MOLHO P/SALADA SALSARETTI CASEIRO 325ML;2;6;12;0,5;0;1;0;0;0;;;0;10;119;24/nov/25
1024537;MOLHO P/SALADA SALSARETTI CASEIRO 325ML;14;6;12;0,5;1;1;0;0;0;;;0;10;119;24/nov/25
1024537;MOLHO P/SALADA SALSARETTI CASEIRO 325ML;17;6;12;0,5;0;1;0;0;0;;;0;10;119;24/nov/25
1024534;MOLHO P/SALADA SALSARETTI FRESH 325ML;2;6;12;0,5;0;1;0;0;0;;;0;10;119;24/nov/25
1024534;MOLHO P/SALADA SALSARETTI FRESH 325ML;14;6;12;0,5;1;1;0;0;0;;;0;10;119;24/nov/25
1024534;MOLHO P/SALADA SALSARETTI FRESH 325ML;17;6;12;0,5;0;1;0;0;0;;;0;10;119;24/nov/25
1024535;MOLHO P/SALADA SALSARETTI ITALIAN 325ML;2;6;12;0,5;0;1;0;0;0;;;0;10;119;24/nov/25
1024535;MOLHO P/SALADA SALSARETTI ITALIAN 325ML;14;6;12;0,5;1;1;0;0;0;;;0;10;119;24/nov/25
1024535;MOLHO P/SALADA SALSARETTI ITALIAN 325ML;17;6;12;0,5;0;1;0;0;0;;;0;10;119;24/nov/25
1024536;MOLHO P/SALADA SALSARETTI LIMAO 325ML;14;6;12;0,5;1;1;0;0;0;;;0;10;119;24/nov/25
1024536;MOLHO P/SALADA SALSARETTI LIMAO 325ML;17;6;12;0,5;0;1;0;0;0;;;0;10;119;24/nov/25
1024538;MOLHO P/SALADA SALSARETTI PARMESS 325ML;2;6;12;0,5;0;1;0;0;0;;;0;10;119;24/nov/25
1024538;MOLHO P/SALADA SALSARETTI PARMESS 325ML;14;6;12;0,5;1;1;0;0;0;;;0;10;119;24/nov/25
1024538;MOLHO P/SALADA SALSARETTI PARMESS 325ML;17;6;12;0,5;0;1;0;0;0;;;0;10;119;24/nov/25
1019835;MOLHO PIMENT TRISANTI CHIPOTLE 260G;18;6;6;2;1,67;0;0;0,33;0,19;60;60;0;10;119;24/nov/25
1013215;MOLHO PIMENTA EXTREMO SABOR 250ML;4;6;12;1;0,83;1;0,5;0,33;0,45;13,04;28,7;0;10;119;24/nov/25
1013215;MOLHO PIMENTA EXTREMO SABOR 250ML;17;6;12;1;0,75;0;0,25;0,08;0,14;38,57;38,57;0;10;119;24/nov/25
1102;MOLHO PIMENTA KNORR/CICA 150ML;11;6;24;1;0,67;0;0,21;0,21;0,24;19,2;19,2;0;10;119;24/nov/25
1102;MOLHO PIMENTA KNORR/CICA 150ML;13;6;24;1;0,75;0;0,33;0,17;0,26;20;20;0;10;119;24/nov/25
1019801;MOLHO PIMENTA TRISANTI CASEIRINHO 225G;13;6;6;2;1,67;0;0,33;0;0,16;75;75;0;10;119;24/nov/25
1019801;MOLHO PIMENTA TRISANTI CASEIRINHO 225G;17;6;6;1;0,83;0;0,33;0;0,16;37,5;37,5;0;10;119;24/nov/25
1018380;MOLHO SALSARETTI TOP DOWN BARBECUE  380G;14;6;15;1;2,27;0;0,27;0,13;0,22;72,86;72,86;0;10;119;24/nov/25
1018380;MOLHO SALSARETTI TOP DOWN BARBECUE  380G;17;6;15;1;0,73;0;0,07;0,6;0,33;15,71;15,71;1;10;119;24/nov/25
1013213;MOLHO SHOYU EXTREMO SABOR 1,01L;3;6;6;5,17;6,17;4;3,5;2;3,15;13,7;22,59;0;10;119;24/nov/25
1013213;MOLHO SHOYU EXTREMO SABOR 1,01L;4;6;6;2;1,83;0;0,5;0,83;0,54;23,57;23,57;0;10;119;24/nov/25
1013213;MOLHO SHOYU EXTREMO SABOR 1,01L;12;6;6;4;10,17;2;1,33;2;2,49;28,59;34,22;0;10;119;24/nov/25
1013213;MOLHO SHOYU EXTREMO SABOR 1,01L;18;6;6;2;1,5;1;1;1;1,13;9,31;15,52;0;10;119;24/nov/25
1013217;MOLHO SHOYU EXTREMO SABOR 250ML;2;6;12;1;0,83;0;0,5;0,25;0,35;16,67;16,67;0;10;119;24/nov/25
1013217;MOLHO SHOYU EXTREMO SABOR 250ML;3;6;12;2;2,42;1;1,5;1,83;1,52;11,15;15,77;0;10;119;24/nov/25
18507;MOLHO SHOYU KITANO 150ML;3;6;12;5;5,92;1;0,67;1,08;0,91;45,32;52,98;0;10;119;24/nov/25
18507;MOLHO SHOYU KITANO 150ML;7;6;12;0,67;0,42;1;0,33;0,17;0,19;15;51;0;10;119;24/nov/25
1006727;MOLHO SHOYU KNORR 150 ML;4;1;24;0,5;0,46;0;0,04;0,04;0,05;66;66;0;10;119;24/nov/25
1020823;MOSTARDA D/MEL FUGINI BICO 180G;3;6;32;1;1,88;1;0,47;0,44;0,41;32,14;49,29;1,13;10;119;24/nov/25
1020823;MOSTARDA D/MEL FUGINI BICO 180G;13;6;32;0,75;0,69;0;0,13;0,03;0,11;44;44;0;10;119;24/nov/25
1020824;MOSTARDA FUGINI BICO 180G;3;6;32;2,06;2,91;2;2,09;1;0,72;28,18;47,58;1,69;10;119;24/nov/25
1020824;MOSTARDA FUGINI BICO 180G;6;6;32;0,5;0,16;1;1,13;0,72;0,43;2,54;18,81;0,56;10;119;24/nov/25
1020824;MOSTARDA FUGINI BICO 180G;13;6;32;1;0,56;0;0,5;0,31;0,42;9,31;9,31;0;10;119;24/nov/25
1020824;MOSTARDA FUGINI BICO 180G;14;6;32;1;0,94;1;0,47;0,5;0,46;14,29;29,52;0,38;10;119;24/nov/25
1020824;MOSTARDA FUGINI BICO 180G;17;6;32;1;0,06;2;1,31;0,56;0,44;1;33;0,75;10;119;24/nov/25
1020824;MOSTARDA FUGINI BICO 180G;18;6;32;1;0,94;1;0,53;0,41;0,44;14,75;30,49;1,13;10;119;24/nov/25
1008140;MOSTARDA HELLMANNS 170G;13;6;24;0,5;0,21;1;0,25;0,21;0,14;10,71;62,14;0;10;119;24/nov/25
1020564;ATUM PEDACOS NAUTIQUE 170G;13;6;24;1;0,83;0;0,25;0,46;0,35;16,67;16,67;5,25;10;120;24/nov/25
1020564;ATUM PEDACOS NAUTIQUE 170G;14;6;24;1;0,83;0;0,33;0,58;0,24;24;24;5,25;10;120;24/nov/25
1020564;ATUM PEDACOS NAUTIQUE 170G;17;6;24;1;0,54;1;0,5;0,75;0,64;5,91;16,82;5,25;10;120;24/nov/25
28333;ATUM RALADO G.COSTA NATURAL 170G;11;6;24;0,75;0,67;0;0;0,33;0,15;32;32;5,25;10;120;24/nov/25
28333;ATUM RALADO G.COSTA NATURAL 170G;13;6;24;1;0,75;0;0,46;0,92;0,59;8,85;8,85;5,25;10;120;24/nov/25
1020563;ATUM RALADO NAUTIQUE EM OLEO 170G;3;6;24;5;5,08;3;3,96;2,29;3,48;10,22;16,26;0;10;120;24/nov/25
1020563;ATUM RALADO NAUTIQUE EM OLEO 170G;4;6;24;3;2,96;0;0,96;0,92;1,36;15,21;15,21;5,25;10;120;24/nov/25
1020563;ATUM RALADO NAUTIQUE EM OLEO 170G;13;6;24;4;2,42;0;1,54;1,13;1,85;9,16;9,16;34,13;10;120;24/nov/25
1020563;ATUM RALADO NAUTIQUE EM OLEO 170G;17;6;24;4;2,54;0;1,33;1,46;1,23;14,52;14,52;10,5;10;120;24/nov/25
1021406;ATUM SOLIDO COQUEIRO EM OLEO 170G;17;6;24;1;0,67;1;0,96;0,83;1,08;4,32;10,81;10,5;10;120;24/nov/25
16088;ATUM SOLIDO G.COSTA  EM OLEO 170G;8;6;24;0,75;0,63;1;0,33;0,04;0,17;26,47;68,82;10,5;10;120;24/nov/25
16088;ATUM SOLIDO G.COSTA  EM OLEO 170G;13;1;24;0,75;0,5;0;0,13;0,25;0,19;18;18;5,25;10;120;24/nov/25
1020566;ATUM SOLIDO NAUTIQUE NATURAL 170G;13;6;24;1;0,96;0;0,46;0,58;0,24;27,6;27,6;10,5;10;120;24/nov/25
1020566;ATUM SOLIDO NAUTIQUE NATURAL 170G;17;6;24;1;2,08;0;0,58;1,33;0,45;32,61;32,61;7,88;10;120;24/nov/25
5036;FEIJOADA ODERICH 420G;17;6;24;1;0,58;0;0,29;0,21;0,16;26,25;26,25;2,33;10;120;24/nov/25
1014141;OVO CODORNA CONS PETRY 130G SH;3;6;12;1;1,5;1;0,92;0,5;0,72;14,59;24,32;1;10;120;24/nov/25
1014141;OVO CODORNA CONS PETRY 130G SH;13;6;12;1;0,75;1;0,5;0,75;0,62;8,44;19,69;1;10;120;24/nov/25
1076;PATE ODERICH CARNE LT 100G;13;6;24;1,5;1,04;0;0,42;0,54;0,46;15,96;15,96;2,5;10;120;24/nov/25
1076;PATE ODERICH CARNE LT 100G;17;6;24;4;0,08;2;4,92;5,13;4,99;0,12;2,92;5;10;120;24/nov/25
5042;PATE ODERICH FRANGO LT 100G;3;6;24;4;4,75;1;0,38;0,46;0,34;97,71;118,29;5;10;120;24/nov/25
1075;PATE ODERICH GALINHA LT 100G;17;6;24;3;2,5;0;1,96;1,83;1,32;13,24;13,24;5;10;120;24/nov/25
6888;PATE ODERICH PERU LT 100G;3;6;24;1;1,96;1;0,21;0,21;0,18;74,21;112,11;5;10;120;24/nov/25
6888;PATE ODERICH PERU LT 100G;17;6;24;4;3,17;0;1,88;2,63;1,98;11,18;11,18;5;10;120;24/nov/25
1436;PATE ODERICH PRESUNTO LT 100G;6;6;24;1;0,75;0;0,25;0,04;0,12;45;45;2,5;10;120;24/nov/25
1436;PATE ODERICH PRESUNTO LT 100G;11;6;24;0,75;0,71;0;0;0,17;0,07;72,86;72,86;2,5;10;120;24/nov/25
1436;PATE ODERICH PRESUNTO LT 100G;13;6;24;1,5;0,54;2;0,46;1;0,57;6,61;31,02;2,5;10;120;24/nov/25
1436;PATE ODERICH PRESUNTO LT 100G;17;6;24;4;2,96;2;1,38;2,54;2,17;9,55;16,01;5;10;120;24/nov/25
1000948;SARDINHA C/OLEO 88 125G;2;6;50;1;0,7;0;0,5;0,42;0,37;13,29;13,29;4,2;10;120;24/nov/25
1000948;SARDINHA C/OLEO 88 125G;4;6;50;1;0,98;0;0,02;0,18;0,21;32,67;32,67;4,2;10;120;24/nov/25
1000948;SARDINHA C/OLEO 88 125G;8;6;50;1;0,88;0;0,16;0,12;0,12;50,77;50,77;4,2;10;120;24/nov/25
1000948;SARDINHA C/OLEO 88 125G;17;6;50;1;0,48;2;0,52;0,78;0,63;5,29;27,35;5,6;10;120;24/nov/25
1020567;SARDINHA C/OLEO NAUTIQUE 125G;7;6;50;1,5;1,24;1;1,06;2,58;1,34;6,46;11,67;22,4;10;120;24/nov/25
1020567;SARDINHA C/OLEO NAUTIQUE 125G;13;6;50;2;1,76;1;1,52;3,34;2,27;5,42;8,5;11,2;10;120;24/nov/25
1002331;SARDINHA C/TOMATE 88 125G;5;6;50;0,52;0,48;0;0,16;0,08;0,13;25,71;25,71;1,4;10;120;24/nov/25
1002331;SARDINHA C/TOMATE 88 125G;11;6;50;1;0,64;0;0,2;0,24;0,34;13,33;13,33;2,8;10;120;24/nov/25
1002331;SARDINHA C/TOMATE 88 125G;13;6;50;1;0,66;0;0,24;0,18;0,22;20,63;20,63;2,8;10;120;24/nov/25
1020706;SARDINHA C/TOMATE NAUTIQUE 125G;3;6;50;2;2,76;1;1,3;2,1;0,98;19,71;26,86;4,2;10;120;24/nov/25
1020706;SARDINHA C/TOMATE NAUTIQUE 125G;13;6;50;1,5;0,98;0;0,64;0,7;0,71;9,67;9,67;5,6;10;120;24/nov/25
1021390;AZEITONA PRETA S/CAROCO NUCETA 100G;17;6;24;0,75;0,63;0;0,13;0;0,1;45;45;2,5;10;121;24/nov/25
9938823;AZEITONA VERDE C/CAROCO VALE FER SH 100G;2;6;24;5;6,63;0;0,92;0,88;0,67;69,13;69,13;4,17;10;121;24/nov/25
9938823;AZEITONA VERDE C/CAROCO VALE FER SH 100G;4;6;24;2;0,92;2;1,54;0,5;0,93;6,88;21,88;2,08;10;121;24/nov/25
9938779;AZEITONA VERDE C/CAROCO VALE FER SH 150G;2;6;24;4;1,13;0;0,38;0,21;0,27;28,93;28,93;1,67;10;121;24/nov/25
9938779;AZEITONA VERDE C/CAROCO VALE FER SH 150G;3;6;24;6,67;0,92;7;0,21;0,46;0,35;18,33;158,33;1,67;10;121;24/nov/25
9938779;AZEITONA VERDE C/CAROCO VALE FER SH 150G;4;6;24;3;1,25;0;0;0,04;0,08;112,5;112,5;0,83;10;121;24/nov/25
9938779;AZEITONA VERDE C/CAROCO VALE FER SH 150G;6;6;24;4;1,75;0;0,38;0,25;0,26;46,67;46,67;2,5;10;121;24/nov/25
9938779;AZEITONA VERDE C/CAROCO VALE FER SH 150G;7;6;24;3;2,5;0;0,08;0,29;0,17;105,88;105,88;2,5;10;121;24/nov/25
9938779;AZEITONA VERDE C/CAROCO VALE FER SH 150G;8;6;24;3;2,08;0;0,13;0;0,18;78,95;78,95;1,67;10;121;24/nov/25
9938779;AZEITONA VERDE C/CAROCO VALE FER SH 150G;11;6;24;5;1,42;1;0,5;0,13;0,19;51;87;2,5;10;121;24/nov/25
9938779;AZEITONA VERDE C/CAROCO VALE FER SH 150G;12;6;24;5;1,75;1;0,71;0,13;0,35;35;55;2,5;10;121;24/nov/25
9938779;AZEITONA VERDE C/CAROCO VALE FER SH 150G;13;6;24;4;2,83;0;0,17;0;0,04;510;510;1,67;10;121;24/nov/25
9938779;AZEITONA VERDE C/CAROCO VALE FER SH 150G;14;6;24;3;2,04;3;0,29;0,13;0,19;73,5;181,5;0,83;10;121;24/nov/25
9938779;AZEITONA VERDE C/CAROCO VALE FER SH 150G;17;6;24;4;2,63;0;0,38;0,04;0,38;48,46;48,46;3,33;10;121;24/nov/25
9938779;AZEITONA VERDE C/CAROCO VALE FER SH 150G;18;6;24;5;2,13;1;0,63;0,38;0,53;28,33;41,67;3,33;10;121;24/nov/25
1012987;AZEITONA VERDE FATIADA UNIAGRO 100G;11;6;24;2;0,38;3;0,88;1,13;0,6;4,35;39,19;0;10;121;24/nov/25
1012987;AZEITONA VERDE FATIADA UNIAGRO 100G;13;6;24;1,5;1,21;0;0,42;0,5;0,77;11,01;11,01;0;10;121;24/nov/25
9938793;AZEITONA VERDE FATIADA VALE FERT SH 120G;3;6;24;2,33;3,04;1;0,92;0,83;0,45;47,61;63,26;3,33;10;121;24/nov/25
9938793;AZEITONA VERDE FATIADA VALE FERT SH 120G;3;6;24;2,33;3,04;1;0,92;0,83;0,45;47,61;63,26;3,33;10;121;24/nov/25
9938793;AZEITONA VERDE FATIADA VALE FERT SH 120G;17;6;24;1,5;-0,04;2;1,04;0,83;0,48;-0,61;28,78;2,5;10;121;24/nov/25
9938793;AZEITONA VERDE FATIADA VALE FERT SH 120G;18;6;24;0,5;0,33;1;0,29;0,25;0,14;17,14;68,57;1,25;10;121;24/nov/25
134576;AZEITONA VERDE LIGHT VALE FERTIL SH 150G;3;6;24;1;1,04;5;0,04;0;0,06;125;725;5;10;121;24/nov/25
134576;AZEITONA VERDE LIGHT VALE FERTIL SH 150G;4;6;24;0,5;0,08;1;0;0,04;0,06;10;130;0,83;10;121;24/nov/25
134576;AZEITONA VERDE LIGHT VALE FERTIL SH 150G;5;6;24;0,5;0;1;0;0;0,01;0;720;0,83;10;121;24/nov/25
134576;AZEITONA VERDE LIGHT VALE FERTIL SH 150G;7;6;24;0,67;0,58;0;0,04;0,17;0,09;46,67;46,67;2,5;10;121;24/nov/25
134576;AZEITONA VERDE LIGHT VALE FERTIL SH 150G;12;6;24;0,67;0;2;0,04;0,04;0,06;0;240;1,67;10;121;24/nov/25
9938786;AZEITONA VERDE RECHEADA VALE FER SH 150G;2;6;24;2;0,63;2;0,04;0;0,02;225;945;1,67;10;121;24/nov/25
9938786;AZEITONA VERDE RECHEADA VALE FER SH 150G;3;6;24;3;3,83;2;0,25;0,21;0,43;62,73;95,45;2,5;10;121;24/nov/25
9938786;AZEITONA VERDE RECHEADA VALE FER SH 150G;3;6;24;3;3,83;2;0,25;0,21;0,43;62,73;95,45;2,5;10;121;24/nov/25
9938786;AZEITONA VERDE RECHEADA VALE FER SH 150G;6;6;24;1,5;1,13;0;0,08;0;0,02;405;405;1,67;10;121;24/nov/25
9938786;AZEITONA VERDE RECHEADA VALE FER SH 150G;11;6;24;2;1,04;0;0,13;0;0,06;125;125;2,5;10;121;24/nov/25
9938786;AZEITONA VERDE RECHEADA VALE FER SH 150G;13;6;24;2;1,75;0;0,25;0;0,06;210;210;1,67;10;121;24/nov/25
9938786;AZEITONA VERDE RECHEADA VALE FER SH 150G;14;6;24;1,5;0,71;2;0,5;0,29;0,24;20,4;78;0,83;10;121;24/nov/25
9938786;AZEITONA VERDE RECHEADA VALE FER SH 150G;17;6;24;2;1,63;0;0,29;0;0,07;167,14;167,14;2,5;10;121;24/nov/25
1021382;AZEITONA VERDE S/CAROCO NUCETE 100G;3;6;24;2;2,54;1;0,71;0,33;0,53;33,27;46,36;0;10;121;24/nov/25
1021382;AZEITONA VERDE S/CAROCO NUCETE 100G;3;6;24;2;2,54;1;0,71;0,33;0,53;33,27;46,36;0;10;121;24/nov/25
9938762;AZEITONA VERDE S/CAROCO VALE.FER SH 120G;2;6;24;5;1,75;0;0,33;0,17;0,28;43,45;43,45;3,33;10;121;24/nov/25
9938762;AZEITONA VERDE S/CAROCO VALE.FER SH 120G;3;6;24;7,5;8,04;3;0,96;0,88;0,82;68,93;94,64;5,83;10;121;24/nov/25
9938762;AZEITONA VERDE S/CAROCO VALE.FER SH 120G;3;6;24;7,5;8,04;3;0,96;0,88;0,82;68,93;94,64;5,83;10;121;24/nov/25
9938762;AZEITONA VERDE S/CAROCO VALE.FER SH 120G;4;6;24;3;1,17;0;0,04;0,46;0,45;18,26;18,26;1,67;10;121;24/nov/25
9938762;AZEITONA VERDE S/CAROCO VALE.FER SH 120G;5;6;24;3;1,92;0;0,08;0;0,02;690;690;3,33;10;121;24/nov/25
9938762;AZEITONA VERDE S/CAROCO VALE.FER SH 120G;6;6;24;4;1,54;0;0,25;0,79;0,36;30;30;3,33;10;121;24/nov/25
9938762;AZEITONA VERDE S/CAROCO VALE.FER SH 120G;7;6;24;3;1,33;0;0,21;0,17;0,41;22,86;22,86;3,33;10;121;24/nov/25
9938762;AZEITONA VERDE S/CAROCO VALE.FER SH 120G;8;6;24;3;2;2;0,13;0,08;0,05;288;576;3,33;10;121;24/nov/25
9938762;AZEITONA VERDE S/CAROCO VALE.FER SH 120G;11;6;24;4;0,5;4;0,25;0,29;0,26;13,33;120;5;10;121;24/nov/25
9938762;AZEITONA VERDE S/CAROCO VALE.FER SH 120G;13;6;24;4;2,25;0;0,75;0;0,4;39,51;39,51;3,33;10;121;24/nov/25
9938762;AZEITONA VERDE S/CAROCO VALE.FER SH 120G;14;6;24;3;2;3;0,04;0,42;0,56;24,83;62,07;1,67;10;121;24/nov/25
9938762;AZEITONA VERDE S/CAROCO VALE.FER SH 120G;17;6;24;4;2,63;0;0,71;1,83;1,58;11,67;11,67;5;10;121;24/nov/25
1018870;AZEITONA VERDE VALE FERTIL SH 500G;2;6;12;2;1,5;0;0,08;0,08;0,08;135;135;2;10;121;24/nov/25
1018870;AZEITONA VERDE VALE FERTIL SH 500G;3;6;12;4;4,5;2;0;0;0,02;1.620,00;2.340,00;0;10;121;24/nov/25
1018870;AZEITONA VERDE VALE FERTIL SH 500G;3;6;12;4;4,5;2;0;0;0,02;1.620,00;2.340,00;0;10;121;24/nov/25
1018870;AZEITONA VERDE VALE FERTIL SH 500G;6;6;12;2;1,83;0;0,17;0;0,04;330;330;0;10;121;24/nov/25
1018870;AZEITONA VERDE VALE FERTIL SH 500G;11;6;12;2;1,92;0;0,08;0;0,02;690;690;0;10;121;24/nov/25
1018870;AZEITONA VERDE VALE FERTIL SH 500G;17;6;12;1,5;0,67;2;0,83;0,5;0,31;15;60;0;10;121;24/nov/25
1018870;AZEITONA VERDE VALE FERTIL SH 500G;18;6;12;2;1,92;0;0;0,08;0,02;690;690;1,5;10;121;24/nov/25
1018871;AZEITONA VERDE VALE FERTIL VD 500G;3;6;12;2;3,25;2;0,17;0,25;0,12;195;315;0;10;121;24/nov/25
1018871;AZEITONA VERDE VALE FERTIL VD 500G;14;6;12;1;1,92;0;0,08;0;0,08;172,5;172,5;0;10;121;24/nov/25
1019828;BETERRABA CONS JUREIA 300G;14;6;6;0,5;0,17;1;0,33;0,17;0,16;7,5;52,5;0;10;121;24/nov/25
1019831;CEBOLA CONS JUREIA TINTO 300G;17;6;6;0,67;0,5;1;0,33;0,67;0,31;11,25;33,75;1,17;10;121;24/nov/25
134705;COGUMELO ADIGEL FAT SH 100G;2;6;12;1,5;1,42;0;0,33;0,25;0,35;28,33;28,33;3,33;10;121;24/nov/25
134705;COGUMELO ADIGEL FAT SH 100G;3;6;12;3;2;2;1;1,42;1,21;11,61;23,23;3,33;10;121;24/nov/25
134705;COGUMELO ADIGEL FAT SH 100G;18;6;12;2,33;2,25;0;0,17;0,25;0,31;50,63;50,63;3,33;10;121;24/nov/25
1013908;DUETO MILHO/ERVILHA FUGINI SH 170G;6;6;36;6;3,19;2;5,89;5,22;5,09;4,39;7,15;1,33;10;121;24/nov/25
37181;DUETO MILHO/ERVILHA ODERICH LT 200G;2;1;24;5;4,04;0;2,04;2,42;2,89;9,8;9,8;6;10;121;24/nov/25
37181;DUETO MILHO/ERVILHA ODERICH LT 200G;6;1;24;5;3,58;2;2,58;2,67;3,6;6,97;10,86;6;10;121;24/nov/25
37181;DUETO MILHO/ERVILHA ODERICH LT 200G;13;1;24;5;2,92;3;3,08;3,25;4,18;4,88;9,91;6;10;121;24/nov/25
37181;DUETO MILHO/ERVILHA ODERICH LT 200G;17;1;24;7,17;4,83;5;5,04;5,71;6,28;5,39;10,96;6;10;121;24/nov/25
1019183;DUETO MILHO/ERVILHA OLE LT 170G;13;6;24;3;2,13;2;0,88;1,75;1,7;8,74;16,97;2;10;121;24/nov/25
1019183;DUETO MILHO/ERVILHA OLE LT 170G;17;6;24;5;4,04;2;1,83;3,25;3,06;9,24;13,81;2;10;121;24/nov/25
1013909;ERVILHA FUGINI SH 170G;2;6;36;5,67;4,19;0;0,94;1,72;2,33;12,62;12,62;1,67;10;121;24/nov/25
1013909;ERVILHA FUGINI SH 170G;5;6;36;3,33;2,75;0;0,53;1,47;1,36;14,14;14,14;0,67;10;121;24/nov/25
1013909;ERVILHA FUGINI SH 170G;7;6;36;5,78;4,72;0;0,92;1,92;1,81;18,28;18,28;5;10;121;24/nov/25
1013909;ERVILHA FUGINI SH 170G;8;6;36;5;5,58;1;0,61;1,83;1,88;20,79;24,52;1,33;10;121;24/nov/25
1013909;ERVILHA FUGINI SH 170G;11;6;36;10,11;8,56;0;1,53;2,75;2,95;20,31;20,31;1;10;121;24/nov/25
1013909;ERVILHA FUGINI SH 170G;12;6;36;9,33;8,36;0;1,14;1,72;3,93;14,9;14,9;2;10;121;24/nov/25
1013909;ERVILHA FUGINI SH 170G;13;6;36;5,72;4,28;0;0,94;1,75;2,26;13,28;13,28;3,33;10;121;24/nov/25
1013909;ERVILHA FUGINI SH 170G;17;6;36;3,89;1,81;3;1,47;3,19;2,52;5,01;13,34;5;10;121;24/nov/25
1038;ERVILHA ODERICH LT 200G;13;6;24;5;3,04;3;3,42;3,04;4,03;5,28;10,48;5;10;121;24/nov/25
1038;ERVILHA ODERICH LT 200G;17;6;24;4;0,5;2;4,92;4,42;5,77;0,61;3,04;8;10;121;24/nov/25
1019189;ERVILHA OLE LT 170G;5;6;24;8,33;14,04;0;5,38;3,21;5,8;16,93;16,93;3;10;121;24/nov/25
1000880;FEIJAO PRETO ODERICH LT 420G;17;6;24;1,33;1,08;0;0,17;0,17;0,19;39;39;2,33;10;121;24/nov/25
1024533;GRAO DE BICO SALSARETTI LT 170G;14;6;24;0,5;1;0;0;0;0;;;0;10;121;24/nov/25
1024533;GRAO DE BICO SALSARETTI LT 170G;17;6;24;1;0;2;0;0;0;;;0;10;121;24/nov/25
1019187;MILHO VERDE  OLE LT 170G;7;6;24;3;1,67;0;1,38;0,67;0,61;19,05;19,05;9,33;10;121;24/nov/25
1019187;MILHO VERDE  OLE LT 170G;11;6;24;5;2,42;4;2,88;3,46;2,8;6,04;16,04;5,33;10;121;24/nov/25
1019187;MILHO VERDE  OLE LT 170G;13;6;24;3,67;2,13;0;1,29;1,75;1,1;13,54;13,54;4,67;10;121;24/nov/25
1019187;MILHO VERDE  OLE LT 170G;17;6;24;6;4,67;0;2,33;3,58;2,42;13,49;13,49;9,33;10;121;24/nov/25
9915;MILHO VERDE ODERICH LT 200G;3;6;24;30;29,88;1;2,29;3;3,46;60,42;62,44;12;10;121;24/nov/25
9915;MILHO VERDE ODERICH LT 200G;5;6;24;4;3,71;0;1,33;0,63;1,19;21,89;21,89;5,33;10;121;24/nov/25
9915;MILHO VERDE ODERICH LT 200G;7;6;24;4;3,83;0;1,04;1,54;1,71;15,68;15,68;12;10;121;24/nov/25
9915;MILHO VERDE ODERICH LT 200G;13;6;24;10;6,67;0;2,63;2,04;2,95;15,84;15,84;6;10;121;24/nov/25
9915;MILHO VERDE ODERICH LT 200G;17;6;24;7,5;5,63;3;3,54;4,29;4,39;8,96;13,74;12;10;121;24/nov/25
147606;PEPINO CONS ADIGEL VD 300G;11;6;15;0,8;0,67;0;0,33;0;0,11;42,86;42,86;0,93;10;121;24/nov/25
1004875;PEPINO CONS CASAGRANDE VD 300G;13;6;15;1;0,73;1;0,93;1;1,87;2,75;6,5;0,93;10;121;24/nov/25
1014140;PEPINO CONS DA SERRA SH150G;1;6;12;0,83;0,17;1;0,58;0,5;0,43;2,73;19,09;2,33;10;121;24/nov/25
1014140;PEPINO CONS DA SERRA SH150G;3;6;12;2;3,08;3;4,92;1,08;3,23;6,69;13,19;16,33;10;121;24/nov/25
1014140;PEPINO CONS DA SERRA SH150G;6;6;12;1,25;1,08;1;1,58;1,33;1,15;6,61;12,71;3,5;10;121;24/nov/25
1014140;PEPINO CONS DA SERRA SH150G;7;6;12;1;0,92;1;0,67;1,5;1,05;6,11;12,78;3,5;10;121;24/nov/25
1014140;PEPINO CONS DA SERRA SH150G;11;6;12;1,5;0,67;2;0,75;1,33;0,74;6,32;25,26;3,5;10;121;24/nov/25
1014140;PEPINO CONS DA SERRA SH150G;13;6;12;1;0,5;1;1;0,5;0,74;4,74;14,21;2,33;10;121;24/nov/25
1014140;PEPINO CONS DA SERRA SH150G;18;6;12;1,5;1;3;2;2,33;1,87;3,75;15;2,33;10;121;24/nov/25
1009702;PEPINO CONS DA SERRA VD 300G;5;6;15;10;3,67;0;1,93;5,6;1,98;12,99;12,99;0,93;10;121;24/nov/25
1009702;PEPINO CONS DA SERRA VD 300G;6;6;15;14;3,73;16;2;6,33;2,4;10,91;57,66;0,93;10;121;24/nov/25
1009702;PEPINO CONS DA SERRA VD 300G;7;6;15;10;1,73;10;1,2;2,93;1,21;10;67,69;0,93;10;121;24/nov/25
1009702;PEPINO CONS DA SERRA VD 300G;8;6;15;10;6,8;0;1,07;2,87;0,98;48,57;48,57;0,93;10;121;24/nov/25
1009702;PEPINO CONS DA SERRA VD 300G;13;6;15;12;7,2;0;0,67;5,93;1,66;30,28;30,28;0,93;10;121;24/nov/25
1009702;PEPINO CONS DA SERRA VD 300G;17;6;15;10;6,07;0;2,87;5,07;2,74;15,51;15,51;1,87;10;121;24/nov/25
1007704;PEPINO CONS ODERICH TRAD VD 300G;11;6;15;0,93;0,8;0;0,8;1,07;0,53;10,59;10,59;1,87;10;121;24/nov/25
1007704;PEPINO CONS ODERICH TRAD VD 300G;17;6;15;1,73;0,93;2;0,8;1,2;0,95;6,89;21,64;1,87;10;121;24/nov/25
1017239;PEPINO CONS PETRY TRAD VD 300G;13;6;15;0,53;0,47;0;0,27;0,07;0,17;19,09;19,09;0,93;10;121;24/nov/25
1013915;SELETA LEG FUGINI 170G;11;6;36;1;0,5;1;0,61;0,67;0,38;9,15;27,46;0,33;10;121;24/nov/25
1013915;SELETA LEG FUGINI 170G;13;6;36;1;0,97;0;0,31;0,06;0,17;40,38;40,38;1,33;10;121;24/nov/25
1013915;SELETA LEG FUGINI 170G;17;6;36;1;0,5;1;0,83;0,67;0,62;5,63;16,88;2;10;121;24/nov/25
1019876;TOMATE SECO CONS JUREIA 200G;4;6;12;0,5;0;1;0;0;0;;;1,67;10;121;24/nov/25
1019876;TOMATE SECO CONS JUREIA 200G;6;6;12;0,67;0,58;1;0;0;0,02;210;570;0;10;121;24/nov/25
1007400;BISC MUCILON LANCHINHO LAR/BAN 35G;11;6;15;1;0,8;0;0,13;0,27;0,28;20;20;3,33;10;122;24/nov/25
1007400;BISC MUCILON LANCHINHO LAR/BAN 35G;14;6;15;1;1,8;0;0,07;0,27;0,09;135;135;3,33;10;122;24/nov/25
1013993;BISC MUCILON LANCHINHO TOMATE 35G;6;6;15;1,33;0,73;2;0,13;0,4;0,3;17,37;64,74;10;10;122;24/nov/25
1013993;BISC MUCILON LANCHINHO TOMATE 35G;14;6;15;0,53;0,4;1;0,27;0,47;0,34;8,18;28,64;3,33;10;122;24/nov/25
1019790;AZEITE DENDE TRISANTI 200ML;3;6;6;2;3,5;2;1,17;1,33;0,82;30;47,14;5,33;10;123;24/nov/25
1019790;AZEITE DENDE TRISANTI 200ML;17;6;6;1;0,83;0;0,33;0;0,08;75;75;2,67;10;123;24/nov/25
1009771;AZEITE OLIVA BORGES EXT VIRG 250ML;3;6;12;8;8,58;1;1,33;3,42;2,84;21,16;23,63;4;10;123;24/nov/25
1009770;AZEITE OLIVA BORGES EXT VIRG 500ML;6;6;12;3;2,92;0;0,5;0,33;0,49;42;42;2;10;123;24/nov/25
1009770;AZEITE OLIVA BORGES EXT VIRG 500ML;17;6;12;4;0,83;4;2;2,33;3,33;1,75;10,18;6,67;10;123;24/nov/25
138765;AZEITE OLIVA COCINERO EXT VIRG 250ML;2;6;12;4;3,58;0;0,75;0,92;0,72;34,86;34,86;4;10;123;24/nov/25
138765;AZEITE OLIVA COCINERO EXT VIRG 250ML;3;6;12;8;8,92;4;3,58;1,17;1,34;46,52;67,39;4;10;123;24/nov/25
138765;AZEITE OLIVA COCINERO EXT VIRG 250ML;4;6;12;2;1;2;1,17;0,75;0,7;10;30;2;10;123;24/nov/25
138765;AZEITE OLIVA COCINERO EXT VIRG 250ML;5;6;12;2;1,58;0;0,33;0,08;0,12;95;95;1,33;10;123;24/nov/25
138765;AZEITE OLIVA COCINERO EXT VIRG 250ML;7;6;12;2;1,67;0;0,5;0,33;0,33;35,29;35,29;6;10;123;24/nov/25
138765;AZEITE OLIVA COCINERO EXT VIRG 250ML;8;6;12;2;1,92;0;0,58;0,42;0,25;53,08;53,08;0,67;10;123;24/nov/25
138765;AZEITE OLIVA COCINERO EXT VIRG 250ML;12;6;12;6;4,33;0;1,33;1,08;1,05;28,89;28,89;4;10;123;24/nov/25
138765;AZEITE OLIVA COCINERO EXT VIRG 250ML;13;6;12;4;3,33;0;0,92;0,42;0,53;44,44;44,44;2;10;123;24/nov/25
138765;AZEITE OLIVA COCINERO EXT VIRG 250ML;14;6;12;4;2,58;2;0,75;1,75;1,01;17,88;31,73;2;10;123;24/nov/25
138765;AZEITE OLIVA COCINERO EXT VIRG 250ML;17;6;12;6;4;0;2,75;2,92;1,83;15,32;15,32;2,67;10;123;24/nov/25
138765;AZEITE OLIVA COCINERO EXT VIRG 250ML;18;6;12;6;5,08;0;0,67;1,67;0,74;48,16;48,16;4;10;123;24/nov/25
54987;AZEITE OLIVA COCINERO EXT VIRG 500G;3;6;12;10;10,42;2;1,67;1,08;1,44;50,68;60,41;2,67;10;123;24/nov/25
54987;AZEITE OLIVA COCINERO EXT VIRG 500G;4;6;12;2;1,5;0;0,58;0,17;0,27;38,57;38,57;1,33;10;123;24/nov/25
54987;AZEITE OLIVA COCINERO EXT VIRG 500G;6;6;12;5;4,75;0;0,42;0,08;0,19;171;171;1,33;10;123;24/nov/25
54987;AZEITE OLIVA COCINERO EXT VIRG 500G;8;6;12;2;1,25;0;1,17;0,33;0,49;18;18;1,33;10;123;24/nov/25
54987;AZEITE OLIVA COCINERO EXT VIRG 500G;13;6;12;4;3,75;0;1;0,75;0,95;27,55;27,55;1,33;10;123;24/nov/25
54987;AZEITE OLIVA COCINERO EXT VIRG 500G;14;6;12;4;3,33;0;0,92;0,42;0,82;28,57;28,57;1,33;10;123;24/nov/25
54987;AZEITE OLIVA COCINERO EXT VIRG 500G;17;6;12;6;3,92;3;2,25;3,75;2,78;9,86;17,41;2,67;10;123;24/nov/25
1014149;OLEO ALGODAO LIZA TP1 900ML;4;6;20;0,5;0,45;0;0,15;0,05;0,12;27;27;0,7;10;123;24/nov/25
1009628;OLEO C/MANJERICAO SINHA 250ML;13;6;12;1;0,42;2;0,75;0,42;0,35;8,33;48,33;1,17;10;123;24/nov/25
1019832;OLEO COCO NUTRISANTI 200ML;3;6;8;3;3,88;1;0,25;0,38;0,32;84,55;106,36;13;10;123;24/nov/25
1019832;OLEO COCO NUTRISANTI 200ML;17;6;8;3;2,63;0;0,88;1;0,73;25,2;25,2;6,5;10;123;24/nov/25
1008164;OLEO MARIA COMPOSTO TRAD 500ML;17;6;20;1,5;1,15;0;0,25;1,65;0,68;11,9;11,9;0,7;10;123;24/nov/25
31134;OLEO MILHO LIZA 900ML;13;6;20;1,5;1,1;0;0,05;0,4;0,32;24,44;24,44;1,05;10;123;24/nov/25
31134;OLEO MILHO LIZA 900ML;17;6;20;3;2,5;0;0,4;0,95;0,85;20,55;20,55;2,1;10;123;24/nov/25
1013812;OLEO MILHO MAZOLA 900ML;17;6;20;1;0,8;0;0,45;0,35;0,26;21,82;21,82;1,4;10;123;24/nov/25
8000501;OLEO MILHO SINHA 900ML;3;6;20;1;1,85;1;0,35;0,4;0,28;46,25;71,25;1,2;10;123;24/nov/25
8000501;OLEO MILHO SINHA 900ML;7;6;20;1;0,9;0;0,05;0,05;0,04;180;180;0,9;10;123;24/nov/25
1009630;OLEO SINHA TRAD 500ML;17;6;12;1,5;0,33;2;1,17;0,67;1,07;2,18;15,27;1,17;10;123;24/nov/25
9921740;OLEO SOJA SOYA PT 900ML;18;6;20;30;67,25;20;54,3;5;17,01;27,67;35,91;56;10;123;24/nov/25
1014322;ARROZ BCO ALEGRETE TP1 5KG;13;6;6;10;0,5;11,83;20,33;4,67;13,77;0,25;6,27;4,67;10;124;24/nov/25
1014322;ARROZ BCO ALEGRETE TP1 5KG;18;6;6;20;10,33;11,83;36,83;24,33;24,69;2,93;6,28;9,33;10;124;24/nov/25
1006959;ARROZ BCO ARROZAL TP1 1KG;11;6;30;0,5;0,43;0;0,2;0,13;0,15;20,53;20,53;2,4;10;124;24/nov/25
1012034;ARROZ BCO ARROZAL TP1 5KG;11;6;6;4;3,33;0;0,67;0,83;1,01;23,08;23,08;4,67;10;124;24/nov/25
1020055;ARROZ BCO BLUECHEFF TP1 5KG;7;6;6;25;24;6;6,5;21,33;24,34;6,9;8,63;18,67;10;124;24/nov/25
1021583;ARROZ BCO BOM GOSTO TP1 5KG;1;6;6;10;6,33;3;7,33;6;4,43;10;14,74;9,33;10;124;24/nov/25
1021583;ARROZ BCO BOM GOSTO TP1 5KG;3;6;6;30;37,5;16;37,17;23,67;26,95;9,74;13,9;9,33;10;124;24/nov/25
1021583;ARROZ BCO BOM GOSTO TP1 5KG;7;6;6;10;6;9;19,17;12,17;12,41;3,39;8,46;9,33;10;124;24/nov/25
1021583;ARROZ BCO BOM GOSTO TP1 5KG;13;6;6;20;0,5;9;30;30,33;22,75;0,15;2,92;4,67;10;124;24/nov/25
1021583;ARROZ BCO BOM GOSTO TP1 5KG;17;6;6;10;3,67;7;11,83;11,83;9,57;2,68;7,8;9,33;10;124;24/nov/25
1021583;ARROZ BCO BOM GOSTO TP1 5KG;18;6;6;10;6,17;5;26,83;9,83;12,09;3,57;6,46;9,33;10;124;24/nov/25
1021583;ARROZ BCO BOM GOSTO TP1 5KG;18;6;6;10;6,17;5;26,83;9,83;12,09;3,57;6,46;9,33;10;124;24/nov/25
18994;ARROZ BCO JATAI TP3 2KG;7;6;15;2;1,73;0;0,87;0,73;0,81;15;15;2;10;124;24/nov/25
18994;ARROZ BCO JATAI TP3 2KG;8;6;15;1,33;1,13;1;0,73;0,8;0,79;10;18,82;2;10;124;24/nov/25
9915411;ARROZ BCO JATAI TP3 5KG;2;6;6;4;2,83;0;1,5;0,83;1,32;15;15;4,67;10;124;24/nov/25
9915411;ARROZ BCO JATAI TP3 5KG;3;6;6;8;8,83;2;1,33;1;1,09;56,79;69,64;4,67;10;124;24/nov/25
9915411;ARROZ BCO JATAI TP3 5KG;8;6;6;2;1,5;0;0,5;0,67;0,31;33,75;33,75;4,67;10;124;24/nov/25
9915411;ARROZ BCO JATAI TP3 5KG;14;6;6;10;9,5;0;0,33;1,17;0,74;90;90;4,67;10;124;24/nov/25
1013764;ARROZ BCO OESTE TP1 2KG;17;6;15;4;2,8;0;1,53;2,13;1,66;11,78;11,78;6;10;124;24/nov/25
1019179;ARROZ BCO PAMPEANO TP1 1KG;2;6;30;1;0,97;0;0,07;0,07;0,22;31,07;31,07;1,6;10;124;24/nov/25
1019179;ARROZ BCO PAMPEANO TP1 1KG;12;6;30;1;0,9;0;0,53;0,47;0,45;13,97;13,97;4,8;10;124;24/nov/25
1019179;ARROZ BCO PAMPEANO TP1 1KG;17;6;30;2;1,73;0;0,43;1,03;1,04;11,64;11,64;16;10;124;24/nov/25
1019178;ARROZ BCO PAMPEANO TP1 5KG;5;6;6;10;7,5;3;9,33;0,5;3,62;14,52;20,32;9,33;10;124;24/nov/25
16387;ARROZ BCO PILECCO TP1 5KG;3;6;6;5;6,17;2;1,5;3;2,45;17,62;23,33;1,33;10;124;24/nov/25
16387;ARROZ BCO PILECCO TP1 5KG;13;6;6;10;5,5;5;5,67;7,67;7,16;5,38;10,27;4,67;10;124;24/nov/25
16387;ARROZ BCO PILECCO TP1 5KG;18;6;6;2;1,67;4;1,33;3,33;2,92;4;13,6;9,33;10;124;24/nov/25
9999572;ARROZ BCO PRATO FINO TP1 1KG;11;6;10;3;1,8;2;1,2;1,2;1;12,56;26,51;7,2;10;124;24/nov/25
9970984;ARROZ BCO PRATO FINO TP1 2KG;3;6;5;4;5,2;2;2,8;2,2;1,49;24,38;33,75;6;10;124;24/nov/25
9970984;ARROZ BCO PRATO FINO TP1 2KG;4;6;5;2;1,8;0;0,6;0,2;0,28;45;45;0,6;10;124;24/nov/25
9970984;ARROZ BCO PRATO FINO TP1 2KG;11;6;5;3;1,4;2;1,6;1;0,89;11,05;26,84;3;10;124;24/nov/25
9970984;ARROZ BCO PRATO FINO TP1 2KG;12;6;5;6;15,8;0;3,6;6;4,62;23,94;23,94;12;10;124;24/nov/25
9970977;ARROZ BCO PRATO FINO TP1 5KG;3;6;6;2;2,83;1;0,5;0,5;0,47;42,5;57,5;4,67;10;124;24/nov/25
9970977;ARROZ BCO PRATO FINO TP1 5KG;12;6;6;6;14,17;0;3,83;3;3,97;25;25;9,33;10;124;24/nov/25
9970977;ARROZ BCO PRATO FINO TP1 5KG;13;6;6;2;1,83;0;0,5;1,17;0,66;19,41;19,41;4,67;10;124;24/nov/25
17176;ARROZ BCO REQUINTE TP1 2KG;1;6;15;1,33;1,2;1;2,13;1;1,31;6,43;11,79;3;10;124;24/nov/25
17176;ARROZ BCO REQUINTE TP1 2KG;4;6;15;4;3;2;4,6;2,47;4,26;4,93;8,21;2;10;124;24/nov/25
17176;ARROZ BCO REQUINTE TP1 2KG;7;6;15;4;2,8;2;3,8;3,2;3,42;5,73;9,82;5;10;124;24/nov/25
17176;ARROZ BCO REQUINTE TP1 2KG;17;6;15;6;4;3;4,13;5,6;3,19;8,78;15,37;24;10;124;24/nov/25
17177;ARROZ BCO REQUINTE TP1 5KG;3;6;6;30;29,67;12;38,33;36,33;41,53;5;7,02;23,33;10;124;24/nov/25
17177;ARROZ BCO REQUINTE TP1 5KG;5;6;6;16;4;12;14;14,5;16,02;1,75;6,99;18,67;10;124;24/nov/25
17177;ARROZ BCO REQUINTE TP1 5KG;7;6;6;16;4;12;13,67;18,17;17,58;1,59;6,37;18,67;10;124;24/nov/25
17177;ARROZ BCO REQUINTE TP1 5KG;8;6;6;8;0,17;12;8,5;5,83;9,02;0,13;9,44;9,33;10;124;24/nov/25
1000977;ARROZ BCO SABOROSO TP1 1KG;6;6;30;2;1,73;0;1,47;0,37;0,68;17,73;17,73;4,8;10;124;24/nov/25
1000977;ARROZ BCO SABOROSO TP1 1KG;7;6;30;2;0,47;3;2,07;1,47;1,34;2,44;18,14;4,8;10;124;24/nov/25
1000977;ARROZ BCO SABOROSO TP1 1KG;11;6;30;2;0,7;2;1,27;0,77;0,91;5,38;20,77;4,8;10;124;24/nov/25
1000977;ARROZ BCO SABOROSO TP1 1KG;17;6;30;2;0,97;2;1,07;0,83;0,79;8,61;26,44;8;10;124;24/nov/25
1000975;ARROZ BCO SABOROSO TP1 2KG;2;6;15;3;1,53;2;1,27;1,6;1,82;5,9;13,59;6;10;124;24/nov/25
1000975;ARROZ BCO SABOROSO TP1 2KG;3;6;15;6;6,93;4;3,53;4,6;4,23;11,47;18,09;6;10;124;24/nov/25
1000975;ARROZ BCO SABOROSO TP1 2KG;4;6;15;3;2,13;2;1,87;1,93;2,02;7,38;14,31;2;10;124;24/nov/25
1000975;ARROZ BCO SABOROSO TP1 2KG;7;6;15;2;1,6;0;1,6;0,4;1,26;8,89;8,89;3;10;124;24/nov/25
1000975;ARROZ BCO SABOROSO TP1 2KG;8;6;15;2;2,6;1;1,73;1,33;1,24;14,63;20,25;3;10;124;24/nov/25
1000975;ARROZ BCO SABOROSO TP1 2KG;12;6;15;3;1,47;2;1;1,8;1,51;6,8;16,08;4;10;124;24/nov/25
1000975;ARROZ BCO SABOROSO TP1 2KG;13;6;15;3;1,2;3;2;1,73;1,74;4,82;16,88;3;10;124;24/nov/25
1000975;ARROZ BCO SABOROSO TP1 2KG;17;6;15;2;0,2;3;3,2;2,27;2,49;0,56;9;6;10;124;24/nov/25
1000975;ARROZ BCO SABOROSO TP1 2KG;18;6;15;5;2;3;5,6;5,67;4,39;3,19;7,98;6;10;124;24/nov/25
1000975;ARROZ BCO SABOROSO TP1 2KG;18;6;15;5;2;3;5,6;5,67;4,39;3,19;7,98;6;10;124;24/nov/25
53444;ARROZ BCO SANO OURO TP1 2KG;4;6;15;1,33;1,27;1;0,73;1,53;1,28;6,95;12,44;1;10;124;24/nov/25
53444;ARROZ BCO SANO OURO TP1 2KG;5;6;15;1,33;0,93;1;1,2;1,13;0,84;7,78;16,11;3;10;124;24/nov/25
53444;ARROZ BCO SANO OURO TP1 2KG;7;6;15;1,33;0,8;1;1,07;1;0,89;6,32;14,21;2;10;124;24/nov/25
53444;ARROZ BCO SANO OURO TP1 2KG;8;6;15;1;0,8;1;0,6;0,93;0,81;6,92;15,58;1;10;124;24/nov/25
53444;ARROZ BCO SANO OURO TP1 2KG;17;6;15;1;0,87;0;0,8;0,2;0,61;10;10;3;10;124;24/nov/25
41891;ARROZ BCO SANO OURO TP1 5KG;2;6;6;3;2,5;1;1,83;3;3,31;5,29;7,41;4,67;10;124;24/nov/25
41891;ARROZ BCO SANO OURO TP1 5KG;17;6;6;2;1,67;0;0,33;0,5;0,78;15;15;4,67;10;124;24/nov/25
1011424;ARROZ BCO SANO TP1 1KG;4;6;30;3;1,47;3;3,17;1,2;1,9;5,41;16,48;1,6;10;124;24/nov/25
1011424;ARROZ BCO SANO TP1 1KG;8;6;30;1;0,8;1;0,7;0,57;0,57;9,86;22,19;3,2;10;124;24/nov/25
1017352;ARROZ BCO TRIVIAL TP2 2KG;2;6;15;2;1,73;0;0,07;0,6;0,37;32,5;32,5;2;10;124;24/nov/25
1017352;ARROZ BCO TRIVIAL TP2 2KG;6;6;15;2;1,8;0;0,07;0,33;0,26;47,65;47,65;1;10;124;24/nov/25
1017351;ARROZ BCO TRIVIAL TP2 5KG;2;6;6;5;4,17;0;1,67;0,33;0,97;30;30;4,67;10;124;24/nov/25
1017351;ARROZ BCO TRIVIAL TP2 5KG;8;6;6;3;2,5;0;0,83;0,33;0,54;32,14;32,14;4,67;10;124;24/nov/25
1017351;ARROZ BCO TRIVIAL TP2 5KG;17;6;6;3;2,67;0;0,5;0,67;0,93;20;20;9,33;10;124;24/nov/25
25324;ARROZ INTEGRAL PRATO FINO 1KG;3;6;10;3;2,1;1;1,1;0,8;1,47;10;14,76;2,4;10;124;24/nov/25
25324;ARROZ INTEGRAL PRATO FINO 1KG;11;1;10;1,5;0,7;2;0,6;0,6;0,61;8,08;31,15;4,8;10;124;24/nov/25
1023853;ARROZ INTEGRAL SABOROSO 1KG;18;6;30;0,67;0,5;1;0,4;0,23;0,33;10,71;32,14;4;10;124;24/nov/25
33138;ARROZ PARBO PRATO FINO TP1 2KG;3;6;5;4;4,8;3;3,4;2,8;1,82;18,46;30;6;10;124;24/nov/25
33138;ARROZ PARBO PRATO FINO TP1 2KG;12;6;5;4;2,8;0;1,4;0,8;1,21;16,15;16,15;6;10;124;24/nov/25
25317;ARROZ PARBO PRATO FINO TP1 5KG;3;6;6;3;3,33;2;0,83;1,17;0,86;27,27;43,64;4,67;10;124;24/nov/25
25317;ARROZ PARBO PRATO FINO TP1 5KG;11;6;6;2;1,83;0;0,67;0,5;0,43;30;30;4,67;10;124;24/nov/25
25317;ARROZ PARBO PRATO FINO TP1 5KG;12;6;6;3;12;0;1,5;1;1,87;45;45;4,67;10;124;24/nov/25
25317;ARROZ PARBO PRATO FINO TP1 5KG;14;6;6;2;3;0;0,67;1,33;0,47;45;45;4,67;10;124;24/nov/25
1012019;ARROZ PARBO RAROZ 1KG;11;6;30;1;0,33;2;0,6;0,57;0,7;3,33;23,33;2,4;10;124;24/nov/25
1012019;ARROZ PARBO RAROZ 1KG;17;6;30;3;2,97;0;1;2,07;1,07;19,49;19,49;3,2;10;124;24/nov/25
1012017;ARROZ PARBO RAROZ 5KG;6;6;6;3;2,67;1;1,17;1,83;2,37;7,87;10,82;9,33;10;124;24/nov/25
1012017;ARROZ PARBO RAROZ 5KG;7;6;6;4;3,67;0;0,67;1,83;1,67;15,35;15,35;14;10;124;24/nov/25
1012017;ARROZ PARBO RAROZ 5KG;14;6;6;5;4,67;0;1,17;1,83;2,06;15,85;15,85;4,67;10;124;24/nov/25
1012017;ARROZ PARBO RAROZ 5KG;17;6;6;10;5,83;5;8;8,33;11,04;3,7;6,87;9,33;10;124;24/nov/25
1000976;ARROZ PARBO SABOROSO TP1 1KG;12;6;30;1;0,8;1;0,43;1,07;0,7;8;18;3,2;10;124;24/nov/25
1000976;ARROZ PARBO SABOROSO TP1 1KG;17;6;30;1,5;0,8;2;1,53;1,33;1,17;4,77;16,69;3,2;10;124;24/nov/25
1011577;ARROZ PARBO SABOROSO TP1 5KG;1;6;6;5;0,67;2;5,5;10;5,76;0,81;3,24;4,67;10;124;24/nov/25
1011577;ARROZ PARBO SABOROSO TP1 5KG;12;6;6;15;0,17;3;9,17;12,83;12,21;0,1;1,82;14;10;124;24/nov/25
1014043;CANJICA AMARELA MILHO CBS 400G;2;6;12;2;0,42;3;0,92;0,42;0,6;4,84;39,68;3;10;124;24/nov/25
1014043;CANJICA AMARELA MILHO CBS 400G;3;6;12;4;0,92;4;1,17;1,92;0,72;8,92;47,84;12;10;124;24/nov/25
1014043;CANJICA AMARELA MILHO CBS 400G;5;6;12;1;0;2;0;0;0,41;0;34,29;3;10;124;24/nov/25
1014043;CANJICA AMARELA MILHO CBS 400G;7;6;12;1;0,5;1;0,5;0,42;0,53;6,67;20;3;10;124;24/nov/25
1014043;CANJICA AMARELA MILHO CBS 400G;11;6;12;3;1,83;0;0,67;1,5;0,51;25,38;25,38;3;10;124;24/nov/25
1014043;CANJICA AMARELA MILHO CBS 400G;12;6;12;3;0;4;0;0;0,76;0;36,92;9;10;124;24/nov/25
1014043;CANJICA AMARELA MILHO CBS 400G;13;6;12;1,67;0;3;0;0;0,19;0;108;3;10;124;24/nov/25
1014043;CANJICA AMARELA MILHO CBS 400G;14;6;12;1;0,08;2;0,25;0,83;0,37;1,58;39,47;3;10;124;24/nov/25
1014043;CANJICA AMARELA MILHO CBS 400G;18;6;12;2;0;3;0;0,08;1,03;0;20,38;12;10;124;24/nov/25
1001294;CANJICA BRANCA CBS 400G;2;6;12;1;0;2;0,17;0,33;0,23;0;60;3;10;124;24/nov/25
1001294;CANJICA BRANCA CBS 400G;3;6;12;2;3;3;0,92;0,5;0,62;33,75;67,5;12;10;124;24/nov/25
1001294;CANJICA BRANCA CBS 400G;5;6;12;1;0;2;0;0;0,18;0;80;3;10;124;24/nov/25
1001294;CANJICA BRANCA CBS 400G;6;6;12;1,5;0,17;2;0,17;0,08;0,29;4;52;3;10;124;24/nov/25
1001294;CANJICA BRANCA CBS 400G;7;6;12;1,5;1,42;0;0,25;0,08;0,23;42,5;42,5;3;10;124;24/nov/25
1001294;CANJICA BRANCA CBS 400G;11;6;12;0,83;0,33;1;0;0,17;0,16;15;60;3;10;124;24/nov/25
1001294;CANJICA BRANCA CBS 400G;12;6;12;1,5;0;2;0,17;0,17;0,12;0;120;3;10;124;24/nov/25
1001294;CANJICA BRANCA CBS 400G;13;6;12;1,5;0,58;2;0,08;0;0,16;26,25;116,25;3;10;124;24/nov/25
1001294;CANJICA BRANCA CBS 400G;14;6;12;1;0,5;1;0,17;0,33;0,12;30;90;3;10;124;24/nov/25
1001294;CANJICA BRANCA CBS 400G;17;6;12;1,5;1,33;0;0,5;0,33;0,23;40;40;3;10;124;24/nov/25
1006677;ERVILHA PARTIDA BELLA DICA 400GR;1;6;12;2;1,67;0;0,58;0,42;0,33;35,29;35,29;6;10;124;24/nov/25
1006677;ERVILHA PARTIDA BELLA DICA 400GR;2;6;12;6,67;6,5;0;1,5;1,25;3,27;13,93;13,93;9;10;124;24/nov/25
1006677;ERVILHA PARTIDA BELLA DICA 400GR;3;6;12;10;11,25;5;4,67;3;5,6;14,06;20,31;2,5;10;124;24/nov/25
1006677;ERVILHA PARTIDA BELLA DICA 400GR;5;6;12;3;2,58;1;2;1,58;2,02;8,94;12,4;9;10;124;24/nov/25
1006677;ERVILHA PARTIDA BELLA DICA 400GR;6;6;12;5;2,67;3;1,75;1,33;1,67;11,16;23,72;9;10;124;24/nov/25
1006677;ERVILHA PARTIDA BELLA DICA 400GR;7;6;12;4;3,08;0;1,67;3,5;2,04;10,57;10,57;6;10;124;24/nov/25
1006677;ERVILHA PARTIDA BELLA DICA 400GR;11;6;12;6;5,33;0;1,08;2,25;2,14;17,45;17,45;1,5;10;124;24/nov/25
1006677;ERVILHA PARTIDA BELLA DICA 400GR;14;6;12;3;5,67;0;0,75;0,92;0,88;45,33;45,33;9;10;124;24/nov/25
28417;FEIJAO BRANCO CALDO OURO 500G;4;6;10;1,8;1,6;0;0,2;0,7;0,47;24;24;3,6;10;124;24/nov/25
28417;FEIJAO BRANCO CALDO OURO 500G;6;6;10;2;1,6;0;0,3;0,6;0,44;25,26;25,26;3,6;10;124;24/nov/25
28417;FEIJAO BRANCO CALDO OURO 500G;13;6;10;7,2;5,9;0;0,4;0,2;0,77;53,64;53,64;3,6;10;124;24/nov/25
28417;FEIJAO BRANCO CALDO OURO 500G;18;6;10;4,4;4,1;0;0,5;0,5;0,63;45,56;45,56;3,6;10;124;24/nov/25
1019827;FEIJAO BRANCO JUREIA 500G;17;6;6;10,67;10;0;0,83;1,83;1,21;58,06;58,06;6;10;124;24/nov/25
20156;FEIJAO CARIOCA CALDO OURO 1KG;3;6;10;2,4;4,3;2;1,2;1,8;1,52;19,85;29,08;2,8;10;124;24/nov/25
20156;FEIJAO CARIOCA CALDO OURO 1KG;7;6;10;1,2;1;0;0,4;0,6;0,23;30;30;5,6;10;124;24/nov/25
20156;FEIJAO CARIOCA CALDO OURO 1KG;11;6;10;1,4;0;2;0,5;0,7;0,42;0;33,33;5,6;10;124;24/nov/25
20156;FEIJAO CARIOCA CALDO OURO 1KG;14;6;10;2,2;1,4;2;0,5;1,4;0,96;10,24;24,88;5,6;10;124;24/nov/25
20156;FEIJAO CARIOCA CALDO OURO 1KG;17;6;10;2;1,3;2;1,1;0,7;1;9,07;23,02;28;10;124;24/nov/25
1022265;FEIJAO CARIOCA FLOR DO PARANA 1KG;6;6;30;1;0,73;1;0,3;0,4;0,58;8,92;21,08;2,8;10;124;24/nov/25
1022265;FEIJAO CARIOCA FLOR DO PARANA 1KG;11;6;30;1;0,1;2;0,07;0,27;0,36;1,96;41,09;1,87;10;124;24/nov/25
1022265;FEIJAO CARIOCA FLOR DO PARANA 1KG;13;6;30;1,5;1,4;0;0,43;0,33;0,75;13,13;13,13;1,87;10;124;24/nov/25
1012405;FEIJAO CARIOCA SERRA URUGUAI 1KG;11;6;30;0,53;0,27;1;0,17;0;0,26;7,06;33,53;1,87;10;124;24/nov/25
1002300;FEIJAO PRETO ARBAZA PREMIUM 500G;2;6;12;8;6,92;0;3,25;6,08;6,57;7,37;7,37;24;10;124;24/nov/25
1002300;FEIJAO PRETO ARBAZA PREMIUM 500G;6;6;12;11,67;7,58;5;4,83;12,25;9,51;5,58;9,26;15;10;124;24/nov/25
1002300;FEIJAO PRETO ARBAZA PREMIUM 500G;7;6;12;5;4,25;2;2,83;7,58;3,79;7,85;11,54;15;10;124;24/nov/25
1002300;FEIJAO PRETO ARBAZA PREMIUM 500G;18;6;12;8;7,67;5;1,58;8,58;5,56;9,65;15,94;24;10;124;24/nov/25
16005;FEIJAO PRETO CALDO OURO 1KG;2;6;10;80;78,3;90;33,5;73,3;67,27;8,15;17,51;67,2;10;124;24/nov/25
16005;FEIJAO PRETO CALDO OURO 1KG;6;6;10;100;99,1;90;44,9;77,7;67,6;10,26;19,58;56;10;124;24/nov/25
1008989;FEIJAO PRETO CALDO OURO 500G;7;6;10;20;18,4;5;20,4;1,2;26,39;4,88;6,21;18;10;124;24/nov/25
1003987;FEIJAO PRETO SERRA URUGUAI TP1 1KG;11;6;30;3;2,67;1;1,4;1,53;2,19;8,54;11,74;9,33;10;124;24/nov/25
1003987;FEIJAO PRETO SERRA URUGUAI TP1 1KG;12;6;30;5;4,57;0;1,83;3,57;2,94;10,87;10,87;18,67;10;124;24/nov/25
1003987;FEIJAO PRETO SERRA URUGUAI TP1 1KG;13;6;30;10;4,67;6;3,7;2,9;4,49;7,28;16,64;9,33;10;124;24/nov/25
1003987;FEIJAO PRETO SERRA URUGUAI TP1 1KG;17;6;30;3;1,7;0;0,83;1,2;0,92;12,97;12,97;18,67;10;124;24/nov/25
9000101;FEIJAO RAJADO SERRA URUGUAI 500GR;3;6;20;1;1,9;1;0,15;0,2;0,19;71,25;108,75;1,8;10;124;24/nov/25
9000101;FEIJAO RAJADO SERRA URUGUAI 500GR;18;6;20;1,5;1,4;0;0,15;0,05;0,09;105;105;1,8;10;124;24/nov/25
1011791;FEIJAO ROSINHA CALDO BOM SEL ESP 500G;13;6;12;1;0,75;0;0,08;0,25;0,08;67,5;67,5;3;10;124;24/nov/25
9967694;FEIJAO VERMELHO ARBAZA 500G;3;6;12;2;4;3;2,42;1,25;1,17;24;42;3;10;124;24/nov/25
9967694;FEIJAO VERMELHO ARBAZA 500G;5;6;12;1;0,67;1;0,25;0,42;0,53;8,89;22,22;3;10;124;24/nov/25
9967694;FEIJAO VERMELHO ARBAZA 500G;6;6;12;1,33;0,33;2;0,83;0,58;0,91;2,55;17,87;6;10;124;24/nov/25
9967694;FEIJAO VERMELHO ARBAZA 500G;8;6;12;2;1,92;0;0,08;0,42;0,33;40,59;40,59;3;10;124;24/nov/25
9967694;FEIJAO VERMELHO ARBAZA 500G;18;6;12;2;1,83;0;0,42;1,08;0,78;16,5;16,5;3;10;124;24/nov/25
11613;FEIJAO VERMELHO CALDO OURO 500G;2;6;10;4,2;3,8;1;1,6;1,7;3,06;8,7;10,99;3,2;10;124;24/nov/25
11613;FEIJAO VERMELHO CALDO OURO 500G;3;6;10;7,2;8,3;4;3,8;2,5;4,36;13,32;19,73;3,2;10;124;24/nov/25
11613;FEIJAO VERMELHO CALDO OURO 500G;6;6;10;3,6;2,4;2;0,9;1,6;1,89;8,89;16,3;6,4;10;124;24/nov/25
11613;FEIJAO VERMELHO CALDO OURO 500G;7;6;10;2,2;1,9;0;1;1;1,19;11,18;11,18;6,4;10;124;24/nov/25
11613;FEIJAO VERMELHO CALDO OURO 500G;12;6;10;3,2;2,6;2;1,6;2,3;2,15;8,48;15;6,4;10;124;24/nov/25
11613;FEIJAO VERMELHO CALDO OURO 500G;14;6;10;2,8;2,9;0;1,8;1,6;1,54;13,18;13,18;12,8;10;124;24/nov/25
11613;FEIJAO VERMELHO CALDO OURO 500G;18;6;10;4;3,3;2;0,6;2,3;1,77;13,03;20,92;3,2;10;124;24/nov/25
1000629;GRAO DE BICO CBS 400G;3;6;6;2;3;3;0;0;0,31;67,5;135;1,33;10;124;24/nov/25
1000629;GRAO DE BICO CBS 400G;11;6;6;1,67;0;3;0;0;0,19;0;108;1,33;10;124;24/nov/25
1000629;GRAO DE BICO CBS 400G;12;6;6;1,67;1,17;0;0;0,17;0,12;70;70;2,67;10;124;24/nov/25
1000629;GRAO DE BICO CBS 400G;13;6;6;2;0;3;0,83;0,83;0,54;0;38,57;1,33;10;124;24/nov/25
1000629;GRAO DE BICO CBS 400G;14;6;6;1,67;0;3;0,17;0,5;0,23;0;90;1,33;10;124;24/nov/25
1000629;GRAO DE BICO CBS 400G;17;6;6;1,67;0,5;2;0;0,17;0,12;30;150;2,67;10;124;24/nov/25
1010816;LENTILHA BELLA DICA 400G;3;6;12;17;18,67;5;14,92;5,83;8,4;15,56;19,72;24;10;124;24/nov/25
1010816;LENTILHA BELLA DICA 400G;5;6;12;5;4,75;0;4,92;3;2,86;11,63;11,63;12;10;124;24/nov/25
1010816;LENTILHA BELLA DICA 400G;11;6;12;10;7,92;3;10,92;6,67;6,71;8,26;11,39;12;10;124;24/nov/25
1007417;LENTILHA SERRA URUGUAI PREM 400GR;13;6;20;3;2,85;0;0,3;0,9;0,5;39,77;39,77;4;10;124;24/nov/25
1022648;MILHO PIPOCA ARBAZA PREMIUM 400G;11;6;12;6,67;5,42;8;4,83;25,67;9,64;3,93;9,74;10;10;124;24/nov/25
113747;MILHO PIPOCA BELLA DICA 400GR;2;6;12;10;7,33;0;2,25;2,42;3,5;14,67;14,67;8;10;124;24/nov/25
113747;MILHO PIPOCA BELLA DICA 400GR;4;6;12;4;3,42;0;2,25;2,25;2,33;10,25;10,25;4;10;124;24/nov/25
113747;MILHO PIPOCA BELLA DICA 400GR;5;6;12;5;4,08;0;1,5;1,33;1,83;15,64;15,64;8;10;124;24/nov/25
113747;MILHO PIPOCA BELLA DICA 400GR;6;6;12;3,83;3;2;1;0,92;2,55;8,24;13,74;16;10;124;24/nov/25
113747;MILHO PIPOCA BELLA DICA 400GR;11;6;12;9;7,75;0;1,75;3;3,31;16,41;16,41;12;10;124;24/nov/25
113747;MILHO PIPOCA BELLA DICA 400GR;12;6;12;9,67;9,25;0;2,5;5,75;5,43;11,94;11,94;16;10;124;24/nov/25
113747;MILHO PIPOCA BELLA DICA 400GR;13;6;12;10;9,17;0;0,42;0,58;1,09;58,93;58,93;12;10;124;24/nov/25
113747;MILHO PIPOCA BELLA DICA 400GR;14;6;12;6;5,17;0;1,08;0,92;1,26;28,62;28,62;12;10;124;24/nov/25
113747;MILHO PIPOCA BELLA DICA 400GR;17;6;12;3,17;2,83;0;0,92;1,08;1,19;16,72;16,72;16;10;124;24/nov/25
1002848;MILHO PIPOCA SERRA URUGU TP1 400G;2;6;20;15;13,1;0;4,95;5,15;5,93;15,47;15,47;6,6;10;124;24/nov/25
1002848;MILHO PIPOCA SERRA URUGU TP1 400G;3;6;20;20;20,8;2;6,25;8,25;7,89;18,46;20,24;22;10;124;24/nov/25
1002848;MILHO PIPOCA SERRA URUGU TP1 400G;4;6;20;2,5;2,3;0;1,4;0,7;1,72;9,39;9,39;6,6;10;124;24/nov/25
1002848;MILHO PIPOCA SERRA URUGU TP1 400G;7;6;20;5;4,75;0;3,05;0,6;1,44;23,17;23,17;13,2;10;124;24/nov/25
1015232;MILHO PIPOCA YOKI TRAD 400G;3;6;28;5,71;6,57;3;3,43;2,04;2,22;20,75;30,23;9,43;10;124;24/nov/25
1015232;MILHO PIPOCA YOKI TRAD 400G;5;6;28;1,43;1,39;0;0,46;0,11;0,42;23,4;23,4;3,14;10;124;24/nov/25
1015232;MILHO PIPOCA YOKI TRAD 400G;6;6;28;2,14;1,89;0;0,71;0,43;0,55;24,09;24,09;3,14;10;124;24/nov/25
1015232;MILHO PIPOCA YOKI TRAD 400G;12;6;28;2,14;1,61;0;1,11;0,93;1,06;10,63;10,63;6,29;10;124;24/nov/25
1011811;MIX GRAOS CALDO BOM COMPLETO 500G;13;1;12;1;0,5;1;0,33;1,08;0,41;8,57;25,71;0,83;10;124;24/nov/25
1011811;MIX GRAOS CALDO BOM COMPLETO 500G;14;1;12;0,5;1,17;0;0,5;0,25;0,25;32,31;32,31;0,83;10;124;24/nov/25
49027;POPCORN YOKI MICRO TOQUE CHEF 100G;13;6;36;0,78;0,44;0;0,14;0,31;0,19;16;16;0,94;10;124;24/nov/25
80560;FARINHA MAND TORRADA CBS 500G;3;6;12;4;2,92;2;0,92;1,58;1,36;15;25,29;10,5;10;125;24/nov/25
80560;FARINHA MAND TORRADA CBS 500G;4;6;12;1;0,08;2;0,67;0,25;0,39;1,5;37,5;1,75;10;125;24/nov/25
80560;FARINHA MAND TORRADA CBS 500G;6;6;12;1;0;2;0,42;1,08;0,47;0;30;5,25;10;125;24/nov/25
80560;FARINHA MAND TORRADA CBS 500G;7;6;12;1;0,75;0;0,17;0,42;0,47;11,25;11,25;1,75;10;125;24/nov/25
80560;FARINHA MAND TORRADA CBS 500G;8;6;12;1;0,75;0;0,17;0,08;0,14;38,57;38,57;1,75;10;125;24/nov/25
80560;FARINHA MAND TORRADA CBS 500G;12;6;12;2,58;1,5;2;0,75;1,75;1,15;9,15;21,36;14;10;125;24/nov/25
80560;FARINHA MAND TORRADA CBS 500G;13;6;12;2;1,67;0;0,67;0,5;0,7;16,67;16,67;14;10;125;24/nov/25
80560;FARINHA MAND TORRADA CBS 500G;14;6;12;0,5;0;1;0;1,08;0,47;0;15;1,75;10;125;24/nov/25
80560;FARINHA MAND TORRADA CBS 500G;17;6;12;1,5;1,33;0;0,5;0,5;0,58;16;16;10,5;10;125;24/nov/25
5210;FARINHA MANDIOCA CBS 500G;2;6;12;3;1,33;3;2,33;1,58;1,65;5,65;18,35;14;10;125;24/nov/25
5210;FARINHA MANDIOCA CBS 500G;5;6;12;1;0,75;1;0,83;1,08;0,84;6,28;14,65;3,5;10;125;24/nov/25
5210;FARINHA MANDIOCA CBS 500G;7;6;12;1,17;1,08;0;0,67;0,58;0,7;10,83;10,83;3,5;10;125;24/nov/25
5210;FARINHA MANDIOCA CBS 500G;11;6;12;2;1,33;2;2;3,5;1,91;4,9;12,24;7;10;125;24/nov/25
5210;FARINHA MANDIOCA CBS 500G;13;6;12;2;1,42;2;1,17;2,42;1,83;5,43;13,09;14;10;125;24/nov/25
5210;FARINHA MANDIOCA CBS 500G;14;6;12;1;0,25;2;1,33;1;0,78;2,25;20,25;1,75;10;125;24/nov/25
5210;FARINHA MANDIOCA CBS 500G;17;6;12;3;1,83;0;1,42;1;0,93;13,75;13,75;7;10;125;24/nov/25
1023422;FARINHA MANDIOCA DOBA TRAD 500G;5;6;40;0,63;0,6;0;0,15;0,2;0,17;24,83;24,83;1,5;10;125;24/nov/25
1023422;FARINHA MANDIOCA DOBA TRAD 500G;11;6;40;1;0,78;0;0,2;0,25;0,34;16,03;16,03;3;10;125;24/nov/25
1009946;FARINHA MANDIOCA PINDUCA 500G;13;6;20;2;1,65;0;0,35;0,3;0,61;19,04;19,04;18;10;125;24/nov/25
1009946;FARINHA MANDIOCA PINDUCA 500G;14;6;20;1;0,9;1;0,5;0,6;0,65;9,64;20,36;1,5;10;125;24/nov/25
1009946;FARINHA MANDIOCA PINDUCA 500G;18;6;20;1,5;1,2;1;1;1,2;0,68;12,41;22,76;9;10;125;24/nov/25
91309;FARINHA MILHO FINA SAUDAVEL 1KG;12;6;30;2;1,5;0;0,63;0,9;0,59;17,76;17,76;0,53;10;125;24/nov/25
49511;FARINHA MILHO GROSSA PERDIZ 1KG;2;6;12;4;3,5;0;0,33;0,58;0,45;54,78;54,78;2,67;10;125;24/nov/25
49511;FARINHA MILHO GROSSA PERDIZ 1KG;5;6;12;1,67;1,33;1;1,08;1,33;0,86;10,91;19,09;1,33;10;125;24/nov/25
49511;FARINHA MILHO GROSSA PERDIZ 1KG;7;6;12;1;0,25;2;1,08;0,58;0,45;3,91;35,22;1,33;10;125;24/nov/25
49511;FARINHA MILHO GROSSA PERDIZ 1KG;8;6;12;3;2,83;0;0,5;0,25;0,41;48,57;48,57;1,33;10;125;24/nov/25
49511;FARINHA MILHO GROSSA PERDIZ 1KG;12;6;12;4;3,08;0;2,08;2,33;1,5;14,42;14,42;4;10;125;24/nov/25
49511;FARINHA MILHO GROSSA PERDIZ 1KG;17;6;12;6,25;6,17;0;0,83;2;0,95;45,31;45,31;4;10;125;24/nov/25
91311;FARINHA MILHO GROSSA SAUDAVEL 1KG;6;6;30;2;1,87;0;0,57;0,5;0,36;36,52;36,52;1,07;10;125;24/nov/25
91311;FARINHA MILHO GROSSA SAUDAVEL 1KG;11;6;30;2;1,93;0;0,27;0,13;0,37;37,02;37,02;1,07;10;125;24/nov/25
91310;FARINHA MILHO MEDIA SAUDAVEL 1KG;2;6;30;2,07;1,4;0;0,67;0,73;0,68;14,48;14,48;0,53;10;125;24/nov/25
91310;FARINHA MILHO MEDIA SAUDAVEL 1KG;7;6;30;0,67;0,5;0;0,37;0,03;0,12;30;30;0,53;10;125;24/nov/25
91310;FARINHA MILHO MEDIA SAUDAVEL 1KG;11;6;30;2;1,13;2;0,9;1;0,87;9,11;25,18;1,07;10;125;24/nov/25
91310;FARINHA MILHO MEDIA SAUDAVEL 1KG;12;6;30;4;3,37;0;0,53;1,33;1,08;21,8;21,8;0,53;10;125;24/nov/25
91310;FARINHA MILHO MEDIA SAUDAVEL 1KG;17;6;30;3;2,23;2;1;1,53;1,08;14,46;27,41;0,53;10;125;24/nov/25
170062;FARINHA MILHO SINHA GROSSA 1K;2;1;10;6;4,5;0;3,4;3,2;3,34;9,44;9,44;1,6;10;125;24/nov/25
170062;FARINHA MILHO SINHA GROSSA 1K;3;6;10;9;10,3;4;4,1;1,8;2,96;24,33;33,78;6,4;10;125;24/nov/25
170062;FARINHA MILHO SINHA GROSSA 1K;6;1;10;6;1,7;5;3,7;1,5;2,73;4,36;17,18;4,8;10;125;24/nov/25
170062;FARINHA MILHO SINHA GROSSA 1K;11;1;10;8,4;6,6;0;3;2,5;2,73;16,92;16,92;4,8;10;125;24/nov/25
170062;FARINHA MILHO SINHA GROSSA 1K;13;1;10;8,7;5,6;4;5,4;5,8;4,9;8;13,71;1,6;10;125;24/nov/25
1022592;FARINHA PANKO SANTI ORIENTAL 200G;14;6;6;2;1,83;0;1;0,67;0,97;13,2;13,2;5,5;10;125;24/nov/25
9216;FARINHA ROSCA CBS 500G;2;6;12;1,5;0,33;2;0,17;0,25;0,35;6,67;46,67;10;10;125;24/nov/25
9216;FARINHA ROSCA CBS 500G;3;6;12;2;2,83;1;0,83;0,25;0,54;36,43;49,29;20;10;125;24/nov/25
9216;FARINHA ROSCA CBS 500G;6;6;12;1;0,75;1;0,08;0,17;0,19;27;63;20;10;125;24/nov/25
9216;FARINHA ROSCA CBS 500G;11;6;12;1;0;2;0;0,58;0,51;0;27,69;20;10;125;24/nov/25
9216;FARINHA ROSCA CBS 500G;13;6;12;1;0;2;0;0;0;;;0;10;125;24/nov/25
9216;FARINHA ROSCA CBS 500G;14;6;12;1;0,08;2;0;0,58;0,16;3,75;93,75;3,33;10;125;24/nov/25
9216;FARINHA ROSCA CBS 500G;17;6;12;1;0,67;1;0,17;0,25;0,14;34,29;85,71;10;10;125;24/nov/25
1010080;FARINHA TAPIOCA BEIJUBOM 500G;3;6;20;5;3,15;1;1,2;1,75;1,3;17,03;22,43;15;10;125;24/nov/25
1010080;FARINHA TAPIOCA BEIJUBOM 500G;5;6;20;0,5;0,05;1;0,1;0,2;0,13;2,73;57,27;4,5;10;125;24/nov/25
1010080;FARINHA TAPIOCA BEIJUBOM 500G;6;6;20;4;3,9;0;0,15;0,65;0,32;86,67;86,67;7,5;10;125;24/nov/25
1010080;FARINHA TAPIOCA BEIJUBOM 500G;12;6;20;4;3,6;0;0,35;0,35;0,65;38,57;38,57;7,5;10;125;24/nov/25
1010080;FARINHA TAPIOCA BEIJUBOM 500G;14;6;20;1,8;0,55;1;0,85;1,4;1,11;3,47;9,79;3;10;125;24/nov/25
1008852;FARINHA TAPIOCA PINDUCA 500G;3;6;20;3;0,05;4;1,7;2,5;2,11;0,17;13,43;6;10;125;24/nov/25
1008852;FARINHA TAPIOCA PINDUCA 500G;3;6;20;3;0,05;4;1,7;2,5;2,11;0,17;13,43;6;10;125;24/nov/25
1008852;FARINHA TAPIOCA PINDUCA 500G;4;6;20;1;0,1;2;1,3;1,35;1,56;0,45;9,4;3;10;125;24/nov/25
1008852;FARINHA TAPIOCA PINDUCA 500G;6;6;20;1,5;1,3;0;0,45;1,15;0,69;13,22;13,22;6;10;125;24/nov/25
1008852;FARINHA TAPIOCA PINDUCA 500G;7;6;20;1;0;2;0,7;0,5;0,5;0;27,91;3;10;125;24/nov/25
1008852;FARINHA TAPIOCA PINDUCA 500G;11;6;20;2;0,2;3;0,65;1,45;1,34;1,04;16,7;6;10;125;24/nov/25
1008852;FARINHA TAPIOCA PINDUCA 500G;12;6;20;2;-1,2;3;1,75;2,35;1,95;-4,31;6,47;4,5;10;125;24/nov/25
1008852;FARINHA TAPIOCA PINDUCA 500G;13;6;20;1,5;1;1;0,6;1;0,86;8,11;16,22;4,5;10;125;24/nov/25
1008852;FARINHA TAPIOCA PINDUCA 500G;14;6;20;1,25;0,45;2;1;0,75;0,97;3,25;17,71;1,5;10;125;24/nov/25
1008852;FARINHA TAPIOCA PINDUCA 500G;18;6;20;2;0,85;2;0,6;1;0,75;7,97;26,72;6;10;125;24/nov/25
111081;FARINHA TRIGO FIDALGA 1KG;2;6;10;10;-1;2,4;6,2;19,8;7,91;-0,88;1,24;32;10;125;24/nov/25
111081;FARINHA TRIGO FIDALGA 1KG;3;6;10;20;8,9;2,4;19,4;49,4;18,62;3,35;4,25;24;10;125;24/nov/25
111081;FARINHA TRIGO FIDALGA 1KG;5;6;10;8;5,3;2,4;9;17,9;7,42;5;7,26;12;10;125;24/nov/25
111081;FARINHA TRIGO FIDALGA 1KG;12;6;10;10;1,3;2;9,1;27,8;9,87;0,92;2,34;8;10;125;24/nov/25
111081;FARINHA TRIGO FIDALGA 1KG;13;6;10;8;0;2;3,8;33;9,89;0;1,42;16;10;125;24/nov/25
111081;FARINHA TRIGO FIDALGA 1KG;17;6;10;14;-0,9;2;17,5;24,1;14,02;-0,45;0,55;52;10;125;24/nov/25
111081;FARINHA TRIGO FIDALGA 1KG;18;6;10;8;4,6;2;9,1;32,5;11,04;2,92;4,19;12;10;125;24/nov/25
118811;FARINHA TRIGO INTEG MARIA INES 1KG;6;6;10;1,5;0,7;2;0,6;0,4;0,51;9,55;36,82;8;10;125;24/nov/25
118811;FARINHA TRIGO INTEG MARIA INES 1KG;8;6;10;1,5;1,2;0;0,4;0,2;0,33;25,71;25,71;4;10;125;24/nov/25
118811;FARINHA TRIGO INTEG MARIA INES 1KG;11;6;10;1,5;1,2;0;0,7;0;0,4;21,18;21,18;8;10;125;24/nov/25
118811;FARINHA TRIGO INTEG MARIA INES 1KG;17;6;10;3;1,9;2;1;0;1;13,26;27,21;16;10;125;24/nov/25
118811;FARINHA TRIGO INTEG MARIA INES 1KG;18;6;10;2;1,9;1;0,5;0,3;0,42;31,67;48,33;12;10;125;24/nov/25
9908765;FARINHA TRIGO INTEGRAL PANFACIL 1KG;14;6;10;0,5;1;0;0,1;0,3;0,23;30;30;6;10;125;24/nov/25
118781;FARINHA TRIGO MARIA INES 1KG;3;6;10;90;88,4;51;35,5;46,2;95,34;6,49;10,23;72;10;125;24/nov/25
118781;FARINHA TRIGO MARIA INES 1KG;3;6;10;90;88,4;51;35,5;46,2;95,34;6,49;10,23;72;10;125;24/nov/25
118781;FARINHA TRIGO MARIA INES 1KG;5;6;10;30;27,9;12;14,5;7,4;23,75;8,22;11,76;12;10;125;24/nov/25
118781;FARINHA TRIGO MARIA INES 1KG;8;6;10;30;28,4;11;3,9;3,8;20,98;9,48;13,15;12;10;125;24/nov/25
118798;FARINHA TRIGO MARIA INES 5KG;13;6;5;4;2,8;2;4,2;5;5,74;3,41;5,85;9,6;10;125;24/nov/25
118798;FARINHA TRIGO MARIA INES 5KG;14;6;5;2;2,4;0;0,8;0,8;0,98;17,14;17,14;4,8;10;125;24/nov/25
118798;FARINHA TRIGO MARIA INES 5KG;17;6;5;14;12,6;2;10,2;10,2;11,43;7,71;8,94;9,6;10;125;24/nov/25
118798;FARINHA TRIGO MARIA INES 5KG;18;6;5;10;6,6;8;7,4;8,4;7,79;5,93;13,11;9,6;10;125;24/nov/25
1008548;FARINHA TRIGO NORDESTE 1KG;2;6;10;30;24,9;0;12,5;11,2;9,38;18,58;18,58;32;10;125;24/nov/25
1008548;FARINHA TRIGO NORDESTE 1KG;3;6;10;40;37,2;3;13,3;8,8;10,2;25,54;27,6;24;10;125;24/nov/25
1008548;FARINHA TRIGO NORDESTE 1KG;3;6;10;40;37,2;3;13,3;8,8;10,2;25,54;27,6;24;10;125;24/nov/25
1008548;FARINHA TRIGO NORDESTE 1KG;5;6;10;15;10,4;0;6,9;5,7;6,95;10,47;10,47;12;10;125;24/nov/25
1008548;FARINHA TRIGO NORDESTE 1KG;7;6;10;20;15,3;5;10,7;13,7;11,01;9,72;12,9;6;10;125;24/nov/25
1008548;FARINHA TRIGO NORDESTE 1KG;11;6;10;30;19,4;0;8,5;4,5;7,21;18,83;18,83;16;10;125;24/nov/25
1008548;FARINHA TRIGO NORDESTE 1KG;12;6;10;30;11,1;3;12,3;13,6;8,12;9,57;12,16;8;10;125;24/nov/25
1008548;FARINHA TRIGO NORDESTE 1KG;13;6;10;16;11,5;0;5,1;5;5,9;13,64;13,64;16;10;125;24/nov/25
1008548;FARINHA TRIGO NORDESTE 1KG;17;6;10;20;18,1;0;8,2;18,2;13,86;9,14;9,14;52;10;125;24/nov/25
1008548;FARINHA TRIGO NORDESTE 1KG;18;6;10;30;21,3;1;6,4;8;6,04;24,67;25,83;12;10;125;24/nov/25
1013294;FARINHA TRIGO PANFACIL PREMIUM TP1 1KG;2;6;10;8;5,3;0;3,2;3,1;3,62;10,26;10,26;24;10;125;24/nov/25
1013294;FARINHA TRIGO PANFACIL PREMIUM TP1 1KG;4;6;10;3;2,7;1;1,4;0,9;2,96;6,38;8,74;6;10;125;24/nov/25
1013294;FARINHA TRIGO PANFACIL PREMIUM TP1 1KG;5;6;10;4;2,5;2;0,9;1,5;1,42;12,3;22,13;12;10;125;24/nov/25
1013294;FARINHA TRIGO PANFACIL PREMIUM TP1 1KG;6;6;10;8;3,1;6;2,4;2,9;3,17;6,84;20,07;24;10;125;24/nov/25
1013294;FARINHA TRIGO PANFACIL PREMIUM TP1 1KG;8;6;10;4;3,6;1;1,6;3,9;1,84;13,67;17,47;6;10;125;24/nov/25
1013294;FARINHA TRIGO PANFACIL PREMIUM TP1 1KG;12;6;10;6;4,5;2;2,8;2,6;2,59;12,16;17,57;12;10;125;24/nov/25
1013294;FARINHA TRIGO PANFACIL PREMIUM TP1 1KG;13;6;10;6;3,2;4;3,4;3,3;3,43;6,53;14,69;12;10;125;24/nov/25
1013294;FARINHA TRIGO PANFACIL PREMIUM TP1 1KG;14;6;10;4;7;0;1;3,1;1,94;25,3;25,3;9;10;125;24/nov/25
1013294;FARINHA TRIGO PANFACIL PREMIUM TP1 1KG;18;6;10;8;6,6;0;2,5;4;5,11;9,04;9,04;27;10;125;24/nov/25
1013295;FARINHA TRIGO PANFACIL PREMIUM TP1 5KG;2;6;5;1;0,8;1;0,2;0,8;0,42;13,33;30;3,2;10;125;24/nov/25
1013295;FARINHA TRIGO PANFACIL PREMIUM TP1 5KG;7;6;5;1;0,8;1;0,6;0,2;0,23;24;54;1,6;10;125;24/nov/25
1013295;FARINHA TRIGO PANFACIL PREMIUM TP1 5KG;12;6;5;1,2;0,6;2;1,6;0,8;0,75;5,63;24,38;3,2;10;125;24/nov/25
1013295;FARINHA TRIGO PANFACIL PREMIUM TP1 5KG;14;6;5;1;0,6;1;0,8;0,2;0,56;7,5;20;1,6;10;125;24/nov/25
1013295;FARINHA TRIGO PANFACIL PREMIUM TP1 5KG;17;6;5;1,6;1;2;0,6;0,6;1,45;4,84;14,52;4,8;10;125;24/nov/25
9908772;FARINHA TRIGO PANFACIL T1 1KG;2;6;10;20;12,5;8;8;5,3;15,87;5,51;9,04;24;10;125;24/nov/25
9908772;FARINHA TRIGO PANFACIL T1 1KG;5;6;10;15;14,4;0;3,8;2,5;9,31;10,83;10,83;12;10;125;24/nov/25
9908772;FARINHA TRIGO PANFACIL T1 1KG;6;6;10;10;4,6;6;9,6;7,3;13,09;2,46;5,67;24;10;125;24/nov/25
9908772;FARINHA TRIGO PANFACIL T1 1KG;7;6;10;10;2,4;8;4,1;5;2,19;7,66;33,19;6;10;125;24/nov/25
9908772;FARINHA TRIGO PANFACIL T1 1KG;8;6;10;6;5,2;0;1,4;1,3;3,48;10,47;10,47;6;10;125;24/nov/25
9908772;FARINHA TRIGO PANFACIL T1 1KG;11;6;10;10;9,8;0;1,8;1,5;8,56;8,01;8,01;12;10;125;24/nov/25
9908741;FARINHA TRIGO PANFACIL T1 5KG;17;6;5;2;1,6;0;0,4;0,6;0,33;34,29;34,29;4,8;10;125;24/nov/25
1005593;FARINHA TRIGO ROSESOL 5KG;2;6;5;3;2,2;0;0,4;0,6;0,7;22;22;1,6;10;125;24/nov/25
1005593;FARINHA TRIGO ROSESOL 5KG;5;6;5;0,6;0;1,2;0;0;0,14;0;60;3,2;10;125;24/nov/25
1005593;FARINHA TRIGO ROSESOL 5KG;8;6;5;3;1;1,2;0,2;0,6;0,47;15;33;1,6;10;125;24/nov/25
1005593;FARINHA TRIGO ROSESOL 5KG;11;6;5;6;-3,6;1,2;3,2;6,6;4,62;-5,45;-3,64;3,2;10;125;24/nov/25
1005593;FARINHA TRIGO ROSESOL 5KG;12;6;5;6;0,4;1,2;0;4,8;4,06;0,69;2,76;1,6;10;125;24/nov/25
1005593;FARINHA TRIGO ROSESOL 5KG;13;6;5;4;0;1,2;0;0;2,33;0;3,6;3,2;10;125;24/nov/25
1005593;FARINHA TRIGO ROSESOL 5KG;17;6;5;8;1;1,2;0;3,8;2,89;2,42;5,32;9,6;10;125;24/nov/25
1005593;FARINHA TRIGO ROSESOL 5KG;18;6;5;8;2,8;1,2;1,4;1;2,15;9,13;13,04;3,2;10;125;24/nov/25
1020817;FAROFA CASEIRISSIMA CEBOLA YOKI 200G;2;6;12;1;0,92;0;0,25;0,33;0,39;16,5;16,5;3;10;125;24/nov/25
1020817;FAROFA CASEIRISSIMA CEBOLA YOKI 200G;3;6;12;2;0,17;2;0,08;1,5;1,13;1,03;13,45;3;10;125;24/nov/25
1020817;FAROFA CASEIRISSIMA CEBOLA YOKI 200G;6;6;12;1;0,17;2;0,83;0,42;0,43;2,73;35,45;3;10;125;24/nov/25
1020817;FAROFA CASEIRISSIMA CEBOLA YOKI 200G;8;6;12;1;0,92;0;0,42;0,08;0,16;41,25;41,25;1,5;10;125;24/nov/25
1020817;FAROFA CASEIRISSIMA CEBOLA YOKI 200G;18;6;12;1,5;0,33;2;0,08;0,75;0,49;4,8;33,6;3;10;125;24/nov/25
1014928;FAROFA MAND TEMP BACON DOBA 250G;6;6;20;3;2,5;0;2,85;0,05;1,18;14,85;14,85;1,5;10;125;24/nov/25
1014929;FAROFA MAND TEMP CALABRESSA DOBA 250G;6;6;20;4;0,65;4;1,4;1,3;0,88;5,2;37,2;1,5;10;125;24/nov/25
1014930;FAROFA MAND TEMP CARNE SECA DOBA 250G;6;6;20;3;1,95;2;1,95;1;1,1;12,45;25,21;1,5;10;125;24/nov/25
1014931;FAROFA MAND TEMP PICANTE  DOBA 250G;6;6;20;4;0;5;0,9;0,8;0,47;0;75;1,5;10;125;24/nov/25
1014927;FAROFA MAND TRAD DOBA 250G;5;6;20;12;7,55;0;2,9;1;1,91;27,62;27,62;1,5;10;125;24/nov/25
1015043;FAROFA MAND TRAD DOBA 500G;2;6;24;5,83;5,79;0;0,54;0,42;0,53;75,82;75,82;5;10;125;24/nov/25
1015043;FAROFA MAND TRAD DOBA 500G;3;6;24;8,33;4,17;8;1,13;2,04;1,4;20,83;60,83;5;10;125;24/nov/25
1015043;FAROFA MAND TRAD DOBA 500G;6;6;24;4;1,21;0;0,25;0,75;0,79;10,74;10,74;2,5;10;125;24/nov/25
1015043;FAROFA MAND TRAD DOBA 500G;8;6;24;2;1,58;0;0,17;0,13;0,14;81,43;81,43;2,5;10;125;24/nov/25
1015043;FAROFA MAND TRAD DOBA 500G;11;6;24;5;1,21;0;0,17;0,46;0,28;30;30;2,5;10;125;24/nov/25
1015043;FAROFA MAND TRAD DOBA 500G;12;6;24;5;1,75;5;0,75;1,38;0,96;12,73;49,09;5;10;125;24/nov/25
1015043;FAROFA MAND TRAD DOBA 500G;18;6;24;5;2,13;0;0,13;0,21;0,3;49,35;49,35;5;10;125;24/nov/25
1009379;FAROFA PINDUCA CARNE SECA 250G;3;6;12;1,5;1,25;1;0,08;0;0,08;112,5;202,5;3,75;10;125;24/nov/25
1009379;FAROFA PINDUCA CARNE SECA 250G;5;6;12;0,83;0,67;0;0,17;0,08;0,1;48;48;3,75;10;125;24/nov/25
1009379;FAROFA PINDUCA CARNE SECA 250G;6;6;12;1;0,08;2;0,33;0,75;0,53;1,11;27,78;3,75;10;125;24/nov/25
1009379;FAROFA PINDUCA CARNE SECA 250G;12;6;12;1;0;2;0;0,17;0,64;0;21,82;3,75;10;125;24/nov/25
1009379;FAROFA PINDUCA CARNE SECA 250G;13;6;12;1;0,75;0;0;0,33;0,19;27;27;3,75;10;125;24/nov/25
1009379;FAROFA PINDUCA CARNE SECA 250G;17;6;12;1;0,08;2;0,25;1,33;0,39;1,5;37,5;7,5;10;125;24/nov/25
1009378;FAROFA PINDUCA CHURRASCO 250G;4;6;12;1;0,92;0;0,5;0,25;0,31;20,63;20,63;3;10;125;24/nov/25
1009378;FAROFA PINDUCA CHURRASCO 250G;11;6;12;0,83;0,42;1;0,33;0,17;0,47;6,25;21,25;1,5;10;125;24/nov/25
1009378;FAROFA PINDUCA CHURRASCO 250G;13;6;12;1;0,92;0;0;0,08;0,18;36,67;36,67;1,5;10;125;24/nov/25
1009375;FAROFA PINDUCA MAND BACON 250G;2;6;12;1;0,75;1;0,42;0,83;0,41;12,86;30;3,75;10;125;24/nov/25
1009375;FAROFA PINDUCA MAND BACON 250G;12;6;12;1;0,08;2;0;1,33;0,51;1,15;28,85;3,75;10;125;24/nov/25
1009375;FAROFA PINDUCA MAND BACON 250G;17;6;12;2;0;3;1,58;1,25;1,17;0;18;7,5;10;125;24/nov/25
1009374;FAROFA PRONTA PINDUCA MAND SUAVE 250G;2;6;12;1,5;1,25;0;0,42;0,08;0,37;23,68;23,68;7,5;10;125;24/nov/25
1009374;FAROFA PRONTA PINDUCA MAND SUAVE 250G;6;6;12;1;0,92;0;0;0,08;0,02;330;330;7,5;10;125;24/nov/25
1009374;FAROFA PRONTA PINDUCA MAND SUAVE 250G;11;6;12;2;1,58;0;1,08;0,5;0,62;17,81;17,81;7,5;10;125;24/nov/25
1009374;FAROFA PRONTA PINDUCA MAND SUAVE 250G;12;6;12;2;0,42;3;0,33;0,5;0,56;5,17;42,41;7,5;10;125;24/nov/25
1009377;FAROFA PRONTA PINDUCA PICANHA 250G;5;6;12;1;0,08;2;0,5;0,25;0,25;2,31;57,69;3,75;10;125;24/nov/25
1009377;FAROFA PRONTA PINDUCA PICANHA 250G;11;6;12;1;0,75;0;0,33;0,75;0,29;18;18;7,5;10;125;24/nov/25
1009377;FAROFA PRONTA PINDUCA PICANHA 250G;12;6;12;1,5;0,83;2;0,17;1,25;0,7;8,33;28,33;7,5;10;125;24/nov/25
1009377;FAROFA PRONTA PINDUCA PICANHA 250G;13;6;12;1;0,67;1;0,58;1,08;0,64;7,27;18,18;7,5;10;125;24/nov/25
1009377;FAROFA PRONTA PINDUCA PICANHA 250G;17;6;12;2;1,67;1;0,58;2,08;0,89;13,04;20,87;15;10;125;24/nov/25
1016574;FAROFA PRONTA YOKI LV400 PG350G;3;6;24;6;7,21;2;2,08;2,83;1,58;31,84;40,67;0,67;10;125;24/nov/25
1016574;FAROFA PRONTA YOKI LV400 PG350G;12;6;24;4;1,5;3;1,96;1,63;1,28;8,18;24,55;1;10;125;24/nov/25
1020819;FAROFA TRADICIONAL YOKI 200G;1;6;14;0,86;0,57;1;0,14;0,21;0,25;16;44;0;10;125;24/nov/25
1020819;FAROFA TRADICIONAL YOKI 200G;2;6;14;3;2,21;0;0,64;1,14;0,92;16,91;16,91;6,43;10;125;24/nov/25
1020819;FAROFA TRADICIONAL YOKI 200G;3;6;14;6,86;4,14;1;1,86;2,14;2,27;12,79;15,88;6,43;10;125;24/nov/25
1020819;FAROFA TRADICIONAL YOKI 200G;4;6;14;1,29;1;1;0,5;0,86;0,88;7,92;15,85;2,14;10;125;24/nov/25
1020819;FAROFA TRADICIONAL YOKI 200G;5;6;14;1,71;0;1;0,5;0,64;0,57;0;12,35;2,14;10;125;24/nov/25
1020819;FAROFA TRADICIONAL YOKI 200G;6;6;14;2;1,07;2;1,79;1,21;1,17;6,43;18,43;8,57;10;125;24/nov/25
1020819;FAROFA TRADICIONAL YOKI 200G;7;6;14;1,71;0,93;1;0,71;0,5;0,68;9,51;19,76;2,14;10;125;24/nov/25
1020819;FAROFA TRADICIONAL YOKI 200G;8;6;14;1,29;0,57;1;0,07;1;0,45;8,89;24,44;2,14;10;125;24/nov/25
1020819;FAROFA TRADICIONAL YOKI 200G;12;6;14;3;1,79;2;1,07;1,29;1,18;10,56;22,39;15;10;125;24/nov/25
1020819;FAROFA TRADICIONAL YOKI 200G;13;6;14;3;0,07;3;0,21;0,07;0,52;0,97;41,61;10,71;10;125;24/nov/25
1020819;FAROFA TRADICIONAL YOKI 200G;14;6;14;3;2,36;0;1;0,79;0,73;22,5;22,5;2,14;10;125;24/nov/25
1020819;FAROFA TRADICIONAL YOKI 200G;18;6;14;3;2,29;1;0,93;0,86;0,88;18,11;26,04;10,71;10;125;24/nov/25
36434;POLENTA CBS PRE-COZIDA 500G;2;6;12;2;0,83;2;0;0,17;0,39;15;51;1,5;10;125;24/nov/25
36434;POLENTA CBS PRE-COZIDA 500G;5;6;12;1;0,83;0;0,08;0,33;0,27;21,43;21,43;1,5;10;125;24/nov/25
36434;POLENTA CBS PRE-COZIDA 500G;6;6;12;1;0,42;2;0;0,17;0,18;16,67;96,67;1,5;10;125;24/nov/25
36434;POLENTA CBS PRE-COZIDA 500G;7;6;12;1;0;2;0;0;0,08;0;180;1,5;10;125;24/nov/25
36434;POLENTA CBS PRE-COZIDA 500G;12;6;12;1;0;2;0;0,5;0,27;0;51,43;1,5;10;125;24/nov/25
36434;POLENTA CBS PRE-COZIDA 500G;13;6;12;2;0,25;3;0;0,75;0,58;3;39;1,5;10;125;24/nov/25
36434;POLENTA CBS PRE-COZIDA 500G;18;6;12;1;0;2;0;0,08;0,35;0;40;27;10;125;24/nov/25
14571;POLENTA CORS PERDIZ INST TEMP 500G;7;6;12;1;0,83;0;0,17;0,08;0,19;30;30;1,5;10;125;24/nov/25
14571;POLENTA CORS PERDIZ INST TEMP 500G;11;6;12;0,83;0,67;0;0,33;0,58;0,49;9,6;9,6;3;10;125;24/nov/25
14571;POLENTA CORS PERDIZ INST TEMP 500G;12;6;12;1;0,75;1;0,42;0,67;0,64;8,18;19,09;1,5;10;125;24/nov/25
14571;POLENTA CORS PERDIZ INST TEMP 500G;18;6;12;1;2,42;0;0,33;0,58;0,49;34,8;34,8;18;10;125;24/nov/25
1009004;POLENTA GERMANI PERDIZ 500G;6;6;12;2;1,5;0;0,08;0,75;0,45;23,48;23,48;1,5;10;125;24/nov/25
1009004;POLENTA GERMANI PERDIZ 500G;11;6;12;2;1;2;0,67;0,92;0,84;8,37;25,12;3;10;125;24/nov/25
1009004;POLENTA GERMANI PERDIZ 500G;12;6;12;3;2,17;0;0,58;1,25;0,72;21,08;21,08;1,5;10;125;24/nov/25
1009004;POLENTA GERMANI PERDIZ 500G;17;6;12;3;2,67;0;0,42;0,25;0,27;68,57;68,57;3;10;125;24/nov/25
1009004;POLENTA GERMANI PERDIZ 500G;18;6;12;3;2,75;0;0,08;0,58;0,29;66;66;18;10;125;24/nov/25
1942;POLENTINA QUAKER 500G;14;6;30;1,33;1,53;0;0,47;0,2;0,26;40,59;40,59;0,67;10;125;24/nov/25
1012829;ACUCAR CRISTAL GASPARIN 1KG;2;6;10;30;20,9;0;18;11,2;14,33;10,21;10,21;9,6;10;126;24/nov/25
1012829;ACUCAR CRISTAL GASPARIN 1KG;4;6;10;18;17;0;17,4;11,6;12,27;9,7;9,7;9,6;10;126;24/nov/25
1012829;ACUCAR CRISTAL GASPARIN 1KG;5;6;10;15;14,6;1;11,7;12,8;10,78;9,48;10,13;12,8;10;126;24/nov/25
1012829;ACUCAR CRISTAL GASPARIN 1KG;7;6;10;20;12;8;19,2;14,8;15,14;5,55;9,24;9,6;10;126;24/nov/25
1012829;ACUCAR CRISTAL GASPARIN 1KG;8;6;10;30;28,8;0;12,3;7,1;8,14;24,76;24,76;22,4;10;126;24/nov/25
1012829;ACUCAR CRISTAL GASPARIN 1KG;11;6;10;26,6;8,1;1;18,9;10,7;11,11;5,11;5,74;9,6;10;126;24/nov/25
1012829;ACUCAR CRISTAL GASPARIN 1KG;17;6;10;60;53,5;0;17,8;25,8;19,25;19,45;19,45;0;10;126;24/nov/25
1017470;ACUCAR CRISTAL SAO JOAO 1KG;3;6;30;11,67;10,83;1;3,67;0;0,86;88,64;96,82;6,4;10;126;24/nov/25
1017469;ACUCAR CRISTAL SAO JOAO 2KG;5;6;15;8,53;7,6;2;3,4;2,07;3,58;14,87;18,78;7,2;10;126;24/nov/25
1017469;ACUCAR CRISTAL SAO JOAO 2KG;6;6;15;8,67;-0,93;2;1;0,6;2,58;-2,53;2,89;7,2;10;126;24/nov/25
1017469;ACUCAR CRISTAL SAO JOAO 2KG;11;6;15;13,33;12,07;0;0,67;1;4,79;17,63;17,63;12;10;126;24/nov/25
1017469;ACUCAR CRISTAL SAO JOAO 2KG;12;6;15;28,47;15,13;0;4,53;7,07;6,63;15,99;15,99;7,2;10;126;24/nov/25
1017469;ACUCAR CRISTAL SAO JOAO 2KG;17;6;15;20;17,8;0;6,27;3,4;6,22;20,03;20,03;0;10;126;24/nov/25
1017471;ACUCAR CRISTAL SAO JOAO 5KG;2;6;6;16,67;10;20;19,5;2,17;18,82;3,72;11,16;21,67;10;126;24/nov/25
1017471;ACUCAR CRISTAL SAO JOAO 5KG;7;6;6;15;10,67;5;15,17;2,17;10,15;7,36;10,8;21,67;10;126;24/nov/25
1017471;ACUCAR CRISTAL SAO JOAO 5KG;8;6;6;15;6;9;19,33;4,5;11,39;3,69;9,22;17,33;10;126;24/nov/25
1012836;ACUCAR REFINADO GASPARIN 1KG;3;6;10;40;31,2;4;16,1;24,2;18,06;12,09;13,64;38,4;10;126;24/nov/25
1012836;ACUCAR REFINADO GASPARIN 1KG;7;6;10;5;4,7;1;5,2;5,2;4,92;6,68;8,1;22,4;10;126;24/nov/25
1012836;ACUCAR REFINADO GASPARIN 1KG;11;6;10;15;4,9;2;11,1;14,9;11,29;3,04;4,28;12,8;10;126;24/nov/25
1012836;ACUCAR REFINADO GASPARIN 1KG;12;6;10;15;9,7;3;8,8;14,3;12,25;5,54;7,26;32;10;126;24/nov/25
1012836;ACUCAR REFINADO GASPARIN 1KG;13;6;10;5;4,3;5;8;29,4;10,69;2,82;6,09;16;10;126;24/nov/25
1022591;ERVA MATE CAMBONA MOIDA GROSSA 1KG;3;6;10;30;38,8;12;20;17,4;20,7;13,12;17,18;8,4;10;129;24/nov/25
1022591;ERVA MATE CAMBONA MOIDA GROSSA 1KG;5;6;10;15;13;3;11,9;8,2;11,11;8,19;10,08;2,8;10;129;24/nov/25
1022591;ERVA MATE CAMBONA MOIDA GROSSA 1KG;7;6;10;15;9,7;5;11,9;14,1;13,42;5,06;7,67;2,8;10;129;24/nov/25
1022591;ERVA MATE CAMBONA MOIDA GROSSA 1KG;18;6;10;10;8,8;0;5,1;3,8;5,3;11,63;11,63;11,2;10;129;24/nov/25
1022571;ERVA MATE GAUCHA DA SERRA M GROSSA 1KG;2;6;10;4;3,1;0;1,1;0,6;0,84;25,83;25,83;2,1;10;129;24/nov/25
1022571;ERVA MATE GAUCHA DA SERRA M GROSSA 1KG;4;6;10;3;2;0;0,6;0,5;0,49;28,57;28,57;1,4;10;129;24/nov/25
1022571;ERVA MATE GAUCHA DA SERRA M GROSSA 1KG;5;6;10;3;1,7;0;0,6;1,1;0,65;18,21;18,21;2,8;10;129;24/nov/25
1022571;ERVA MATE GAUCHA DA SERRA M GROSSA 1KG;11;6;10;3;1,5;3;1,5;0,6;0,84;12,5;37,5;2,8;10;129;24/nov/25
1022571;ERVA MATE GAUCHA DA SERRA M GROSSA 1KG;12;6;10;3;2,8;0;0,2;0,1;0,09;210;210;2,8;10;129;24/nov/25
1022571;ERVA MATE GAUCHA DA SERRA M GROSSA 1KG;13;6;10;3;2,2;0;0,9;0,2;0,72;21,29;21,29;4,2;10;129;24/nov/25
1022574;ERVA MATE GAUCHA DA SERRA PREMIUM 500G;2;6;10;3;1,8;0;1,7;1,8;1,24;10,19;10,19;2,4;10;129;24/nov/25
1022574;ERVA MATE GAUCHA DA SERRA PREMIUM 500G;3;6;10;16;13,9;3;3,4;5,2;5,37;18,13;22,04;4;10;129;24/nov/25
1022574;ERVA MATE GAUCHA DA SERRA PREMIUM 500G;5;6;10;1,5;1,3;0;1,4;0,3;0,58;15,6;15,6;1,6;10;129;24/nov/25
1022574;ERVA MATE GAUCHA DA SERRA PREMIUM 500G;12;6;10;3;0,4;4;0,3;0,1;0,37;7,5;82,5;3,2;10;129;24/nov/25
1022574;ERVA MATE GAUCHA DA SERRA PREMIUM 500G;13;6;10;3;1,3;3;1,4;1,8;1,28;7,09;23,45;3,2;10;129;24/nov/25
1022574;ERVA MATE GAUCHA DA SERRA PREMIUM 500G;18;6;10;3;1,8;2;0,9;1;0,93;13,5;28,5;7,2;10;129;24/nov/25
1010025;ERVA MATE PONCHE VER NAT VACUO 1KG;2;6;10;2;1;2;2;2;1,7;4,11;12,33;1,4;10;129;24/nov/25
1010025;ERVA MATE PONCHE VER NAT VACUO 1KG;3;6;10;3,2;3,8;2;2;3,5;2,54;10,46;15,96;4,2;10;129;24/nov/25
1010025;ERVA MATE PONCHE VER NAT VACUO 1KG;17;6;10;2,2;1,7;1;2;0,5;2,03;5,86;9,31;2,1;10;129;24/nov/25
19516;ERVA MATE PONCHE VERDE GROSSA 1KG;3;6;20;45;49,1;6;28,2;45,75;33,48;10,26;11,52;10,5;10;129;24/nov/25
19516;ERVA MATE PONCHE VERDE GROSSA 1KG;4;6;20;12;10,55;2;12,85;6,3;10,73;6,88;8,18;3,5;10;129;24/nov/25
19516;ERVA MATE PONCHE VERDE GROSSA 1KG;5;6;20;12;5,95;2;7,05;10,5;11,25;3,7;4,95;4,2;10;129;24/nov/25
19516;ERVA MATE PONCHE VERDE GROSSA 1KG;7;6;20;19;9,9;10;10,2;18,25;14,61;4,74;9,54;5,25;10;129;24/nov/25
19516;ERVA MATE PONCHE VERDE GROSSA 1KG;14;6;20;9,5;5,05;10;6,1;9,35;8,95;3,95;11,77;2,8;10;129;24/nov/25
27320;ERVA MATE PONCHE VERDE GROSSA 500G;3;6;20;20;18,65;1;23,7;18,85;24,33;5,37;5,65;9,6;10;129;24/nov/25
27320;ERVA MATE PONCHE VERDE GROSSA 500G;6;6;20;13;8,2;5;14,8;4,6;11,35;5,06;8,14;4;10;129;24/nov/25
27320;ERVA MATE PONCHE VERDE GROSSA 500G;7;6;20;9;8,05;2;5;9;7,42;7,59;9,48;2,4;10;129;24/nov/25
27320;ERVA MATE PONCHE VERDE GROSSA 500G;8;6;20;9;7,8;2;3,9;3,15;4,61;11,85;14,89;4,8;10;129;24/nov/25
27320;ERVA MATE PONCHE VERDE GROSSA 500G;14;6;20;8;5,9;6;5,55;7,45;6,04;6,83;13,78;4;10;129;24/nov/25
41541;ERVA MATE PONCHE VERDE LAMINADO 1KG;2;6;10;2,8;0;4;4;0,3;2,59;0;10,81;1,4;10;129;24/nov/25
41541;ERVA MATE PONCHE VERDE LAMINADO 1KG;5;6;10;1,8;0,7;2;2,2;1,4;1,84;2,66;10,25;2,1;10;129;24/nov/25
41541;ERVA MATE PONCHE VERDE LAMINADO 1KG;6;6;10;1,8;1,4;1;1;0,1;0,82;12;20,57;2,8;10;129;24/nov/25
41541;ERVA MATE PONCHE VERDE LAMINADO 1KG;8;6;10;2;1,8;0;0,2;0,7;0,44;28,42;28,42;2,1;10;129;24/nov/25
41541;ERVA MATE PONCHE VERDE LAMINADO 1KG;13;6;10;3,2;0,7;3;3,3;0,7;2,36;2,08;10,99;2,8;10;129;24/nov/25
41541;ERVA MATE PONCHE VERDE LAMINADO 1KG;14;6;10;1,4;0,9;2;2,4;1,4;1,82;3,46;11,15;1,4;10;129;24/nov/25
130011;ERVA MATE PONCHE VERDE NATIVA GR 500G;2;6;20;1,4;0,05;2;1,95;0,05;1,16;0,3;12,42;2,4;10;129;24/nov/25
130011;ERVA MATE PONCHE VERDE NATIVA GR 500G;3;6;20;3;4,4;3;2,4;1,7;1,9;16,2;27,24;3,2;10;129;24/nov/25
130011;ERVA MATE PONCHE VERDE NATIVA GR 500G;5;6;20;2;1,3;2;1,15;1,45;1,1;8,3;21,06;1,6;10;129;24/nov/25
130011;ERVA MATE PONCHE VERDE NATIVA GR 500G;14;6;20;1;0,55;1;1,3;0,85;0,9;4,29;12,08;1,6;10;129;24/nov/25
17089;ERVA MATE PONCHE VERDE TRAD 1KG;14;6;20;5,8;5;10;3,75;6,65;5,45;6,42;19,27;1,4;10;129;24/nov/25
17089;ERVA MATE PONCHE VERDE TRAD 1KG;18;6;20;1;0,45;2;0,25;0,7;0,57;5,51;30;7;10;129;24/nov/25
23448;ERVA MATE PONCHE VERDE TRAD 500G;4;6;20;6;0,95;5;7,35;8,25;7,33;0,91;5,68;2,4;10;129;24/nov/25
23448;ERVA MATE PONCHE VERDE TRAD 500G;5;6;20;7,5;6,4;3;6,4;8,05;7,49;5,98;8,79;2,4;10;129;24/nov/25
23448;ERVA MATE PONCHE VERDE TRAD 500G;14;6;20;3;5,5;6;5,65;5,1;5,11;7,53;15,75;2,4;10;129;24/nov/25
1022956;ERVA MATE QUERENCIA AMADA MOI GROSSA 1K;3;6;10;3;1,8;2;0,7;0,7;0,61;20,77;43,85;2,8;10;129;24/nov/25
1022956;ERVA MATE QUERENCIA AMADA MOI GROSSA 1K;14;6;10;1;0,9;1;0,7;0,5;0,65;9,64;20,36;1,4;10;129;24/nov/25
1022956;ERVA MATE QUERENCIA AMADA MOI GROSSA 1K;17;6;10;3;0,7;1;0,5;1,2;1,19;4,12;10;2,8;10;129;24/nov/25
89822;ERVA MATE VERDINHA GROSSA 1KG;2;6;20;1;0,95;0;0,15;0,1;0,11;63,33;63,33;1,05;10;129;24/nov/25
89822;ERVA MATE VERDINHA GROSSA 1KG;13;6;20;1;0,5;1;0,4;0,65;0,4;8,82;26,47;1,4;10;129;24/nov/25
89822;ERVA MATE VERDINHA GROSSA 1KG;17;6;20;1;0,7;0;0,4;0,45;0,35;14;14;4,2;10;129;24/nov/25
49085;ERVA MATE VERDINHA GROSSA 500G;3;6;20;3;3,7;2;1,8;2,35;1,41;18,35;28,26;5,6;10;129;24/nov/25
1024532;ERVA TERERE BARAO MENTA BLACK 500G;12;6;10;1;0,9;0;1;0;0,23;27;27;0;10;129;24/nov/25
1024529;ERVA TERERE BARAO MENTA/LIMAO 500G;3;6;10;1,5;2,3;1;0,7;0;0,16;98,57;141,43;0;10;129;24/nov/25
1300285;AREIA HIG BEAUTI CAT 4KG;5;6;5;5,2;19,8;0,4;5,8;1,8;3,87;35,78;36,51;11,2;13;349;24/nov/25
1300724;AREIA HIG PIPICAT CLASSIC 4KG;3;6;6;6;7,33;3;2,83;6,17;3,42;15;21,14;6,67;13;349;24/nov/25
1300724;AREIA HIG PIPICAT CLASSIC 4KG;4;6;6;2;0,67;2;1;0,83;0,78;6;24;1,33;13;349;24/nov/25
1300724;AREIA HIG PIPICAT CLASSIC 4KG;11;6;6;3,33;3;0;0,83;0,17;0,78;27;27;1,33;13;349;24/nov/25
1300724;AREIA HIG PIPICAT CLASSIC 4KG;14;6;6;2,5;1,17;2;2,33;0,33;0,97;8,4;22,8;0;13;349;24/nov/25
1300724;AREIA HIG PIPICAT CLASSIC 4KG;18;6;6;5;3,33;0;2,17;2,83;2,06;11,32;11,32;6,67;13;349;24/nov/25
1300546;AREIA HIG PIPICAT FLORAL P/GATOS 4KG;2;6;6;4;1,67;1;0,67;0,83;0,7;16,67;26,67;1,33;13;349;24/nov/25
1300546;AREIA HIG PIPICAT FLORAL P/GATOS 4KG;3;6;6;3,67;5;2;2;1;1,59;21,95;30,73;6,67;13;349;24/nov/25
1300546;AREIA HIG PIPICAT FLORAL P/GATOS 4KG;13;6;6;1,67;1,33;0;0,33;0,17;0,23;40;40;1,33;13;349;24/nov/25
1300546;AREIA HIG PIPICAT FLORAL P/GATOS 4KG;14;6;6;4;3,67;0;0,33;0,67;0,31;82,5;82,5;0;13;349;24/nov/25
18461;ARROZ P/CAES KI-KAO SANO 5KG;2;6;6;3;1,5;2;1,33;1,33;1,32;7,94;18,53;1,33;13;349;24/nov/25
18461;ARROZ P/CAES KI-KAO SANO 5KG;4;6;6;1,33;1;1;0,5;0,5;0,74;9,47;18,95;1,33;13;349;24/nov/25
18461;ARROZ P/CAES KI-KAO SANO 5KG;5;6;6;2;0,5;2;1,33;1;1,13;3,1;15,52;2;13;349;24/nov/25
18461;ARROZ P/CAES KI-KAO SANO 5KG;12;6;6;2,33;2;0;0,17;0,33;0,43;32,73;32,73;1,33;13;349;24/nov/25
18461;ARROZ P/CAES KI-KAO SANO 5KG;17;6;6;4;0;5;2,67;1,83;2,1;0;16,67;1,33;13;349;24/nov/25
18461;ARROZ P/CAES KI-KAO SANO 5KG;18;6;6;2,33;1,67;2;1,83;1;1,17;10;22;5,33;13;349;24/nov/25
1020841;BIFINHO DOGUITOS FRANGO 45G;3;6;20;1;0,75;1;0;0;0,01;450;1.050,00;0;13;349;24/nov/25
1020841;BIFINHO DOGUITOS FRANGO 45G;6;6;20;1;0,3;2;0,15;0,1;0,11;20;153,33;0;13;349;24/nov/25
1020841;BIFINHO DOGUITOS FRANGO 45G;8;6;20;1;0,2;2;0,1;0,05;0,05;30;330;0;13;349;24/nov/25
1020841;BIFINHO DOGUITOS FRANGO 45G;14;6;20;0,5;0,2;1;0,05;0;0,07;20;120;0;13;349;24/nov/25
1020846;BIFINHO DOGUITOS LINGUICINHA 45G;5;6;20;0,5;0,45;0;0,2;0;0,05;67,5;67,5;0;13;349;24/nov/25
1020846;BIFINHO DOGUITOS LINGUICINHA 45G;6;6;20;1;0,8;0;0;0;0,01;480;480;0;13;349;24/nov/25
1020846;BIFINHO DOGUITOS LINGUICINHA 45G;11;6;20;0,9;0,55;0;0,05;0,1;0,12;33;33;0;13;349;24/nov/25
1020846;BIFINHO DOGUITOS LINGUICINHA 45G;14;6;20;1;0;2;0;0;0;;;0;13;349;24/nov/25
1300548;BIFINHO KELDOG CHURRASCO 60G;18;6;20;1;1,15;0;0;0,1;0,19;43,13;43,13;0;13;349;24/nov/25
1017909;BIFINHO KELDOG FRANGO GRELHADO 60G;11;1;20;0,9;0,35;2;0,5;0,3;0,28;8,75;58,75;0;13;349;24/nov/25
1022560;BIFINHO PETISCAO TABLETE FRANGO 60G;13;6;24;1;0,88;0;0,21;0;0,1;63;63;0;13;349;24/nov/25
1300689;BIFINHO QUALIDY PEQ PORT CARNE 55G;6;1;20;1;0;2;0;0;0;;;0;13;349;24/nov/25
1300689;BIFINHO QUALIDY PEQ PORT CARNE 55G;8;1;20;1;0;2;0;0;0;;;0;13;349;24/nov/25
1300689;BIFINHO QUALIDY PEQ PORT CARNE 55G;13;1;20;1;0;2;0;0;0;;;0;13;349;24/nov/25
1300689;BIFINHO QUALIDY PEQ PORT CARNE 55G;14;1;20;0,5;0;1;0;0;0;;;0;13;349;24/nov/25
1300554;COLEIRA DALI PET GATO;13;6;10;3;1,6;0;0;0,3;0,21;53,33;53,33;0;13;349;24/nov/25
1003586;COLEIRA POLIESTER DESENHO R-0;18;1;1;4;0;8;1;0;0,47;0;120;0;13;349;24/nov/25
103633;MILHO GRAO SAUDAVEL 5KG;2;6;5;5;4,2;0;1;2,2;1,12;26,25;26,25;1,6;13;349;24/nov/25
103633;MILHO GRAO SAUDAVEL 5KG;3;6;5;5;4;2;1,8;1,4;2,1;13,33;20;19,2;13;349;24/nov/25
103633;MILHO GRAO SAUDAVEL 5KG;7;6;5;3,2;3,8;0;0,4;1,8;0,93;28,5;28,5;3,2;13;349;24/nov/25
103633;MILHO GRAO SAUDAVEL 5KG;8;6;5;3,2;2;0;0,8;0,8;0,42;33,33;33,33;3,2;13;349;24/nov/25
103633;MILHO GRAO SAUDAVEL 5KG;11;6;5;1;1,8;0;0,8;0,2;0,7;18;18;1,6;13;349;24/nov/25
1020837;PETISCO FRISKIES CARNE 40G;11;6;15;1;0,87;0;0;0,13;0,03;195;195;0;13;349;24/nov/25
1020837;PETISCO FRISKIES CARNE 40G;12;6;15;1;0,53;1;0,07;0,2;0,11;34,29;98,57;0;13;349;24/nov/25
1020839;PETISCO FRISKIES FRANGO 40G;2;6;15;1;0,6;1;0,07;0,07;0,03;135;360;0;13;349;24/nov/25
1020839;PETISCO FRISKIES FRANGO 40G;13;6;15;1;0,93;0;0;0,07;0,06;105;105;0;13;349;24/nov/25
1020839;PETISCO FRISKIES FRANGO 40G;18;6;15;1;0,87;0;0,07;0,13;0,17;35,45;35,45;0;13;349;24/nov/25
1020836;PETISCO FRISKIES SALMAO 40G;2;6;15;1,33;1,13;0;0;0,53;0,14;56,67;56,67;0;13;349;24/nov/25
1020836;PETISCO FRISKIES SALMAO 40G;13;6;15;1;0,53;0;0,2;0,33;0,2;18,46;18,46;0;13;349;24/nov/25
1300543;RACAO 4PATAS GATOS CASTRADOS 1KG;3;6;10;4,8;6,1;2;1,2;0,5;0,93;45,75;60,75;1;13;349;24/nov/25
1300543;RACAO 4PATAS GATOS CASTRADOS 1KG;7;6;10;1;0,7;1;0,1;0,3;0,12;42;102;1;13;349;24/nov/25
1300246;RACAO AMIGO PET GATO MIX 500G;2;6;22;2,27;1,82;1;1,32;1,73;1,58;8,05;12,48;2,36;13;349;24/nov/25
1300246;RACAO AMIGO PET GATO MIX 500G;3;6;22;2,95;4,14;3;2,14;1,23;1,42;20,37;35,15;2,36;13;349;24/nov/25
1300246;RACAO AMIGO PET GATO MIX 500G;4;6;22;1;0,55;1;1,23;0,23;0,34;11,25;31,88;0,59;13;349;24/nov/25
1300246;RACAO AMIGO PET GATO MIX 500G;5;6;22;1,82;0,95;2;0,73;1,05;0,99;6,77;20,97;1,77;13;349;24/nov/25
1300246;RACAO AMIGO PET GATO MIX 500G;7;6;22;1,82;0,5;2;1,23;1,05;1,13;3,08;15,42;0,59;13;349;24/nov/25
1021145;RACAO CANISTER ALMONDEGA 7KG;4;6;1;8;6;5;5;7;3,97;10,59;19,41;16;13;349;24/nov/25
1022834;RACAO CANISTER CAO ADULTO 7KG;11;6;1;5;4;0;1;2;1,4;20;20;0;13;349;24/nov/25
1300217;RACAO CANISTER GATO CASTRADO FRANGO 1KG;13;6;12;1;0,75;0;0;0,25;0,19;27;27;0,83;13;349;24/nov/25
1300217;RACAO CANISTER GATO CASTRADO FRANGO 1KG;18;6;12;1;0,67;0,92;0;0,25;0,19;24;57;0,83;13;349;24/nov/25
1300877;RACAO CANISTER ORIGINAL CAO ADULTO 1KG;2;6;12;1,5;1,33;0;0,08;0,08;0,06;160;160;1,67;13;349;24/nov/25
1300877;RACAO CANISTER ORIGINAL CAO ADULTO 1KG;3;6;12;3;2,58;0,92;0,17;0,25;0,12;155;210;0;13;349;24/nov/25
1300877;RACAO CANISTER ORIGINAL CAO ADULTO 1KG;18;6;12;1,5;0,33;0,92;0,08;0,08;0,14;17,14;64,29;0;13;349;24/nov/25
1022985;RACAO CANISTER ORIGINAL RPM 7KG;2;6;1;10;9;0;2;5;3,03;20,77;20,77;32;13;349;24/nov/25
1022985;RACAO CANISTER ORIGINAL RPM 7KG;3;6;1;20;25;11;8;3;5,13;34,09;49,09;4;13;349;24/nov/25
1022985;RACAO CANISTER ORIGINAL RPM 7KG;6;6;1;10;7;0;1;2;1,63;30;30;2;13;349;24/nov/25
1022985;RACAO CANISTER ORIGINAL RPM 7KG;13;6;1;8;7;0;0;2;0,93;52,5;52,5;16;13;349;24/nov/25
1300505;RACAO CAO QUATRO PAT PREM 1KG;3;6;10;3;2,1;1,9;1,4;1,5;1,31;11,25;21,43;4;13;349;24/nov/25
1300505;RACAO CAO QUATRO PAT PREM 1KG;4;6;10;2;1,7;0;0,4;0;0,33;36,43;36,43;3;13;349;24/nov/25
1300505;RACAO CAO QUATRO PAT PREM 1KG;6;6;10;1;0,7;1;0,3;0,2;0,21;23,33;56,67;1;13;349;24/nov/25
1300505;RACAO CAO QUATRO PAT PREM 1KG;11;6;10;2;1,6;0;0,4;0,5;0,33;34,29;34,29;0;13;349;24/nov/25
1300505;RACAO CAO QUATRO PAT PREM 1KG;14;6;10;1,7;1,1;1,9;1,1;0,8;0,65;11,79;32,14;0;13;349;24/nov/25
1300435;RACAO DOCATS 1KG;2;6;10;6;5;0;1,9;1,9;2,17;16,13;16,13;6;13;349;24/nov/25
1300435;RACAO DOCATS 1KG;6;6;10;8;0,3;2;3,6;3,7;3,57;0,59;4,51;7;13;349;24/nov/25
1300435;RACAO DOCATS 1KG;13;6;10;5;2,8;2;2,7;1,5;2,45;8;13,71;1;13;349;24/nov/25
1300544;RACAO DODOG ESP CARNE ADULTO 1KG;6;6;10;1;0,6;1;0,5;0,4;0,51;8,18;21,82;1;13;349;24/nov/25
1300544;RACAO DODOG ESP CARNE ADULTO 1KG;12;6;10;2;1,3;1;0,6;0,4;0,42;21,67;38,33;2;13;349;24/nov/25
1300464;RACAO DODOG ESPECIAL 7KG;3;6;1;20;25;8;5;4;4,2;41,67;55;8;13;349;24/nov/25
1300464;RACAO DODOG ESPECIAL 7KG;18;6;1;9;5;5;4;3;3,03;11,54;23,08;0;13;349;24/nov/25
1300434;RACAO DODOG FILHOTES 1KG;2;6;10;3;2,9;0;1;1,9;1,38;14,75;14,75;2;13;349;24/nov/25
1300434;RACAO DODOG FILHOTES 1KG;3;6;10;4;4,7;4;4,5;2,9;2,8;11,75;21,75;5;13;349;24/nov/25
1300434;RACAO DODOG FILHOTES 1KG;5;6;10;2;1,6;0;1;1,3;0,82;13,71;13,71;1;13;349;24/nov/25
1300434;RACAO DODOG FILHOTES 1KG;6;6;10;4;3,2;2;1,3;1,1;1,24;18,11;29,43;2;13;349;24/nov/25
1300434;RACAO DODOG FILHOTES 1KG;7;6;10;2;1,1;2;1,4;0,9;0,89;8,68;24,47;2;13;349;24/nov/25
1300434;RACAO DODOG FILHOTES 1KG;13;6;10;2;1,1;2;1,2;0,4;0,79;9,71;27,35;2;13;349;24/nov/25
1300434;RACAO DODOG FILHOTES 1KG;17;6;10;2;1,5;1;1;1;0,84;12,5;20,83;2;13;349;24/nov/25
1017853;RACAO DODOG ORIGINAL 10,1KG;12;6;1;10;9;0;2;6;4,9;12,86;12,86;16;13;349;24/nov/25
1017853;RACAO DODOG ORIGINAL 10,1KG;13;6;1;10;9;0;6;0;3,03;20,77;20,77;16;13;349;24/nov/25
1300436;RACAO DODOG ORIGINAL ALL DAY 5KG;2;6;1;15;5;15;7;8;3,73;9,38;37,5;16;13;349;24/nov/25
1300436;RACAO DODOG ORIGINAL ALL DAY 5KG;3;6;1;25;11;19;15;5;7,93;9,71;26,47;2;13;349;24/nov/25
1300436;RACAO DODOG ORIGINAL ALL DAY 5KG;5;6;1;10;6;7;3;4;3,03;13,85;30;16;13;349;24/nov/25
1300436;RACAO DODOG ORIGINAL ALL DAY 5KG;7;6;1;10;9;0;2;3;1,87;33,75;33,75;2;13;349;24/nov/25
1300436;RACAO DODOG ORIGINAL ALL DAY 5KG;11;6;1;15;12;0;6;2;4,9;17,14;17,14;16;13;349;24/nov/25
1300436;RACAO DODOG ORIGINAL ALL DAY 5KG;12;6;1;10;8;0;2;4;1,87;30;30;16;13;349;24/nov/25
1300436;RACAO DODOG ORIGINAL ALL DAY 5KG;13;6;1;8;5;0;4;1;2,33;15;15;16;13;349;24/nov/25
1300433;RACAO DODOG PEQUENAS RACAS 1KG;2;6;10;8;5,4;0;3,4;2,9;2,64;14,34;14,34;3;13;349;24/nov/25
1300433;RACAO DODOG PEQUENAS RACAS 1KG;3;6;10;10;5,9;5;6,1;9,3;7,4;5,58;10,32;6;13;349;24/nov/25
1300433;RACAO DODOG PEQUENAS RACAS 1KG;8;6;10;2;2,3;1;1,6;1,1;0,89;18,16;26,05;3;13;349;24/nov/25
1300433;RACAO DODOG PEQUENAS RACAS 1KG;14;6;10;3;2,7;1;2,3;2,4;1,82;10,38;14,23;0;13;349;24/nov/25
1300433;RACAO DODOG PEQUENAS RACAS 1KG;18;6;10;9;3,8;2;3,2;3,7;3,03;8,77;13,38;6;13;349;24/nov/25
1300437;RACAO DODOG POWER MIX 5KG;2;6;1;15;3;0;0;0;2,1;10;10;16;13;349;24/nov/25
1300437;RACAO DODOG POWER MIX 5KG;3;6;1;30;28;15;9;11;8,87;22,11;33,95;6;13;349;24/nov/25
1300437;RACAO DODOG POWER MIX 5KG;11;1;1;15;9;0;4;5;4,67;13,5;13,5;16;13;349;24/nov/25
1300437;RACAO DODOG POWER MIX 5KG;12;1;1;15;8;0;0;4;3,73;15;15;16;13;349;24/nov/25
1300437;RACAO DODOG POWER MIX 5KG;13;1;1;10;5;9;4;2;2,57;13,64;38,18;16;13;349;24/nov/25
1300437;RACAO DODOG POWER MIX 5KG;18;1;1;15;6;12;9;11;10,5;4;12;0;13;349;24/nov/25
1300432;RACAO DODOG TRAD 1KG;2;6;10;6;3,8;0;1,4;2,5;2,26;11,75;11,75;3;13;349;24/nov/25
1300432;RACAO DODOG TRAD 1KG;3;6;10;10;10,3;1;3,3;2,3;2,99;24,14;26,48;5;13;349;24/nov/25
1300432;RACAO DODOG TRAD 1KG;18;6;10;8;7,8;1;1,7;2,3;1,84;29,62;33,42;5;13;349;24/nov/25
1023533;RACAO DOG CHOW EXTRALIFE ADULT 900G;3;6;8;2,5;3,63;3;0;0,5;0,35;72,5;132,5;0;13;349;24/nov/25
1000318;RACAO DOG CHOW SH AD SALMAO 100G;2;6;15;10;8;0;0,13;0,2;0,42;133,33;133,33;13,33;13;349;24/nov/25
1000319;RACAO DOG CHOW SH ADULTO FRANGO 100G;2;6;15;4;2,73;0;0;0;0,02;1.230,00;1.230,00;6,67;13;349;24/nov/25
1000319;RACAO DOG CHOW SH ADULTO FRANGO 100G;3;6;15;10;7,67;3;1,87;1,47;1,74;30,8;42,86;3,33;13;349;24/nov/25
1000319;RACAO DOG CHOW SH ADULTO FRANGO 100G;13;6;15;4;3,13;0;0;0,07;0,12;176,25;176,25;3,33;13;349;24/nov/25
1000319;RACAO DOG CHOW SH ADULTO FRANGO 100G;17;6;15;6;5,67;0;0,47;0,27;0,48;82,26;82,26;3,33;13;349;24/nov/25
1300618;RACAO DOG CHOW SH CARNE 100G;2;6;15;10;8,4;0;1;1,73;1,07;54,78;54,78;13,33;13;349;24/nov/25
1300618;RACAO DOG CHOW SH CARNE 100G;5;6;15;5;3,07;0;0;0;0,31;69;69;6,67;13;349;24/nov/25
1300617;RACAO DOG CHOW SH CORD 100G;3;6;15;8;8,6;4;4;3,93;3,48;17,28;25,31;6,67;13;349;24/nov/25
1300617;RACAO DOG CHOW SH CORD 100G;17;6;15;5,67;5,6;0;0,8;0,47;0,61;64,62;64,62;6,67;13;349;24/nov/25
1000317;RACAO DOG CHOW SH FILH 100G;5;6;15;5;2,47;0;0,33;0,07;0,16;111;111;6,67;13;349;24/nov/25
1000317;RACAO DOG CHOW SH FILH 100G;7;6;15;5;3,4;3;0;0,27;0,09;255;480;6,67;13;349;24/nov/25
1300619;RACAO DOG CHOW SH FRAN 100G;4;6;15;3;2,07;0;1,13;0,73;0,98;14,76;14,76;3,33;13;349;24/nov/25
1300619;RACAO DOG CHOW SH FRAN 100G;17;6;15;10;8,87;0;1,07;0,93;0,78;79,8;79,8;6,67;13;349;24/nov/25
1300752;RACAO DOG CHOW SH R.PEQ CARNE MOLH 100G;4;6;15;3;2,93;0;0,87;0,13;0,23;88;88;3,33;13;349;24/nov/25
1300752;RACAO DOG CHOW SH R.PEQ CARNE MOLH 100G;17;6;15;8;7,87;0;0,87;0,2;0,64;86,34;86,34;6,67;13;349;24/nov/25
1001606;RACAO FRISKIES MIX CARNE 1KG;3;6;10;2;3;2;0,7;0,7;0,47;45;75;2;13;349;24/nov/25
1001606;RACAO FRISKIES MIX CARNE 1KG;12;6;10;1;0,8;0;0,1;0;0,07;80;80;1;13;349;24/nov/25
1300621;RACAO FRISKIES SH CARNE MOLHO 85G;2;6;15;13,33;11,53;0;2,33;1,4;2,35;34,37;34,37;20;13;349;24/nov/25
1300621;RACAO FRISKIES SH CARNE MOLHO 85G;3;6;15;20;20,87;2;12,8;4,53;9,29;15,73;17,24;10;13;349;24/nov/25
1300621;RACAO FRISKIES SH CARNE MOLHO 85G;4;6;15;4;3,07;0;1,93;0;0,92;23,39;23,39;3,33;13;349;24/nov/25
1300621;RACAO FRISKIES SH CARNE MOLHO 85G;11;6;15;8;7,6;0;1,33;0,07;0,62;85,5;85,5;6,67;13;349;24/nov/25
1300621;RACAO FRISKIES SH CARNE MOLHO 85G;12;6;15;8;6,4;0;2,93;2,53;2,02;22,15;22,15;6,67;13;349;24/nov/25
1300621;RACAO FRISKIES SH CARNE MOLHO 85G;17;6;15;6,4;4,27;3;2;3,07;3,22;9,28;15,8;6,67;13;349;24/nov/25
1300621;RACAO FRISKIES SH CARNE MOLHO 85G;18;6;15;13,33;9,33;5;3,73;2,2;2,69;24,28;37,28;10;13;349;24/nov/25
1300745;RACAO FRISKIES SH CORDEIRO 85G;3;6;15;16,67;17,67;2;4,2;8;6,39;19,34;21,53;6,67;13;349;24/nov/25
1300745;RACAO FRISKIES SH CORDEIRO 85G;6;6;15;6;4,93;2;1,6;1,47;1,03;33,64;47,27;6,67;13;349;24/nov/25
1300745;RACAO FRISKIES SH CORDEIRO 85G;12;6;15;8;7,53;0;1,33;0,93;0,86;61,64;61,64;6,67;13;349;24/nov/25
1300622;RACAO FRISKIES SH FRANGO AO MOLHO 85G;2;6;15;13,33;13,2;0;1,27;0,87;0,93;99;99;20;13;349;24/nov/25
1300622;RACAO FRISKIES SH FRANGO AO MOLHO 85G;3;6;15;13,33;14,4;3;2,6;0;0,73;137,87;166,6;10;13;349;24/nov/25
1300622;RACAO FRISKIES SH FRANGO AO MOLHO 85G;6;6;15;13,33;1,33;13;1,6;1,13;1,84;5,08;54,66;6,67;13;349;24/nov/25
1300622;RACAO FRISKIES SH FRANGO AO MOLHO 85G;8;6;15;5;4,93;0;0,8;0,4;0,4;85,38;85,38;3,33;13;349;24/nov/25
1300622;RACAO FRISKIES SH FRANGO AO MOLHO 85G;13;6;15;6,4;5,4;0;1,73;1;1,24;30,38;30,38;6,67;13;349;24/nov/25
1300622;RACAO FRISKIES SH FRANGO AO MOLHO 85G;14;6;15;10;6,4;5;2,53;1,73;2,05;21,82;38,86;0;13;349;24/nov/25
1300622;RACAO FRISKIES SH FRANGO AO MOLHO 85G;17;6;15;10;8,13;0;2,87;1;1,37;41,59;41,59;6,67;13;349;24/nov/25
1001602;RACAO FRISKIES SH PEIXE BCO 85G;2;6;15;13,33;12,8;0;1,8;2,13;1,85;48,4;48,4;20;13;349;24/nov/25
1001602;RACAO FRISKIES SH PEIXE BCO 85G;7;6;15;4;3,53;1;1,47;0;0,34;72,27;92,73;10;13;349;24/nov/25
1001602;RACAO FRISKIES SH PEIXE BCO 85G;12;6;15;8;6,4;0;3,2;1,13;2,02;22,15;22,15;6,67;13;349;24/nov/25
1001602;RACAO FRISKIES SH PEIXE BCO 85G;17;6;15;10;11,13;0;0;0,73;1,62;48,17;48,17;6,67;13;349;24/nov/25
1001602;RACAO FRISKIES SH PEIXE BCO 85G;18;6;15;10;8,67;2;2,27;2,73;2,36;25,66;31,58;10;13;349;24/nov/25
1300747;RACAO FRISKIES SH PERU 85G;3;6;15;13,33;14,07;6;8,07;7,07;7,28;13,53;19,29;3,33;13;349;24/nov/25
1300747;RACAO FRISKIES SH PERU 85G;4;6;15;5;3,07;3;4,4;1,93;4,82;4,45;8,81;3,33;13;349;24/nov/25
1300747;RACAO FRISKIES SH PERU 85G;5;6;15;6,4;4,47;0;1,87;0,87;0,9;34,66;34,66;3,33;13;349;24/nov/25
1300747;RACAO FRISKIES SH PERU 85G;7;6;15;5;4,47;2;1,13;0,27;0,5;62,81;90,94;13,33;13;349;24/nov/25
1300747;RACAO FRISKIES SH PERU 85G;12;6;15;8;5,67;0;3,2;2,67;2,13;18,61;18,61;10;13;349;24/nov/25
1300747;RACAO FRISKIES SH PERU 85G;17;6;15;6,4;4,47;0;1,67;1;1,43;21,85;21,85;10;13;349;24/nov/25
1300747;RACAO FRISKIES SH PERU 85G;18;6;15;6,4;4,87;2;1,6;1,67;1,18;28,82;40,66;3,33;13;349;24/nov/25
1001601;RACAO FRISKIES SH SALMAO MOLHO 85G;2;6;15;13,33;13,13;0;2,6;1,27;2,08;44,1;44,1;20;13;349;24/nov/25
1001601;RACAO FRISKIES SH SALMAO MOLHO 85G;12;6;15;5;4,8;0;0,6;1,4;1,34;25,12;25,12;6,67;13;349;24/nov/25
1001601;RACAO FRISKIES SH SALMAO MOLHO 85G;14;6;15;10;8,8;2;2,47;6;3,81;16,16;19,84;0;13;349;24/nov/25
1001601;RACAO FRISKIES SH SALMAO MOLHO 85G;17;6;15;8;7,67;0;0,87;0,4;0,89;60,53;60,53;6,67;13;349;24/nov/25
49480;RACAO FUNNY BUNNY P/COELHO 500G;3;6;12;2,5;3,75;2;1,25;1,17;1,07;24,55;37,64;5,42;13;349;24/nov/25
49480;RACAO FUNNY BUNNY P/COELHO 500G;11;6;12;1,5;1,17;0;0,42;0,83;0,49;16,8;16,8;1,08;13;349;24/nov/25
49480;RACAO FUNNY BUNNY P/COELHO 500G;12;6;12;1,5;1,25;0;0,08;0,42;0,18;50;50;4,33;13;349;24/nov/25
1014367;RACAO GOOD FRIENDS CLASSICO 7KG;3;6;1;40;44;10;10;7;10,97;28,09;34,47;8;13;349;24/nov/25
1014367;RACAO GOOD FRIENDS CLASSICO 7KG;4;6;1;10;8;0;4;4;4,67;12;12;16;13;349;24/nov/25
1016944;RACAO GRANEL DOG CHOW KG;3;6;15;1;0,17;2,93;4,13;2,63;2,85;0,41;7,62;0;13;349;24/nov/25
1004185;RACAO P/GATO BIFFECAT 1KG;3;6;8;5;4,25;2;1,38;0,5;0,88;34;50;5;13;349;24/nov/25
1004185;RACAO P/GATO BIFFECAT 1KG;17;6;8;3;1,75;0;1,5;1,13;1,11;11,05;11,05;3,75;13;349;24/nov/25
1004185;RACAO P/GATO BIFFECAT 1KG;18;6;8;3,75;3,63;1;1,13;0,88;0,85;30;38,28;5;13;349;24/nov/25
1300591;RACAO QUATRO PATAS GATOS FIL 500G;2;6;10;2,5;1,8;0;0,8;0,5;0,42;30;30;2,6;13;349;24/nov/25
1300591;RACAO QUATRO PATAS GATOS FIL 500G;3;6;10;3;3,4;1;1,6;1,3;1,19;20;25,88;1,3;13;349;24/nov/25
1300591;RACAO QUATRO PATAS GATOS FIL 500G;5;6;10;2,5;1,8;1;0,9;0,7;0,58;21,6;33,6;2,6;13;349;24/nov/25
1300591;RACAO QUATRO PATAS GATOS FIL 500G;17;6;10;2;1,3;0;0,4;1,5;0,91;10;10;2,6;13;349;24/nov/25
1300506;RACAO QUATRO PATAS PREMIUM 1KG;2;6;10;2;1,5;0;0,5;0,6;0,49;21,43;21,43;3;13;349;24/nov/25
1300506;RACAO QUATRO PATAS PREMIUM 1KG;4;6;10;1;0,8;0;0,5;0,2;0,3;18,46;18,46;2;13;349;24/nov/25
1300506;RACAO QUATRO PATAS PREMIUM 1KG;12;6;10;2;1,9;0;0,2;0;0,21;63,33;63,33;1;13;349;24/nov/25
1300503;RACAO QUATRO PATAS PREMIUM ADULTO RG 1KG;4;6;10;1,5;1,3;0;0,1;0,3;0,16;55,71;55,71;2;13;349;24/nov/25
1300507;RACAO QUATRO PATAS PREMIUM GATOS 1KG;6;6;10;3;2,8;0;0,4;0,7;0,42;46,67;46,67;2;13;349;24/nov/25
1300507;RACAO QUATRO PATAS PREMIUM GATOS 1KG;12;6;10;2;2,9;0;0;0,1;0,12;174;174;2;13;349;24/nov/25
39422;RACAO SAPECA FILHOTES 1KG;6;6;10;0,8;0,2;2;0,8;0;0,19;7,5;82,5;1;13;349;24/nov/25
39422;RACAO SAPECA FILHOTES 1KG;17;6;10;1,8;1,7;0;0,1;0,1;0,09;127,5;127,5;3;13;349;24/nov/25
3400418;RACAO SAPECA PEQUENA RACAS 1KG;12;6;10;1,2;1,1;0;0,1;0;0,05;165;165;1;13;349;24/nov/25
1004214;RACAO SNOW DOG  CORD PQ PORT 5KG;3;6;1;10;15;7;3;1;1,87;56,25;82,5;6;13;349;24/nov/25
1016569;RACAO SULTAO PREMIUM GATOS 500G;3;6;10;4;5,2;2;0,9;0,4;0,65;55,71;77,14;5,2;13;349;24/nov/25
1016569;RACAO SULTAO PREMIUM GATOS 500G;13;6;10;2;1,6;0;0,5;0,2;0,35;32;32;1,3;13;349;24/nov/25
40008;RACAO WHISKAS SH CARNE 85G;4;6;40;2,5;1,4;2;1,28;0,33;0,37;26,25;63,75;1,25;13;349;24/nov/25
90311;RACAO WHISKAS SH SALMAO 85G;12;6;40;3;2,85;0;0,28;0,2;0,34;58,97;58,97;2,5;13;349;24/nov/25
1300259;SAB MATACURA SARNICIDA 80G;4;6;12;2,33;2,08;0;0,17;0,25;0,18;83,33;83,33;2,83;13;349;24/nov/25
1300259;SAB MATACURA SARNICIDA 80G;8;6;12;2,33;2,17;0;0,42;0;0,21;70,91;70,91;2,83;13;349;24/nov/25
1300908;SH GENIAL PET 2 EM 1 500ML;3;6;1;10;0;15;0;0;0;;;20;13;349;24/nov/25
1300908;SH GENIAL PET 2 EM 1 500ML;6;6;1;6;0;10;0;0;0;;;20;13;349;24/nov/25
1300908;SH GENIAL PET 2 EM 1 500ML;7;6;1;5;0;10;0;0;0;;;20;13;349;24/nov/25
1300908;SH GENIAL PET 2 EM 1 500ML;14;6;1;5;1;9;2;1;1,87;3,75;37,5;0;13;349;24/nov/25
1300908;SH GENIAL PET 2 EM 1 500ML;17;6;1;6;5;0;0;2;0,93;37,5;37,5;20;13;349;24/nov/25
1300275;SH MATACURA ANTI PULGAS 200ML;2;6;6;3,33;1,83;0;0;0;0,04;330;330;2,83;13;349;24/nov/25
1300275;SH MATACURA ANTI PULGAS 200ML;3;6;6;5;3,83;2;0;0,33;0,08;345;525;5,67;13;349;24/nov/25
1300275;SH MATACURA ANTI PULGAS 200ML;8;6;6;1,67;0,33;2;0;0,17;0,04;60;420;2,83;13;349;24/nov/25
1300275;SH MATACURA ANTI PULGAS 200ML;17;6;6;3;1,5;2;1;1;0,58;18;42;2,83;13;349;24/nov/25
1300710;TALCO MATACURA BANHO SECO 100GR;2;1;12;1;0,75;0;0,08;0,08;0,06;90;90;1,08;13;349;24/nov/25
1300710;TALCO MATACURA BANHO SECO 100GR;6;1;12;0,67;0,5;1;0;0;0,02;180;540;1,08;13;349;24/nov/25
1300710;TALCO MATACURA BANHO SECO 100GR;12;1;12;1;0,92;0;0,08;0,17;0,1;66;66;1,08;13;349;24/nov/25
1300710;TALCO MATACURA BANHO SECO 100GR;17;1;12;0,67;0,5;1;0;0;0;;;1,08;13;349;24/nov/25
1300710;TALCO MATACURA BANHO SECO 100GR;18;1;12;1;1;2;0;0;0;;;4,33;13;349;24/nov/25
18236;AGUARDENTE KIKANA 580ML;2;6;12;4;2,5;0;1,5;1,5;0,97;18;18;5;14;141;24/nov/25
18236;AGUARDENTE KIKANA 580ML;3;6;12;6;5,83;1;1,42;1,83;1,46;28;32,8;4;14;141;24/nov/25
18236;AGUARDENTE KIKANA 580ML;5;6;12;4;3,83;0;1,17;0,5;1,13;23,79;23,79;1;14;141;24/nov/25
18236;AGUARDENTE KIKANA 580ML;7;6;12;4,92;2,67;3;2,17;3;2,68;6,96;14,78;1,5;14;141;24/nov/25
18236;AGUARDENTE KIKANA 580ML;8;6;12;2;2,92;2;0,58;0,83;0,56;36,21;61,03;1,5;14;141;24/nov/25
18236;AGUARDENTE KIKANA 580ML;18;6;12;3;2,42;1;0,5;0,75;0,76;22,31;31,54;5;14;141;24/nov/25
18235;AGUARDENTE KIKANA 790ML;2;6;12;10;5,42;10;7,42;7,75;6,07;6,25;17,79;10;14;141;24/nov/25
18235;AGUARDENTE KIKANA 790ML;3;6;12;15;8,17;8;9,42;10,58;9,61;5,95;11,78;10;14;141;24/nov/25
18235;AGUARDENTE KIKANA 790ML;4;6;12;8;5,33;3;5;3,75;4,74;7,87;12,3;6;14;141;24/nov/25
18235;AGUARDENTE KIKANA 790ML;5;6;12;4,5;3,75;2;3,42;3;2,98;8,82;13,53;3;14;141;24/nov/25
18235;AGUARDENTE KIKANA 790ML;6;6;12;8;4,92;4;7,5;4,5;6,38;5,4;9,79;4;14;141;24/nov/25
18235;AGUARDENTE KIKANA 790ML;8;6;12;4,25;4,08;1;3,67;2,92;2,45;11,67;14,52;2;14;141;24/nov/25
18235;AGUARDENTE KIKANA 790ML;11;6;12;4;1,33;4;2,33;1,25;1,83;5,11;20,43;9;14;141;24/nov/25
18235;AGUARDENTE KIKANA 790ML;12;6;12;8;1,42;8;6,83;7;6,22;1,59;10,59;4;14;141;24/nov/25
18235;AGUARDENTE KIKANA 790ML;13;6;12;4;3,75;0;0,83;0,5;0,56;46,55;46,55;2,5;14;141;24/nov/25
18235;AGUARDENTE KIKANA 790ML;17;6;12;4;3,75;0;0,67;1,33;0,8;32,93;32,93;7,5;14;141;24/nov/25
18235;AGUARDENTE KIKANA 790ML;18;6;12;7;2,83;5;4,25;3,17;3,21;6,18;17,09;10;14;141;24/nov/25
9985520;AGUARDENTE TAIMBE ADOCADA 900ML;3;6;12;2;1,92;1;0,5;0,42;0,25;53,08;80,77;1;14;141;24/nov/25
9985520;AGUARDENTE TAIMBE ADOCADA 900ML;4;6;12;1;0,67;0;0,58;0,33;0,29;16;16;3;14;141;24/nov/25
9985520;AGUARDENTE TAIMBE ADOCADA 900ML;5;6;12;1;0,17;2;0;0,75;0,19;6;78;1;14;141;24/nov/25
9985520;AGUARDENTE TAIMBE ADOCADA 900ML;7;6;12;1;0;2;0;0;0;;;0;14;141;24/nov/25
9985520;AGUARDENTE TAIMBE ADOCADA 900ML;8;6;12;1;0;2;0,17;0,08;0,12;0;120;0;14;141;24/nov/25
9985520;AGUARDENTE TAIMBE ADOCADA 900ML;11;6;12;1;0;2;0;0;0;;;2;14;141;24/nov/25
21476;AGUARDENTE VELHO BARREIRO 600ML;2;6;12;2;2,5;0;0,5;0,75;0,47;37,5;37,5;3;14;141;24/nov/25
21476;AGUARDENTE VELHO BARREIRO 600ML;3;6;12;3;2,67;1;0,92;0,33;0,49;38,4;52,8;3,5;14;141;24/nov/25
21476;AGUARDENTE VELHO BARREIRO 600ML;5;6;12;2;1,67;0;0,33;0,25;0,23;50;50;1;14;141;24/nov/25
21476;AGUARDENTE VELHO BARREIRO 600ML;6;6;12;2;1,67;0;0,83;1,25;0,89;13,04;13,04;1;14;141;24/nov/25
21476;AGUARDENTE VELHO BARREIRO 600ML;11;6;12;1,5;1,42;0;0,17;0,42;0,18;56,67;56,67;1,5;14;141;24/nov/25
21476;AGUARDENTE VELHO BARREIRO 600ML;14;6;12;2;1,17;2;0,42;0,25;0,25;32,31;87,69;0,5;14;141;24/nov/25
21476;AGUARDENTE VELHO BARREIRO 600ML;17;6;12;2;2,75;0;0,25;0,5;0,56;34,14;34,14;3;14;141;24/nov/25
40597;AGUARDENTE VELHO BARREIRO 910ML;3;6;12;10;6,25;5;6,58;6,92;6,01;7,28;13,11;3,5;14;141;24/nov/25
40597;AGUARDENTE VELHO BARREIRO 910ML;5;6;12;3;2,33;2;2,75;2,08;2;8,16;15,15;1;14;141;24/nov/25
40597;AGUARDENTE VELHO BARREIRO 910ML;7;6;12;3;1,67;2;2;1,08;1,63;7,14;15,71;2;14;141;24/nov/25
40597;AGUARDENTE VELHO BARREIRO 910ML;12;6;12;6;3,83;3;4,08;3,17;4,47;6;10,7;2;14;141;24/nov/25
40597;AGUARDENTE VELHO BARREIRO 910ML;14;6;12;3;1,58;2;2,5;2,33;2;5,53;12,52;1;14;141;24/nov/25
97179;AGUARDENTE VELHO BARREIRO GOLD 910ML;2;6;6;2;1,67;0;0,33;0;0,19;60;60;6;14;141;24/nov/25
97179;AGUARDENTE VELHO BARREIRO GOLD 910ML;3;6;6;3;2,67;1;0,67;0,33;0,51;36,92;50,77;10;14;141;24/nov/25
97179;AGUARDENTE VELHO BARREIRO GOLD 910ML;4;6;6;2;1,83;0;0,33;0;0,19;66;66;0;14;141;24/nov/25
1017485;APERITIVO APEROL 750ML;14;6;6;1;0,67;1;0,67;0,33;0,31;15;37,5;1;14;141;24/nov/25
1020474;BEBIDA SCHWEPPES SPRITZ 269ML;12;6;6;1;0,33;2;1;0;0,23;10;70;4,33;14;141;24/nov/25
1020474;BEBIDA SCHWEPPES SPRITZ 269ML;18;6;6;1;0,83;1;0;0;0;;;8,67;14;141;24/nov/25
1020472;BEBIDA SCHWEPPES VODKA E CITRUS 269ML;3;6;6;2;1;2;1;0;0,23;30;90;2,17;14;141;24/nov/25
1017484;BITTER CAMPARI 748ML;2;6;6;1;4,5;2;0;0;0;;;2;14;141;24/nov/25
1017484;BITTER CAMPARI 748ML;8;6;6;0,33;0,17;1;0,33;0;0,08;15;105;0;14;141;24/nov/25
1014695;CONHAQUE DREHER TC 900ML;3;6;12;1;0,67;1;0,17;0,17;0,19;24;60;1,5;14;141;24/nov/25
1014695;CONHAQUE DREHER TC 900ML;4;1;12;1;0,58;0;0,08;0;0,06;70;70;1;14;141;24/nov/25
1014695;CONHAQUE DREHER TC 900ML;13;1;12;1;0,58;0;0;0;0,02;210;210;0,5;14;141;24/nov/25
20393;CONHAQUE PRESIDENTE 900ML;4;6;12;1;0,92;0;0,17;0,08;0,19;33;33;1;14;141;24/nov/25
20393;CONHAQUE PRESIDENTE 900ML;6;6;12;1;0,83;0;0,33;0,33;0,18;33,33;33,33;0,5;14;141;24/nov/25
20393;CONHAQUE PRESIDENTE 900ML;7;6;12;1;1,5;1;0,42;0,08;0,25;41,54;69,23;2;14;141;24/nov/25
20393;CONHAQUE PRESIDENTE 900ML;11;6;12;2;0,92;0;0,58;0,5;0,33;19,41;19,41;1,5;14;141;24/nov/25
20393;CONHAQUE PRESIDENTE 900ML;12;6;12;2;1,58;0;0,25;0,75;0,29;38;38;0,5;14;141;24/nov/25
20393;CONHAQUE PRESIDENTE 900ML;13;6;12;2;1,67;0;0,17;0;0,14;85,71;85,71;0,5;14;141;24/nov/25
20393;CONHAQUE PRESIDENTE 900ML;17;6;12;2;1,58;0;0;0;0,04;285;285;1;14;141;24/nov/25
20393;CONHAQUE PRESIDENTE 900ML;18;6;12;2;1,5;0;0,5;0;0,12;90;90;1;14;141;24/nov/25
1403448;COQUETEL BUCANERO 790ML;2;6;12;2,67;1,75;0;0,67;0,67;0,84;14,65;14,65;1,5;14;141;24/nov/25
1403448;COQUETEL BUCANERO 790ML;5;6;12;2,33;1,75;0;0,83;1;1,01;12,12;12,12;1;14;141;24/nov/25
1403448;COQUETEL BUCANERO 790ML;6;6;12;4;0,42;5;2,17;0,83;1,03;2,83;36,79;2;14;141;24/nov/25
1403448;COQUETEL BUCANERO 790ML;7;6;12;4,08;2,58;0;0,33;2,08;1,05;17,22;17,22;1,5;14;141;24/nov/25
1403448;COQUETEL BUCANERO 790ML;11;6;12;2;1,83;0;0,67;0,5;0,51;25,38;25,38;2;14;141;24/nov/25
1023655;COQUETEL CHICOTE LIMAO 500ML;2;6;12;4;3,67;0;0,33;0;0,08;330;330;0;14;141;24/nov/25
1023655;COQUETEL CHICOTE LIMAO 500ML;3;6;12;6;5,58;1;1,75;1,5;1,11;35,26;41,58;0;14;141;24/nov/25
1023655;COQUETEL CHICOTE LIMAO 500ML;4;6;12;3;2,58;0;0,5;1,58;1,17;15,5;15,5;0;14;141;24/nov/25
1023655;COQUETEL CHICOTE LIMAO 500ML;5;6;12;3;2,08;0;0,58;1,33;0,45;32,61;32,61;0;14;141;24/nov/25
1023655;COQUETEL CHICOTE LIMAO 500ML;6;6;12;4;3,92;0;0,33;0,67;0,35;78,33;78,33;0;14;141;24/nov/25
1023655;COQUETEL CHICOTE LIMAO 500ML;7;6;12;2;1,92;0;0,58;1;0,97;13,8;13,8;0;14;141;24/nov/25
1023655;COQUETEL CHICOTE LIMAO 500ML;8;6;12;2;1,75;0;1,17;0;0,51;24,23;24,23;0;14;141;24/nov/25
8000853;COQUETEL PATRICIA DO SUL 790ML;3;6;12;10;6,75;4;2,92;3,58;4,18;11,3;18;2,5;14;141;24/nov/25
8000853;COQUETEL PATRICIA DO SUL 790ML;4;6;12;4,5;4,08;0;3,67;2,08;2,68;10,65;10,65;6;14;141;24/nov/25
8000853;COQUETEL PATRICIA DO SUL 790ML;5;6;12;5;1,75;4;2,92;3,08;3,31;3,71;12,18;1;14;141;24/nov/25
8000853;COQUETEL PATRICIA DO SUL 790ML;6;6;12;6;3,17;4;1,75;3,17;3,66;6,06;13,72;3;14;141;24/nov/25
8000853;COQUETEL PATRICIA DO SUL 790ML;7;6;12;5;3,58;0;1,5;0,92;1,59;15,73;15,73;3;14;141;24/nov/25
8000853;COQUETEL PATRICIA DO SUL 790ML;8;6;12;4;1,5;3;1,33;2,67;2,06;5,09;15,28;1;14;141;24/nov/25
8000853;COQUETEL PATRICIA DO SUL 790ML;11;6;12;6;5;0;0,83;1,83;1,48;23,68;23,68;2,5;14;141;24/nov/25
8000853;COQUETEL PATRICIA DO SUL 790ML;12;6;12;6;5,33;0;1,42;2,17;2,64;14,12;14,12;1;14;141;24/nov/25
8000853;COQUETEL PATRICIA DO SUL 790ML;18;6;12;4;3,17;2;1,5;2,33;1,77;12,53;20,44;2;14;141;24/nov/25
82025;COQUETEL TAIMBE CATUABA 900ML;2;6;12;1;0,67;0;0,33;0,33;0,31;15;15;1,5;14;141;24/nov/25
82025;COQUETEL TAIMBE CATUABA 900ML;5;6;12;1;0,92;0;0,33;0,17;0,27;23,57;23,57;1;14;141;24/nov/25
37039;COQUETEL TAIMBE LIMAO 900ML;5;6;12;1;0,75;1;0,33;0,42;0,29;18;42;0,5;14;141;24/nov/25
37047;COQUETEL TAIMBE MORANGO 900ML;6;6;12;1;0,75;1;0;0;0,04;135;315;1;14;141;24/nov/25
37047;COQUETEL TAIMBE MORANGO 900ML;7;6;12;1;0,83;0;0,08;0,08;0,08;75;75;0;14;141;24/nov/25
37047;COQUETEL TAIMBE MORANGO 900ML;11;6;12;1;0,17;2;0,17;0;0,06;20;260;1;14;141;24/nov/25
96960;COQUETEL VERMUTE TAIMBE BRANCO 900ML;4;6;12;1;0,17;2;0;0,08;0,02;60;780;0;14;141;24/nov/25
96960;COQUETEL VERMUTE TAIMBE BRANCO 900ML;5;6;12;1;0,42;2;0;0,17;0,19;15;87;0;14;141;24/nov/25
1402874;GIN INTENCION 900ML;6;6;6;1;0,67;1;0,33;0,33;0,27;17,14;42,86;1;14;141;24/nov/25
1402874;GIN INTENCION 900ML;8;6;6;1;0,83;0;0,33;0;0,19;30;30;2;14;141;24/nov/25
1402939;GIN ROCKS STRAWBERRY 995ML;12;6;6;1;0,83;0;0;0,17;0,04;150;150;1;14;141;24/nov/25
1402939;GIN ROCKS STRAWBERRY 995ML;18;6;6;1;0,83;1;0;0,17;0,08;75;165;2;14;141;24/nov/25
1007458;VODKA ICE DRINK BLUE 275ML;2;6;12;2;1,33;0;0,5;0,58;0,62;15;15;2;14;141;24/nov/25
1007458;VODKA ICE DRINK BLUE 275ML;3;6;12;3;2;2;1,75;1,08;0,89;15,65;31,3;0,67;14;141;24/nov/25
1007458;VODKA ICE DRINK BLUE 275ML;4;6;12;1,5;1,33;0;0,17;0,17;0,37;25,26;25,26;0,67;14;141;24/nov/25
1007458;VODKA ICE DRINK BLUE 275ML;6;6;12;2;1,5;0;0,58;0,83;0,58;18;18;2;14;141;24/nov/25
1007458;VODKA ICE DRINK BLUE 275ML;8;6;12;1,5;1;0;0,5;0,08;0,14;51,43;51,43;1,33;14;141;24/nov/25
1007458;VODKA ICE DRINK BLUE 275ML;18;6;12;2;1,58;1;1,25;2,17;1,07;10,36;16,91;2;14;141;24/nov/25
1007463;VODKA ICE DRINK FRUTAS VERMELHAS 275ML;2;6;12;3;2,58;0;0,58;1,17;1,23;14,76;14,76;1,33;14;141;24/nov/25
1007463;VODKA ICE DRINK FRUTAS VERMELHAS 275ML;3;6;12;4;3,58;1;1,67;2,58;1,54;16,33;20,89;0,67;14;141;24/nov/25
1007463;VODKA ICE DRINK FRUTAS VERMELHAS 275ML;4;6;12;1,5;1,33;0;0,5;0,42;0,49;19,2;19,2;0,67;14;141;24/nov/25
1007463;VODKA ICE DRINK FRUTAS VERMELHAS 275ML;5;6;12;1,5;1,42;0;0,42;0,08;0,45;22,17;22,17;0;14;141;24/nov/25
1007463;VODKA ICE DRINK FRUTAS VERMELHAS 275ML;6;6;12;3;2,25;2;0,75;1;1,11;14,21;26,84;1,33;14;141;24/nov/25
1007463;VODKA ICE DRINK FRUTAS VERMELHAS 275ML;12;6;12;2;1,67;0;0,58;2,58;1,34;8,7;8,7;1,33;14;141;24/nov/25
1007463;VODKA ICE DRINK FRUTAS VERMELHAS 275ML;14;6;12;1,5;1,42;0;0,25;0,33;0,14;72,86;72,86;1,33;14;141;24/nov/25
1007463;VODKA ICE DRINK FRUTAS VERMELHAS 275ML;18;6;12;2;1;2;1,5;1,75;1,17;6;18;1,33;14;141;24/nov/25
1007460;VODKA ICE DRINK LIMAO 275ML;3;6;12;6;3,75;3;3,33;3,08;2,24;11,74;21,13;0,67;14;141;24/nov/25
1007460;VODKA ICE DRINK LIMAO 275ML;5;6;12;2;1;2;0,83;0,17;0,49;14,4;43,2;0;14;141;24/nov/25
1007460;VODKA ICE DRINK LIMAO 275ML;6;6;12;4;3,17;0;0,83;0;0,49;45,6;45,6;2;14;141;24/nov/25
1007460;VODKA ICE DRINK LIMAO 275ML;7;6;12;3;2,42;0;1,92;0,75;1,17;14,5;14,5;2;14;141;24/nov/25
1007460;VODKA ICE DRINK LIMAO 275ML;8;6;12;2;1,25;0;0,83;0,33;0,35;25;25;1,33;14;141;24/nov/25
1007460;VODKA ICE DRINK LIMAO 275ML;11;6;12;4;3,83;0;0,25;0,08;0,19;138;138;2;14;141;24/nov/25
1007460;VODKA ICE DRINK LIMAO 275ML;18;6;12;4;2,5;2;2,33;4;2,41;7,26;13,06;2;14;141;24/nov/25
1007462;VODKA ICE DRINK PINA COLADA 275ML;2;6;12;3;2,42;0;0,92;0,33;1,42;11,92;11,92;0;14;141;24/nov/25
1007462;VODKA ICE DRINK PINA COLADA 275ML;3;6;12;4;2,33;3;1,75;1,25;1,52;10,77;24,62;0,67;14;141;24/nov/25
1007462;VODKA ICE DRINK PINA COLADA 275ML;4;6;12;1,5;1,08;0;0,58;0,25;0,47;16,25;16,25;0;14;141;24/nov/25
1007462;VODKA ICE DRINK PINA COLADA 275ML;5;6;12;1,5;1,25;0;0,5;1,17;0,41;21,43;21,43;0;14;141;24/nov/25
1007462;VODKA ICE DRINK PINA COLADA 275ML;17;6;12;2;1,75;0;0,25;0,42;0,35;35;35;0;14;141;24/nov/25
1200182;VODKA INTENCION 900ML;2;6;6;4;2,33;3;1,33;1,5;1,52;10,77;24,62;2;14;141;24/nov/25
1200182;VODKA INTENCION 900ML;3;6;6;8;5,17;4;3,33;3,17;2,99;12,08;21,43;4;14;141;24/nov/25
1200182;VODKA INTENCION 900ML;5;6;6;3;2,67;0;0,67;0,17;0,58;32;32;4;14;141;24/nov/25
1200182;VODKA INTENCION 900ML;6;6;6;4;3,17;0;0,67;1;1,24;17,81;17,81;2;14;141;24/nov/25
1200182;VODKA INTENCION 900ML;7;6;6;2;1,83;0;1,33;0,67;1,01;12,69;12,69;2;14;141;24/nov/25
1200182;VODKA INTENCION 900ML;8;6;6;2;1,33;0;0,83;0;0,39;24;24;1;14;141;24/nov/25
1200182;VODKA INTENCION 900ML;11;6;6;4;3,67;0;0,17;0,33;0,62;41,25;41,25;2;14;141;24/nov/25
1200182;VODKA INTENCION 900ML;14;6;6;4;2,67;0;1;1,33;1,21;15,48;15,48;1;14;141;24/nov/25
1200182;VODKA INTENCION 900ML;17;6;6;4;3;0;1;0,5;0,62;33,75;33,75;3;14;141;24/nov/25
1200182;VODKA INTENCION 900ML;18;6;6;4;3,33;2;1;1,17;1,32;17,65;28,24;2;14;141;24/nov/25
1200183;VODKA INTENCION LT 473ML;2;6;6;2;1,83;0;0,83;0,33;0,43;30;30;2,67;14;141;24/nov/25
1200183;VODKA INTENCION LT 473ML;3;6;6;6;3,17;4;3,5;2;2,22;10;22,63;5,33;14;141;24/nov/25
1200183;VODKA INTENCION LT 473ML;5;6;6;2;1,83;0;0,17;0,33;0,27;47,14;47,14;0;14;141;24/nov/25
1023708;VODKA NINNOFF BLUE VD 900ML;2;6;6;1,33;1,17;0;0,33;0;0,12;70;70;1;14;141;24/nov/25
1023709;VODKA NINNOFF LEMON VD 900ML;2;6;6;4;1,83;0;1,17;1;0,7;18,33;18,33;1;14;141;24/nov/25
1023709;VODKA NINNOFF LEMON VD 900ML;6;6;6;4;3,83;0;0,5;0,17;0,47;57,5;57,5;0;14;141;24/nov/25
1023709;VODKA NINNOFF LEMON VD 900ML;13;6;6;4;3,5;0;1,33;0;0,54;45;45;0;14;141;24/nov/25
1023709;VODKA NINNOFF LEMON VD 900ML;17;6;6;4;3,67;0;0,33;0;0,27;94,29;94,29;0;14;141;24/nov/25
1023711;VODKA NINNOFF ORIG VD 900ML;11;6;6;3;1,5;2;1,67;0,5;0,62;16,88;39,38;0;14;141;24/nov/25
1023711;VODKA NINNOFF ORIG VD 900ML;12;6;6;3;1,17;3;2,17;1,83;1,24;6,56;23,44;0;14;141;24/nov/25
1023711;VODKA NINNOFF ORIG VD 900ML;13;6;6;3;1,83;2;3,67;1,17;1,75;7,33;15,33;0;14;141;24/nov/25
1023711;VODKA NINNOFF ORIG VD 900ML;18;6;6;3;2,17;1;0,83;0,83;0,62;24,38;35,63;0;14;141;24/nov/25
1023666;VODKA NINNOFF PET 870ML;2;6;6;4;2;3;2;1,33;1,79;7,83;19,57;0;14;141;24/nov/25
1023666;VODKA NINNOFF PET 870ML;4;6;6;3;2;0;1;1,33;1,13;12,41;12,41;0;14;141;24/nov/25
1023666;VODKA NINNOFF PET 870ML;6;6;6;4;3,5;0;1;0,17;0,93;26,25;26,25;0;14;141;24/nov/25
1023666;VODKA NINNOFF PET 870ML;12;6;6;3;2,33;0;0,67;0,67;0,39;42;42;0;14;141;24/nov/25
1023666;VODKA NINNOFF PET 870ML;13;6;6;3;2,67;0;1,33;0;0,62;30;30;0;14;141;24/nov/25
1023666;VODKA NINNOFF PET 870ML;14;6;6;2;1,67;0;0,33;0,33;0,51;23,08;23,08;0;14;141;24/nov/25
1023666;VODKA NINNOFF PET 870ML;18;6;6;3;2,83;0;0,17;0;0,19;102;102;0;14;141;24/nov/25
1023710;VODKA NINNOFF RED VD 900ML;2;6;6;1,33;0,33;2;0,83;0,67;0,7;3,33;23,33;1;14;141;24/nov/25
1023710;VODKA NINNOFF RED VD 900ML;6;6;6;1;0,83;1;0,5;0;0,35;16,67;36,67;0;14;141;24/nov/25
13210;VODKA POPOKELVIS TRAD 900ML;5;6;6;1;0,83;0;0,17;0,5;0,39;15;15;0;14;141;24/nov/25
19520;VODKA RAJSKA 1L;3;6;12;2;1,92;1;0,75;0,92;0,64;20,91;31,82;1;14;141;24/nov/25
19520;VODKA RAJSKA 1L;11;6;12;1,5;1,33;0;0,5;0,08;0,16;60;60;1,5;14;141;24/nov/25
97040;VODKA SMIRNOFF ICE LIMAO 275ML;3;6;24;3;2,33;2;1,46;1,08;0,98;16,63;30,89;0,33;14;141;24/nov/25
97040;VODKA SMIRNOFF ICE LIMAO 275ML;4;6;24;1;0,88;0;0,38;0,08;0,3;20,32;20,32;3;14;141;24/nov/25
97040;VODKA SMIRNOFF ICE LIMAO 275ML;17;6;24;2;1,38;0;0,54;0,21;0,29;33;33;0,67;14;141;24/nov/25
1022580;VODKA SPRITE ABSOLUT LT 269ML;2;6;6;2;1,5;0;0,5;0;0,23;45;45;1,33;14;141;24/nov/25
1022580;VODKA SPRITE ABSOLUT LT 269ML;3;6;6;3;3,83;2;1,67;0,83;1,01;26,54;40,38;0;14;141;24/nov/25
1022580;VODKA SPRITE ABSOLUT LT 269ML;4;6;6;2;1,17;2;0,83;0;1,05;7,78;21,11;0;14;141;24/nov/25
1022580;VODKA SPRITE ABSOLUT LT 269ML;7;6;6;1;0,5;1;0,83;0,33;0,35;10;30;0;14;141;24/nov/25
13216;VODKA VOLCOF 900ML;7;6;12;1;1,5;1;0,67;0,25;0,35;30;50;0,5;14;141;24/nov/25
1023665;VODKA WEMIX FR VERDE C/CHA VDE VD 275ML;2;6;6;2;1,33;0;0,67;0,67;0,51;18,46;18,46;0;14;141;24/nov/25
1023665;VODKA WEMIX FR VERDE C/CHA VDE VD 275ML;3;6;6;3;2,83;1;0,17;0;0,08;255;345;0;14;141;24/nov/25
1023665;VODKA WEMIX FR VERDE C/CHA VDE VD 275ML;18;6;6;1,33;0,5;2;1,17;0,17;0,35;10;50;0;14;141;24/nov/25
1023663;VODKA WEMIX LIMAO GEN C/CHA BCO VD 275ML;3;6;6;6;4,17;3;1,83;0,5;1,05;27,78;47,78;0;14;141;24/nov/25
1023663;VODKA WEMIX LIMAO GEN C/CHA BCO VD 275ML;13;6;6;2;1,33;0;0,67;0;0,27;34,29;34,29;0;14;141;24/nov/25
1023707;VODKA WEMIX MEL/HORT C/ CHA VDE VD 275ML;2;6;6;1,33;0,5;2;1;0,67;0,62;5,63;28,13;0;14;141;24/nov/25
1023707;VODKA WEMIX MEL/HORT C/ CHA VDE VD 275ML;18;6;6;1,33;0,17;2;1,33;0,5;0,47;2,5;32,5;0;14;141;24/nov/25
1023661;VODKA WEMIX MOR KIWI C/CHA BCO VD 275ML;12;6;6;1;0,67;1;1;0;0,27;17,14;42,86;0;14;141;24/nov/25
19521;WHISKY BLACK STONE 1L;3;6;12;2;1,67;1;0,83;0,5;0,49;24;38,4;1;14;141;24/nov/25
19521;WHISKY BLACK STONE 1L;6;6;12;2;0,92;2;0,5;0,42;0,25;25,38;80,77;0,5;14;141;24/nov/25
19521;WHISKY BLACK STONE 1L;7;6;12;1;1,67;0;0,33;0,33;0,25;46,15;46,15;2;14;141;24/nov/25
19521;WHISKY BLACK STONE 1L;17;6;12;1;0,83;0;0,42;0,5;0,29;20;20;1,5;14;141;24/nov/25
49072;WHISKY GREEN VALLEY 1L;14;6;1;4;1;5;4;0;1,17;6;36;12;14;141;24/nov/25
93507;WHISKY MASTER GOLD 900ML;1;6;1;8;7;0;1;1;1,17;42;42;0;14;141;24/nov/25
93507;WHISKY MASTER GOLD 900ML;11;6;1;8;4;8;3;5;2,8;10;30;12;14;141;24/nov/25
93507;WHISKY MASTER GOLD 900ML;17;6;1;8;5;0;2;3;2,57;13,64;13,64;18;14;141;24/nov/25
14614;WHISKY NATU NOBILIS 1L;2;6;1;6;4;0;2;0;0,47;60;60;18;14;141;24/nov/25
11952;XAROPE C/BASICA GROSELHA 900ML;2;6;6;3;2,33;0;0,67;0,67;0,62;26,25;26,25;0;14;141;24/nov/25
11952;XAROPE C/BASICA GROSELHA 900ML;3;6;6;4;2,17;3;1,83;1,17;0,97;15,6;37,2;0;14;141;24/nov/25
11952;XAROPE C/BASICA GROSELHA 900ML;4;6;6;2;1,5;0;0,5;0,33;0,39;27;27;0;14;141;24/nov/25
11952;XAROPE C/BASICA GROSELHA 900ML;5;6;6;2;1,33;0;0,5;0,33;0,47;20;20;0;14;141;24/nov/25
11952;XAROPE C/BASICA GROSELHA 900ML;6;6;6;3;1,17;3;1,5;1,17;1,05;7,78;27,78;0;14;141;24/nov/25
1200126;COOLER CANCAO MORANGO 750ML;6;6;12;1;0,92;0;0,08;0;0,02;330;330;2,33;14;142;24/nov/25
1014875;ESPUMANTE AURORA ROSE ZERO ALCOOL 750ML;14;6;6;1;0,67;0;0;0;0,12;40;40;0;14;142;24/nov/25
9334;FILTRADO PRESTIGE ROSE 660ML;18;6;12;1;0,92;1;0;0,17;0,14;47,14;98,57;0;14;142;24/nov/25
41242;KEEP COOLER CLASSIC CITRUS 275ML;18;6;6;1;0,83;1;0,17;0;0,08;75;165;0;14;142;24/nov/25
1014877;KEEP COOLER CLASSIC TANGERINA 275ML;12;6;24;1;0,71;0;0,04;0;0,03;170;170;0,25;14;142;24/nov/25
41245;KEEP COOLER CLASSIC UVA 275ML;3;6;24;1;0,79;1;0,13;0;0,05;114;258;0;14;142;24/nov/25
41245;KEEP COOLER CLASSIC UVA 275ML;4;6;24;1;-0,5;2;0,08;0,21;0,09;-40;120;0;14;142;24/nov/25
41245;KEEP COOLER CLASSIC UVA 275ML;5;6;24;1;0,96;0;0;0,04;0,01;690;690;0;14;142;24/nov/25
1003786;SIDRA GOTA DE PRATA 660ML;2;6;12;3;0,75;3;2,33;3,17;1,81;2,9;14,52;0;14;142;24/nov/25
1003786;SIDRA GOTA DE PRATA 660ML;6;6;12;2;1,08;2;1,58;1,42;1,77;4,29;12,2;0;14;142;24/nov/25
1003786;SIDRA GOTA DE PRATA 660ML;7;6;12;2;1,58;1;1,58;3,92;1,73;6,4;10,45;1;14;142;24/nov/25
1003786;SIDRA GOTA DE PRATA 660ML;11;6;12;3;2,5;0;1,08;2;0,84;20,93;20,93;0;14;142;24/nov/25
1003787;SIDRA GOTA DE PRATA BRANCA S/ ALCOOL;3;6;12;1;0,83;1;1,25;2,08;1,05;5,56;12,22;0;14;142;24/nov/25
1003787;SIDRA GOTA DE PRATA BRANCA S/ ALCOOL;6;6;12;1;0;2;1;0;0,58;0;24;0;14;142;24/nov/25
1003787;SIDRA GOTA DE PRATA BRANCA S/ ALCOOL;7;6;12;1;0,83;0;0,5;0,33;0,31;18,75;18,75;1;14;142;24/nov/25
1003785;SIDRA GOTA DE PRATA ROSE 660ML;3;6;12;4;3,08;2;3;0;1,4;15,42;25,42;0;14;142;24/nov/25
1003785;SIDRA GOTA DE PRATA ROSE 660ML;6;6;12;1;3;0;2;1;1,79;11,74;11,74;0;14;142;24/nov/25
1003785;SIDRA GOTA DE PRATA ROSE 660ML;7;6;12;2;1,67;0;1;0,17;0,95;12,24;12,24;1;14;142;24/nov/25
1003785;SIDRA GOTA DE PRATA ROSE 660ML;8;6;12;1;0;2;1;0;0,23;0;60;0;14;142;24/nov/25
1003785;SIDRA GOTA DE PRATA ROSE 660ML;11;6;12;4;0,42;5;2,75;3,92;1,56;1,88;24,38;0;14;142;24/nov/25
1003788;SIDRA GOTA DE PRATA ROSE S/ ALCOOL;3;6;12;1,08;0,17;2;1,75;1;0,95;1,22;15,92;0;14;142;24/nov/25
3810;VERMUTE MARTINI BIANCO 750ML;14;6;1;2;1;2;3;0;0,7;10;30;0;14;142;24/nov/25
1200158;VERMUTE MARTINI ROSATO 750ML;2;1;12;1;0,33;2;0,08;0,08;0,04;60;420;0;14;142;24/nov/25
1024473;CERV BELLAVISTA PILSEN LT 473ML;2;6;12;40;0;41;0;0;0;;;0;14;143;24/nov/25
1024473;CERV BELLAVISTA PILSEN LT 473ML;3;6;12;110;0;111;0;0;0;;;0;14;143;24/nov/25
1024473;CERV BELLAVISTA PILSEN LT 473ML;5;6;12;8;0;9;0;0;0;;;0;14;143;24/nov/25
1024473;CERV BELLAVISTA PILSEN LT 473ML;6;6;12;40;0;41;0;0;0;;;0;14;143;24/nov/25
1024473;CERV BELLAVISTA PILSEN LT 473ML;7;6;12;8;0;9;0;0;0;;;0;14;143;24/nov/25
1024473;CERV BELLAVISTA PILSEN LT 473ML;8;6;12;6;0;7;0;0;0;;;0;14;143;24/nov/25
1024473;CERV BELLAVISTA PILSEN LT 473ML;11;6;12;12;0;13;0;0;0;;;0;14;143;24/nov/25
1024473;CERV BELLAVISTA PILSEN LT 473ML;12;6;12;12;0;13;0;0;0;;;0;14;143;24/nov/25
1024473;CERV BELLAVISTA PILSEN LT 473ML;13;6;12;12;0;13;0;0;0;;;0;14;143;24/nov/25
1024473;CERV BELLAVISTA PILSEN LT 473ML;14;6;12;8;0;9;0;0;0;;;0;14;143;24/nov/25
1024473;CERV BELLAVISTA PILSEN LT 473ML;17;6;12;12;0;13;0;0;0;;;0;14;143;24/nov/25
1024473;CERV BELLAVISTA PILSEN LT 473ML;18;6;12;12;0;13;0;0;0;;;0;14;143;24/nov/25
1021213;CERV PROVINCIA PURO MALTE ZERO LT 473ML;2;6;12;4;1,5;3;2,17;1;1,63;6,43;19,29;0;14;143;24/nov/25
1021213;CERV PROVINCIA PURO MALTE ZERO LT 473ML;3;6;12;10;8,58;2;4,42;7,83;6,07;9,9;12,21;0;14;143;24/nov/25
1021213;CERV PROVINCIA PURO MALTE ZERO LT 473ML;4;6;12;3;2,42;0;0,75;1,67;1,07;15,82;15,82;0;14;143;24/nov/25
1021213;CERV PROVINCIA PURO MALTE ZERO LT 473ML;7;6;12;2;1;2;1,42;0;0,76;9,23;27,69;0;14;143;24/nov/25
1021213;CERV PROVINCIA PURO MALTE ZERO LT 473ML;12;6;12;4;2,5;2;2,58;3,42;3,23;5,42;9,76;0;14;143;24/nov/25
1021213;CERV PROVINCIA PURO MALTE ZERO LT 473ML;13;6;12;4;3,67;0;0,5;1,83;2,14;12;12;0;14;143;24/nov/25
1021213;CERV PROVINCIA PURO MALTE ZERO LT 473ML;14;6;12;2;1,42;3;1,58;1,08;1,59;6,22;19,39;0;14;143;24/nov/25
1021213;CERV PROVINCIA PURO MALTE ZERO LT 473ML;18;6;12;4;2,75;2;1,25;3,58;1,59;12,07;20,85;0;14;143;24/nov/25
1402872;CERVEJA AMSTEL LAGER LT 473ML;4;6;12;24;13,83;11;21,67;13,83;13,75;7,04;12,64;0;14;143;24/nov/25
1402872;CERVEJA AMSTEL LAGER LT 473ML;5;6;12;20;11,75;7;21,33;14,42;14,33;5,74;9,16;0;14;143;24/nov/25
1402872;CERVEJA AMSTEL LAGER LT 473ML;7;6;12;17;13;5;11,83;11,08;8,89;10,24;14,18;0;14;143;24/nov/25
1402872;CERVEJA AMSTEL LAGER LT 473ML;8;6;12;58;36,92;9;21,42;15,42;16,51;15,65;19,47;0;14;143;24/nov/25
1402872;CERVEJA AMSTEL LAGER LT 473ML;11;6;12;50;48,08;17;55,75;42,92;36,05;9,34;12,64;0;14;143;24/nov/25
1402872;CERVEJA AMSTEL LAGER LT 473ML;13;6;12;48;42,75;0;19,25;24,92;14,47;20,69;20,69;0;14;143;24/nov/25
1402872;CERVEJA AMSTEL LAGER LT 473ML;17;6;12;19;18,17;0;9,25;6,67;6,03;21,1;21,1;0;14;143;24/nov/25
1006085;CERVEJA AMSTEL ULTRA LN 275ML;2;6;12;10;7,17;4;6,17;3,5;3,85;13,03;20,3;0;14;143;24/nov/25
1006085;CERVEJA AMSTEL ULTRA LN 275ML;5;6;12;1,67;0,58;2;4,42;3;2,2;1,86;8,23;0;14;143;24/nov/25
1006085;CERVEJA AMSTEL ULTRA LN 275ML;8;6;12;2;0,08;3;4;4,25;2,31;0,25;9,33;0;14;143;24/nov/25
1006085;CERVEJA AMSTEL ULTRA LN 275ML;11;6;12;11;1,5;10;13,92;15,58;7,64;1,37;10,53;0;14;143;24/nov/25
1006085;CERVEJA AMSTEL ULTRA LN 275ML;12;6;12;7;0,83;7;8,33;8,42;7,64;0,76;7,18;0;14;143;24/nov/25
1006085;CERVEJA AMSTEL ULTRA LN 275ML;14;6;12;5;1;5;6,83;3,42;2,63;2,67;16;0;14;143;24/nov/25
1401202;CERVEJA ANTARCTICA SUBZERO 1L;2;6;12;8;3,92;5;5,67;6,58;5,39;5,09;11,59;0;14;143;24/nov/25
1401202;CERVEJA ANTARCTICA SUBZERO 1L;3;6;12;15;10,42;6;7,08;7;6,18;11,79;18,58;0;14;143;24/nov/25
1401202;CERVEJA ANTARCTICA SUBZERO 1L;5;6;12;3;0;4;3,58;0,5;2,1;0;13,33;0;14;143;24/nov/25
1401202;CERVEJA ANTARCTICA SUBZERO 1L;6;6;12;6;5,92;0;2,83;3,92;2,59;16,02;16,02;0;14;143;24/nov/25
1401202;CERVEJA ANTARCTICA SUBZERO 1L;7;6;12;3;1,75;2;1;0,33;0,76;16,15;34,62;0;14;143;24/nov/25
1401202;CERVEJA ANTARCTICA SUBZERO 1L;11;6;12;3;2,25;0;1,08;2,5;0,88;18;18;0;14;143;24/nov/25
1401202;CERVEJA ANTARCTICA SUBZERO 1L;12;6;12;3;2,17;0;2,33;2,17;1,44;10,54;10,54;0;14;143;24/nov/25
1401202;CERVEJA ANTARCTICA SUBZERO 1L;13;6;12;3;2;0;2,92;2,25;1,4;10;10;0;14;143;24/nov/25
1401202;CERVEJA ANTARCTICA SUBZERO 1L;18;6;12;2;1,5;1;0,92;0,92;0,82;12,86;21,43;0;14;143;24/nov/25
1402230;CERVEJA ANTARTICA PILSEN LT 473ML;4;6;12;22;7;20;16,83;6;17,34;2,83;10,9;0;14;143;24/nov/25
1402230;CERVEJA ANTARTICA PILSEN LT 473ML;5;6;12;28;12,42;23;21,5;29,58;19,17;4,53;12,93;0;14;143;24/nov/25
1402230;CERVEJA ANTARTICA PILSEN LT 473ML;6;6;12;50;52,42;70;68,75;55,25;47,97;7,65;17,86;0;14;143;24/nov/25
1402230;CERVEJA ANTARTICA PILSEN LT 473ML;7;6;12;24;16,83;13;8,58;22,58;11,59;10,17;18,02;0;14;143;24/nov/25
1402230;CERVEJA ANTARTICA PILSEN LT 473ML;8;6;12;28;9;26;24,17;12,17;14,27;4,41;17,17;0;14;143;24/nov/25
1402230;CERVEJA ANTARTICA PILSEN LT 473ML;12;6;12;38;32,58;17;35,08;37,67;28,33;8,05;12,25;0;14;143;24/nov/25
1402230;CERVEJA ANTARTICA PILSEN LT 473ML;17;6;12;15;9,92;10;4,17;9,83;5,62;12,35;24,81;0;14;143;24/nov/25
1402861;CERVEJA BOHEMIA LT 473ML;2;1;12;16;11,67;5;5,08;0;9,22;8,86;12,66;0;14;143;24/nov/25
1402861;CERVEJA BOHEMIA LT 473ML;3;6;12;110;60,75;41,58;12,25;81,33;86,39;4,92;8,29;0;14;143;24/nov/25
1402861;CERVEJA BOHEMIA LT 473ML;8;6;12;5;4,83;8;0,42;22;10,05;3,37;8,94;0;14;143;24/nov/25
1402861;CERVEJA BOHEMIA LT 473ML;13;1;12;12;3,08;10;5,17;1,33;5,89;3,66;15,54;0;14;143;24/nov/25
1402861;CERVEJA BOHEMIA LT 473ML;14;6;12;7;4,58;3;5,42;7,5;18,41;1,74;2,88;0;14;143;24/nov/25
1402861;CERVEJA BOHEMIA LT 473ML;17;6;12;5;0;2;1;1,58;0,76;0;18,46;0;14;143;24/nov/25
9968561;CERVEJA BRAHMA CHOPP 1L;3;6;12;20;6,08;15;11,33;14,58;8,52;5;17,33;0;14;143;24/nov/25
9968561;CERVEJA BRAHMA CHOPP 1L;7;6;12;2;-0,08;3;2,42;0,5;0,97;-0,6;21;0;14;143;24/nov/25
9968561;CERVEJA BRAHMA CHOPP 1L;12;6;12;10;1,42;10;6,92;13,17;6,48;1,53;12,34;0;14;143;24/nov/25
9968561;CERVEJA BRAHMA CHOPP 1L;12;6;12;10;1,42;10;6,92;13,17;6,48;1,53;12,34;0;14;143;24/nov/25
9968561;CERVEJA BRAHMA CHOPP 1L;18;6;12;5;2,5;3;2,67;1,08;2,22;7,89;17,37;0;14;143;24/nov/25
1402617;CERVEJA BRAHMA CHOPP 300ML;3;6;23;2;0,48;2;2,52;3,48;2,07;1,62;8,38;0;14;143;24/nov/25
1402617;CERVEJA BRAHMA CHOPP 300ML;12;6;23;2;0,78;2;2,22;0;0,52;10,59;37,65;0;14;143;24/nov/25
1402617;CERVEJA BRAHMA CHOPP 300ML;13;6;23;1,04;0,61;1;1;0,48;0,85;5;13,21;0;14;143;24/nov/25
9943919;CERVEJA BRAHMA CHOPP LT 473ML;2;6;12;110;79,92;220;108,25;97,5;74,76;7,48;28,08;0;14;143;24/nov/25
9943919;CERVEJA BRAHMA CHOPP LT 473ML;4;6;12;20;18,08;10;12,17;15,25;14,68;8,62;13,39;0;14;143;24/nov/25
9943919;CERVEJA BRAHMA CHOPP LT 473ML;7;6;12;26;-3;27;56,83;17,75;32,8;-0,64;5,12;0;14;143;24/nov/25
9943919;CERVEJA BRAHMA CHOPP LT 473ML;12;6;12;110;107,25;220;211,67;153,83;171,05;4,39;13,39;0;14;143;24/nov/25
9943919;CERVEJA BRAHMA CHOPP LT 473ML;13;6;12;50;30,83;29;42,67;48,25;41,11;5,25;10,19;0;14;143;24/nov/25
1402223;CERVEJA BRAHMA CHOPP ZERO LT 350ML;2;6;12;8;5,08;4;3,92;4,92;3,62;9,84;17,58;0;14;143;24/nov/25
1402223;CERVEJA BRAHMA CHOPP ZERO LT 350ML;3;6;12;12;8,25;5;9,33;7,08;6,69;8,63;13,87;0;14;143;24/nov/25
1402223;CERVEJA BRAHMA CHOPP ZERO LT 350ML;4;6;12;3;2,42;2;2,08;1,5;1,73;9,78;17,87;0;14;143;24/nov/25
1402223;CERVEJA BRAHMA CHOPP ZERO LT 350ML;5;6;12;4;2,67;2;2,08;1,92;1,71;10,91;19,09;0;14;143;24/nov/25
1402223;CERVEJA BRAHMA CHOPP ZERO LT 350ML;8;6;12;3;1,42;2;1,08;1;1,11;8,95;21,58;0;14;143;24/nov/25
1402223;CERVEJA BRAHMA CHOPP ZERO LT 350ML;12;6;12;4;2,83;0;0,75;2,5;1,44;13,78;13,78;0;14;143;24/nov/25
1402223;CERVEJA BRAHMA CHOPP ZERO LT 350ML;14;6;12;4;3,58;0;4,25;1;1,93;13,03;13,03;0;14;143;24/nov/25
1402223;CERVEJA BRAHMA CHOPP ZERO LT 350ML;18;6;12;4;3;2;2;3,92;1,38;15,21;25,35;0;14;143;24/nov/25
1000618;CERVEJA BRAHMA DUPLO MALTE LT 473ML;2;6;12;30;24;0;6,92;10,17;7,37;22,8;22,8;0;14;143;24/nov/25
1000618;CERVEJA BRAHMA DUPLO MALTE LT 473ML;4;6;12;11;10,75;0;0,75;0,42;1,48;50,92;50,92;0;14;143;24/nov/25
1000618;CERVEJA BRAHMA DUPLO MALTE LT 473ML;6;6;12;25;21,5;0;6,92;10,17;7,37;20,42;20,42;0;14;143;24/nov/25
1000618;CERVEJA BRAHMA DUPLO MALTE LT 473ML;7;6;12;9;5,58;4;3,58;4,58;4,14;9,44;16,2;0;14;143;24/nov/25
1000618;CERVEJA BRAHMA DUPLO MALTE LT 473ML;8;6;12;5;3,5;0;1,5;1;0,88;28;28;0;14;143;24/nov/25
1000618;CERVEJA BRAHMA DUPLO MALTE LT 473ML;11;6;12;13;10,08;0;2,92;1,5;1,5;47,14;47,14;0;14;143;24/nov/25
1000618;CERVEJA BRAHMA DUPLO MALTE LT 473ML;12;6;12;16;13;4;9,08;3,83;5,46;16,65;21,78;0;14;143;24/nov/25
1000618;CERVEJA BRAHMA DUPLO MALTE LT 473ML;13;6;12;17;10,67;7;7,17;11,75;7,21;10,35;17,14;0;14;143;24/nov/25
1000618;CERVEJA BRAHMA DUPLO MALTE LT 473ML;17;6;12;15;11,25;0;3,33;7,75;4,32;18,24;18,24;0;14;143;24/nov/25
1000618;CERVEJA BRAHMA DUPLO MALTE LT 473ML;18;6;12;18;17;2;1,58;2,42;1,67;71,16;79,53;0;14;143;24/nov/25
1007010;CERVEJA BUDWEISER 300ML;3;6;23;2;0,74;2;3,91;2,65;2,8;1,85;6,85;0;14;143;24/nov/25
1007010;CERVEJA BUDWEISER 300ML;7;6;23;1,04;0,87;0;0;0,43;0,16;37,5;37,5;0;14;143;24/nov/25
1007010;CERVEJA BUDWEISER 300ML;8;6;23;1,04;-0,09;2;0;1,48;0,47;-1,3;28,7;0;14;143;24/nov/25
1007010;CERVEJA BUDWEISER 300ML;11;6;23;1,04;0;2;0,52;1;0,36;0;39,43;0;14;143;24/nov/25
1007010;CERVEJA BUDWEISER 300ML;14;6;23;1,04;2,17;0;1;1;0,88;17,24;17,24;0;14;143;24/nov/25
1402986;CERVEJA BUDWEISER LN 330ML;2;6;24;3;0,5;3;1,33;2,17;1,58;2,21;15,46;0;14;143;24/nov/25
1402986;CERVEJA BUDWEISER LN 330ML;7;6;24;2;1,04;2;0,58;0,5;0,94;7,73;22,58;0;14;143;24/nov/25
1402986;CERVEJA BUDWEISER LN 330ML;13;6;24;1,58;1,25;0;0;0,38;0,41;21,43;21,43;0;14;143;24/nov/25
1402986;CERVEJA BUDWEISER LN 330ML;14;6;24;2;0,79;2;0,63;0,96;0,85;6,55;23,1;0;14;143;24/nov/25
1402773;CERVEJA BUDWEISER LT 473ML;4;6;12;22;17,42;9;9,33;9,17;13,32;9,15;13,88;0;14;143;24/nov/25
1402773;CERVEJA BUDWEISER LT 473ML;6;6;12;110;90,92;234;59,17;204,33;91,35;6,97;24,9;0;14;143;24/nov/25
1402773;CERVEJA BUDWEISER LT 473ML;7;6;12;30;27,42;13;12,5;31,58;20,18;9,51;14,02;0;14;143;24/nov/25
1402773;CERVEJA BUDWEISER LT 473ML;8;6;12;50;2;110;228,33;64,83;73,4;0,19;10,68;0;14;143;24/nov/25
1402773;CERVEJA BUDWEISER LT 473ML;14;6;12;66,67;2,92;107;12,83;92,08;48,84;0,42;15,75;0;14;143;24/nov/25
1002594;CERVEJA BUDWEISER ZERO LN 330ML;7;6;24;1;0,58;1;1,04;0,13;0,33;12,35;33,53;0;14;143;24/nov/25
1002594;CERVEJA BUDWEISER ZERO LN 330ML;8;6;24;1;0,83;0;0,25;0;0,25;23,08;23,08;0;14;143;24/nov/25
1002594;CERVEJA BUDWEISER ZERO LN 330ML;14;6;24;1;0,92;0;0,71;0,38;0,25;25,38;25,38;0;14;143;24/nov/25
1002593;CERVEJA BUDWEISER ZERO STEEK LT 350ML;3;6;8;9;7,88;2;8,38;5,13;7,79;7,08;8,88;0;14;143;24/nov/25
1002593;CERVEJA BUDWEISER ZERO STEEK LT 350ML;4;6;8;4;2,88;0;1,38;1,63;1,63;12,32;12,32;0;14;143;24/nov/25
1002593;CERVEJA BUDWEISER ZERO STEEK LT 350ML;7;6;8;4;3,13;2;1;0,75;1,49;14,71;24,12;0;14;143;24/nov/25
1002593;CERVEJA BUDWEISER ZERO STEEK LT 350ML;8;6;8;3;2,13;0;1;2,63;1,14;13,08;13,08;0;14;143;24/nov/25
1002593;CERVEJA BUDWEISER ZERO STEEK LT 350ML;14;6;8;6;4,25;3;2,25;8,63;3,94;7,56;12,89;0;14;143;24/nov/25
1002593;CERVEJA BUDWEISER ZERO STEEK LT 350ML;18;6;8;4;3,25;2;2;4,13;3,44;6,61;10,68;0;14;143;24/nov/25
1019485;CERVEJA CORONA CERO LN 330ML;14;6;24;1;0;2;1,5;0,54;0,89;0;15,65;0;14;143;24/nov/25
1015533;CERVEJA CORONA EXTRA  LT 473ML;13;6;12;3;2,08;2;2,67;1;0,91;15,96;31,28;0;14;143;24/nov/25
1015533;CERVEJA CORONA EXTRA  LT 473ML;17;6;12;3;2,25;0;1;0;0,78;20,25;20,25;0;14;143;24/nov/25
1403178;CERVEJA CORONA EXTRA LN 330ML;2;6;24;2;-0,67;3;2,13;1,21;1,76;-2,65;9,28;0;14;143;24/nov/25
1403178;CERVEJA CORONA EXTRA LN 330ML;6;6;24;1,58;1,42;0;0,54;0,5;0,77;12,91;12,91;0;14;143;24/nov/25
1403178;CERVEJA CORONA EXTRA LN 330ML;7;6;24;1,58;1;2;1,04;0,88;0,99;7,06;21,18;0;14;143;24/nov/25
1403178;CERVEJA CORONA EXTRA LN 330ML;13;6;24;2;0,92;2;0,88;1,29;0,82;7,86;25;0;14;143;24/nov/25
1403359;CERVEJA CORONITA EXTRA LONG NECK 210ML;12;6;24;1;0,79;0;0,33;0;0,17;33,53;33,53;0;14;143;24/nov/25
1015545;CERVEJA CRISTAL BADEN LT 473ML;14;6;12;2;1,83;0;0,5;0,5;0,27;47,14;47,14;0;14;143;24/nov/25
1403361;CERVEJA EISENBAHN LT 473ML;4;6;12;26;23,58;3;3,33;2,17;4,86;33,96;38,28;0;14;143;24/nov/25
1403361;CERVEJA EISENBAHN LT 473ML;7;6;12;18;5,33;14;3,58;6,25;3,42;10,91;39,55;0;14;143;24/nov/25
1403361;CERVEJA EISENBAHN LT 473ML;13;6;12;29;6,67;23;6,17;3,75;6,42;7,27;32,36;0;14;143;24/nov/25
1403520;CERVEJA ESTRELLA GALIC PURO M LT 473ML;13;6;12;5;4,08;0;1,25;3,17;1,85;15,47;15,47;0;14;143;24/nov/25
1403520;CERVEJA ESTRELLA GALIC PURO M LT 473ML;14;6;12;2;1,58;0;0,42;0;0,91;12,13;12,13;0;14;143;24/nov/25
1403520;CERVEJA ESTRELLA GALIC PURO M LT 473ML;17;6;12;4;2,33;0;2,17;0,17;0,91;17,87;17,87;0;14;143;24/nov/25
1401851;CERVEJA GLACIAL LT 473ML;4;6;12;23;11,75;15;15,08;9,42;14,78;5,57;12,67;0;14;143;24/nov/25
1401851;CERVEJA GLACIAL LT 473ML;7;6;12;41;19,83;24;21,83;18;30,02;4,62;10,22;0;14;143;24/nov/25
1401851;CERVEJA GLACIAL LT 473ML;8;6;12;50;37,75;22;26,08;25,75;26,58;9,94;15,74;0;14;143;24/nov/25
1401851;CERVEJA GLACIAL LT 473ML;12;6;12;27;15,58;19;14,08;12,83;17,99;6,06;13,46;0;14;143;24/nov/25
1401851;CERVEJA GLACIAL LT 473ML;13;6;12;34;24,5;11;13;8,42;19,13;8,96;12,99;0;14;143;24/nov/25
1402689;CERVEJA HEINEKEN LN 330ML;3;6;24;10;13,21;4;8;9,25;14,59;6,34;8,25;0;14;143;24/nov/25
1402689;CERVEJA HEINEKEN LN 330ML;5;6;24;2;1,63;1;2,71;0,67;1,51;7,55;12,19;0;14;143;24/nov/25
1402689;CERVEJA HEINEKEN LN 330ML;13;6;24;3;2,25;0;0,71;0,88;0,49;32,4;32,4;0;14;143;24/nov/25
1402689;CERVEJA HEINEKEN LN 330ML;14;6;24;3;1,42;3;1,88;0,63;1,27;7,79;24,27;0;14;143;24/nov/25
1402689;CERVEJA HEINEKEN LN 330ML;17;6;24;3;1,25;3;2,54;1,33;1,32;6,62;22,5;0;14;143;24/nov/25
1402689;CERVEJA HEINEKEN LN 330ML;18;6;24;8;7,67;0;0,75;1,58;1,13;47,59;47,59;0;14;143;24/nov/25
1403203;CERVEJA HEINEKEN LT 473ML;2;6;12;50;39,75;110;29,42;25,42;27,14;10,25;38,62;0;14;143;24/nov/25
1403203;CERVEJA HEINEKEN LT 473ML;4;6;12;18;14,25;5;13,75;9,92;13,36;7,47;10,09;0;14;143;24/nov/25
1403203;CERVEJA HEINEKEN LT 473ML;6;6;12;53;44,83;0;10,5;9,17;13,03;24,09;24,09;0;14;143;24/nov/25
1403203;CERVEJA HEINEKEN LT 473ML;8;6;12;21;8,5;10;25,58;12,42;16,45;3,62;7,87;0;14;143;24/nov/25
1403203;CERVEJA HEINEKEN LT 473ML;12;6;12;46;43,08;4;26,5;23;28,76;10,49;11,46;0;14;143;24/nov/25
1403203;CERVEJA HEINEKEN LT 473ML;12;6;12;46;43,08;4;26,5;23;28,76;10,49;11,46;0;14;143;24/nov/25
1403203;CERVEJA HEINEKEN LT 473ML;13;6;12;30;29,42;0;14,17;17,42;13,16;15,64;15,64;0;14;143;24/nov/25
1403203;CERVEJA HEINEKEN LT 473ML;14;6;12;85;76,17;0;27,92;48,58;30,84;17,29;17,29;0;14;143;24/nov/25
1403203;CERVEJA HEINEKEN LT 473ML;17;6;12;12;11,5;0;7,42;6,42;5,68;14,18;14,18;0;14;143;24/nov/25
1403203;CERVEJA HEINEKEN LT 473ML;18;6;12;42;28,92;2;18,83;28,67;20,09;10,08;10,77;0;14;143;24/nov/25
1403505;CERVEJA IMPERIO PILSEN PURO M LT 473ML;2;6;12;20;19,75;0;15,08;13,67;11,39;12,13;12,13;0;14;143;24/nov/25
1403505;CERVEJA IMPERIO PILSEN PURO M LT 473ML;4;6;12;10;8,42;0;1,17;2,5;3,03;19,42;19,42;0;14;143;24/nov/25
1403505;CERVEJA IMPERIO PILSEN PURO M LT 473ML;6;6;12;24;21,83;0;8,42;15,67;10,03;15,23;15,23;0;14;143;24/nov/25
1403505;CERVEJA IMPERIO PILSEN PURO M LT 473ML;13;6;12;8;0,58;9;2,75;6,08;3,54;1,15;18,96;0;14;143;24/nov/25
1403505;CERVEJA IMPERIO PILSEN PURO M LT 473ML;14;6;12;15;9,33;11;6,67;11,42;9,33;7;15,25;0;14;143;24/nov/25
165259;CERVEJA ITAIPAVA LT 473ML;2;6;12;40;21,5;19;20,17;13,17;15,28;9,85;18,55;0;14;143;24/nov/25
165259;CERVEJA ITAIPAVA LT 473ML;3;6;12;50;41,67;9;9,17;11,5;9,16;31,85;38,73;0;14;143;24/nov/25
165259;CERVEJA ITAIPAVA LT 473ML;4;6;12;8;3,58;5;5,42;1,58;4,18;6;14,37;0;14;143;24/nov/25
165259;CERVEJA ITAIPAVA LT 473ML;6;6;12;20;26,58;0;8,08;6,42;9,84;18,91;18,91;0;14;143;24/nov/25
165259;CERVEJA ITAIPAVA LT 473ML;7;6;12;6;4,08;3;0,08;0,17;0,33;86,47;150;0;14;143;24/nov/25
165259;CERVEJA ITAIPAVA LT 473ML;8;6;12;6;4,25;5;4;4,33;4,92;6,05;13,16;0;14;143;24/nov/25
165259;CERVEJA ITAIPAVA LT 473ML;11;6;12;8;7,17;0;0,17;2,08;0,99;50,59;50,59;0;14;143;24/nov/25
165259;CERVEJA ITAIPAVA LT 473ML;13;6;12;8;6,5;0;2,67;2;2,63;17,33;17,33;0;14;143;24/nov/25
165259;CERVEJA ITAIPAVA LT 473ML;14;6;12;6;4,08;3;1,83;1;2,28;12,56;21,79;0;14;143;24/nov/25
165259;CERVEJA ITAIPAVA LT 473ML;18;6;12;8;3;4;1,08;0,5;2;10,49;24,47;0;14;143;24/nov/25
1403595;CERVEJA ITAIPAVA MALZBIER LN 330ML;3;6;12;3;3,58;2;2,17;3,08;2,2;11,42;17,79;0;14;143;24/nov/25
1403595;CERVEJA ITAIPAVA MALZBIER LN 330ML;8;6;12;15;1,42;14;14,08;8,33;9,28;1,07;11,64;0;14;143;24/nov/25
1403595;CERVEJA ITAIPAVA MALZBIER LN 330ML;11;6;12;2;1,92;0;0,67;0,42;0,27;49,29;49,29;0;14;143;24/nov/25
1403595;CERVEJA ITAIPAVA MALZBIER LN 330ML;13;6;12;2;0,75;2;1,08;0,5;0,53;10;36,67;0;14;143;24/nov/25
1403595;CERVEJA ITAIPAVA MALZBIER LN 330ML;17;6;12;2;0,75;2;1,33;1,75;0,76;6,92;25,38;0;14;143;24/nov/25
1401295;CERVEJA ITAIPAVA MALZBIER LT 350ML;2;6;12;3;0,42;4;3,17;0,83;2,33;1,25;13,25;0;14;143;24/nov/25
1401295;CERVEJA ITAIPAVA MALZBIER LT 350ML;3;6;12;6;7,08;4;3,58;1,33;2,64;18,75;29,34;0;14;143;24/nov/25
1401295;CERVEJA ITAIPAVA MALZBIER LT 350ML;4;6;12;3;2,25;2;3,08;0,25;1,48;10,66;20,13;0;14;143;24/nov/25
1401295;CERVEJA ITAIPAVA MALZBIER LT 350ML;5;6;12;2;1,08;0;0,42;0,17;0,45;16,96;16,96;0;14;143;24/nov/25
1401295;CERVEJA ITAIPAVA MALZBIER LT 350ML;13;6;12;3;2,25;0;1,5;2;1,34;11,74;11,74;0;14;143;24/nov/25
1401295;CERVEJA ITAIPAVA MALZBIER LT 350ML;14;6;12;8;8,92;6;6,83;9;4,98;12,54;20,98;0;14;143;24/nov/25
1401295;CERVEJA ITAIPAVA MALZBIER LT 350ML;17;6;12;3;0;4;1;1,75;0,93;0;30;0;14;143;24/nov/25
1401295;CERVEJA ITAIPAVA MALZBIER LT 350ML;18;6;12;3;1,67;0;0,42;0,75;0,39;30;30;0;14;143;24/nov/25
24105;CERVEJA KAISER LT 473ML;1;6;12;35;25;20;21,25;28;22,38;7,82;14,07;0;14;143;24/nov/25
24105;CERVEJA KAISER LT 473ML;13;6;12;165;107,08;110;66,83;63;59,19;12,66;25,67;0;14;143;24/nov/25
24105;CERVEJA KAISER LT 473ML;14;6;12;50;33,25;29;39;26,83;34,18;6,81;12,75;0;14;143;24/nov/25
1002606;CERVEJA MICHELOB ULTRA LN 330ML;2;6;24;0,5;0,21;1;0,5;0,21;0,43;3,41;19,77;0;14;143;24/nov/25
1002606;CERVEJA MICHELOB ULTRA LN 330ML;3;6;24;2;0,25;3;3;2,58;1,93;0,9;11,76;0;14;143;24/nov/25
1002606;CERVEJA MICHELOB ULTRA LN 330ML;14;6;24;2;1,75;0;0,25;1,08;0,79;15,56;15,56;0;14;143;24/nov/25
1002606;CERVEJA MICHELOB ULTRA LN 330ML;18;6;24;1;0,58;1;1,21;1,79;0,86;4,77;12,95;0;14;143;24/nov/25
1002608;CERVEJA ORIGINAL LT 473ML;2;6;12;91;90,67;0;56,92;60,17;46,74;13,58;13,58;0;14;143;24/nov/25
1002608;CERVEJA ORIGINAL LT 473ML;4;6;12;10;8;0;10;0;4,74;11,8;11,8;0;14;143;24/nov/25
1002608;CERVEJA ORIGINAL LT 473ML;6;6;12;84;81,5;0;34,67;33,58;34,59;16,49;16,49;0;14;143;24/nov/25
1002608;CERVEJA ORIGINAL LT 473ML;8;6;12;20;11,08;40;229,25;0;56,72;1,37;6,3;0;14;143;24/nov/25
1002608;CERVEJA ORIGINAL LT 473ML;12;6;12;40;33,33;17;29,75;16,33;16,61;14,05;21,22;0;14;143;24/nov/25
1007210;CERVEJA ORIGINAL1L;3;6;12;8;3,83;2;4,67;2,92;3,54;7,58;11,54;0;14;143;24/nov/25
1007210;CERVEJA ORIGINAL1L;11;6;12;4;0,5;1;0,5;0;0,16;22,5;67,5;0;14;143;24/nov/25
1007210;CERVEJA ORIGINAL1L;13;6;12;2;1,83;0;0;0,33;0,35;36,67;36,67;0;14;143;24/nov/25
1007210;CERVEJA ORIGINAL1L;18;6;12;4;2,92;0;0;0,67;0,82;25;25;0;14;143;24/nov/25
1402929;CERVEJA PATAGONIA AMBER LAGER LT 473ML;11;6;6;2;1,33;2;1;0,17;0,27;34,29;85,71;0;14;143;24/nov/25
1402929;CERVEJA PATAGONIA AMBER LAGER LT 473ML;14;6;6;2;0,83;2;1,5;3,33;2,53;2,31;7,85;0;14;143;24/nov/25
1402929;CERVEJA PATAGONIA AMBER LAGER LT 473ML;17;6;6;2;0,5;2;1,33;1,83;0,97;3,6;18;0;14;143;24/nov/25
1403388;CERVEJA PATAGONIA BOHEMIAN PILSEN 473ML;13;6;6;1;0,5;1;1,33;0,17;0,43;8,18;24,55;0;14;143;24/nov/25
1000619;CERVEJA PATAGONIA IPA LT 473ML;3;6;6;4;0;3;3;0;0,7;0;30;0;14;143;24/nov/25
1000619;CERVEJA PATAGONIA IPA LT 473ML;14;6;6;2;0,33;3;2,67;0;0,62;3,75;37,5;0;14;143;24/nov/25
1007526;CERVEJA PETRA PURO M LT 473ML;3;6;12;12;9,25;4;3,58;7,67;5,31;12,2;17,47;0;14;143;24/nov/25
1007526;CERVEJA PETRA PURO M LT 473ML;7;6;12;4;1,83;3;2,92;3,67;1,89;6,8;17,94;0;14;143;24/nov/25
1007526;CERVEJA PETRA PURO M LT 473ML;11;6;12;8;2,5;6;3,67;2,25;1,75;10;34;0;14;143;24/nov/25
1007526;CERVEJA PETRA PURO M LT 473ML;12;6;12;5;4;2;1,5;0;0,8;35,12;52,68;0;14;143;24/nov/25
9963443;CERVEJA POLAR EXPORT 1L;5;6;12;2;1;2;1;0,42;0,33;21,18;63,53;0;14;143;24/nov/25
9963443;CERVEJA POLAR EXPORT 1L;6;6;12;5;4;0;1,83;2,58;1,11;25,26;25,26;0;14;143;24/nov/25
9963443;CERVEJA POLAR EXPORT 1L;7;6;12;1;0,08;2;1,33;0,17;0,74;0,79;19,74;0;14;143;24/nov/25
9963443;CERVEJA POLAR EXPORT 1L;12;6;12;2;1,83;1;0,67;1,58;0,76;16,92;26,15;0;14;143;24/nov/25
9963443;CERVEJA POLAR EXPORT 1L;18;6;12;4;1,75;3;2,83;1,25;2;6,12;16,6;0;14;143;24/nov/25
54658;CERVEJA POLAR EXPORT LT 473ML;3;6;12;43;34,33;10;21,42;50,58;35,54;6,76;8,73;0;14;143;24/nov/25
54658;CERVEJA POLAR EXPORT LT 473ML;5;6;12;8;6,58;0;2,17;0;2,12;21,74;21,74;0;14;143;24/nov/25
54658;CERVEJA POLAR EXPORT LT 473ML;7;6;12;21;14,67;7;3,75;5,08;4,59;22,37;33,05;0;14;143;24/nov/25
54658;CERVEJA POLAR EXPORT LT 473ML;8;6;12;12;5,25;8;9,42;3,83;4,47;8,22;20,74;0;14;143;24/nov/25
54658;CERVEJA POLAR EXPORT LT 473ML;12;6;12;8;4,58;4;7,5;9,83;6,63;4,84;9,06;0;14;143;24/nov/25
1014502;CERVEJA PROVINCIA MALZBIER LT 473ML;1;6;12;15;14,25;0;6,08;6,5;4,04;24,66;24,66;0;14;143;24/nov/25
1014502;CERVEJA PROVINCIA MALZBIER LT 473ML;5;6;12;2;0,58;2;0,58;1,42;0,56;7,24;32,07;0;14;143;24/nov/25
1014502;CERVEJA PROVINCIA MALZBIER LT 473ML;6;6;12;3;3,83;0;1,33;1,17;1,19;22,62;22,62;0;14;143;24/nov/25
1014502;CERVEJA PROVINCIA MALZBIER LT 473ML;12;6;12;4;1,92;3;1,17;0,5;0,64;20,91;53,64;0;14;143;24/nov/25
1014502;CERVEJA PROVINCIA MALZBIER LT 473ML;13;6;12;4;3;0;1,67;2,17;1,73;12,13;12,13;0;14;143;24/nov/25
1014502;CERVEJA PROVINCIA MALZBIER LT 473ML;14;6;12;2;0;2;3;0;1,63;0;8,57;0;14;143;24/nov/25
1014502;CERVEJA PROVINCIA MALZBIER LT 473ML;17;6;12;4;2;3;3,83;2;2,66;5,26;13,14;0;14;143;24/nov/25
1014492;CERVEJA PROVINCIA MALZBIER ZERO LT 473ML;2;6;12;4;2,67;0;0,83;0,42;0,53;35,56;35,56;0;14;143;24/nov/25
1014492;CERVEJA PROVINCIA MALZBIER ZERO LT 473ML;3;6;12;6;1,5;5;3,17;1,08;1,65;6,35;27,53;0;14;143;24/nov/25
1014492;CERVEJA PROVINCIA MALZBIER ZERO LT 473ML;7;6;12;1;0,92;1;1;0,75;0,72;8,92;18,65;0;14;143;24/nov/25
1014492;CERVEJA PROVINCIA MALZBIER ZERO LT 473ML;11;6;12;4;1,58;0;0,33;0;0,19;57;57;0;14;143;24/nov/25
1014492;CERVEJA PROVINCIA MALZBIER ZERO LT 473ML;12;6;12;4;2,5;0;0,42;0,08;0,14;128,57;128,57;0;14;143;24/nov/25
1014492;CERVEJA PROVINCIA MALZBIER ZERO LT 473ML;13;6;12;4;3,08;0;0,75;2,42;1,38;15,63;15,63;0;14;143;24/nov/25
1014492;CERVEJA PROVINCIA MALZBIER ZERO LT 473ML;17;6;12;4;3;2;2;1;2,49;8,44;14,06;0;14;143;24/nov/25
1014492;CERVEJA PROVINCIA MALZBIER ZERO LT 473ML;18;6;12;4;1,92;3;0,75;1,67;0,97;13,8;35,4;0;14;143;24/nov/25
1015525;CERVEJA PROVINCIA PILSEM PREM LT 473ML;13;6;12;50;49,33;0;27,5;10,08;16,9;20,44;20,44;0;14;143;24/nov/25
1402327;CERVEJA SCHIN LT 473ML;4;6;12;29;18,67;16;37,17;17,5;25,39;5,15;9,56;0;14;143;24/nov/25
1402327;CERVEJA SCHIN LT 473ML;5;6;12;34;23,58;18;53,83;29,25;27,84;5,93;10,45;0;14;143;24/nov/25
1402327;CERVEJA SCHIN LT 473ML;7;6;12;27;16,67;8;23,42;33,75;26,48;4,41;6,52;0;14;143;24/nov/25
1402327;CERVEJA SCHIN LT 473ML;12;6;12;220;203;237;211,33;235,67;176,17;8,07;17,48;0;14;143;24/nov/25
1402327;CERVEJA SCHIN LT 473ML;12;6;12;220;203;237;211,33;235,67;176,17;8,07;17,48;0;14;143;24/nov/25
1402327;CERVEJA SCHIN LT 473ML;14;6;12;47;25,5;14;44,42;22,67;24,29;7,35;11,39;0;14;143;24/nov/25
9941748;CERVEJA SKOL 1L;2;6;12;20;8,5;22;20,5;11,92;12,62;4,71;16,92;0;14;143;24/nov/25
9941748;CERVEJA SKOL 1L;3;6;12;30;2,33;38;29,08;28,25;21,88;0,75;12,91;0;14;143;24/nov/25
9941748;CERVEJA SKOL 1L;6;6;12;20;11;27;16,42;16,5;14,29;5,39;18,61;0;14;143;24/nov/25
9941748;CERVEJA SKOL 1L;13;6;12;8;1,08;9;9,83;7,08;7,47;1,02;9,45;0;14;143;24/nov/25
9941748;CERVEJA SKOL 1L;14;6;12;12;12,25;0;3,08;11,08;6,4;13,4;13,4;0;14;143;24/nov/25
9941748;CERVEJA SKOL 1L;18;6;12;12;8;10;4,58;2,75;3,38;16,55;37,24;0;14;143;24/nov/25
1402332;CERVEJA SKOL 300ML;7;6;23;2;3;0;0;0,09;0,67;31,36;31,36;0;14;143;24/nov/25
1402332;CERVEJA SKOL 300ML;11;6;23;2;1,35;0;0,04;0,48;0,2;46,5;46,5;0;14;143;24/nov/25
1402332;CERVEJA SKOL 300ML;18;6;23;2,96;1,3;0;0,57;0,48;0,57;16,07;16,07;0;14;143;24/nov/25
1403224;CERVEJA SKOL BEATS GIN E TONICA LT 269ML;2;6;8;2;0,88;1;0,75;0,88;0,88;7;15;1;14;143;24/nov/25
1403224;CERVEJA SKOL BEATS GIN E TONICA LT 269ML;6;6;8;1;-1,75;2;3;0,25;0,82;-15,01;2,13;0;14;143;24/nov/25
1403224;CERVEJA SKOL BEATS GIN E TONICA LT 269ML;7;6;8;1;0,88;1;0,88;1,75;0,76;8,08;17,31;0;14;143;24/nov/25
1403224;CERVEJA SKOL BEATS GIN E TONICA LT 269ML;14;6;8;2;1,38;2;1,5;0,75;0,61;15,71;38,57;0;14;143;24/nov/25
1021709;CERVEJA SKOL BEATS RED MIX LN 269ML;2;6;12;2;0,67;2;1,42;0,92;0,91;5,11;20,43;0;14;143;24/nov/25
1021709;CERVEJA SKOL BEATS RED MIX LN 269ML;6;6;12;1,5;1,17;0;0,58;0,25;0,51;16,15;16,15;0;14;143;24/nov/25
1021709;CERVEJA SKOL BEATS RED MIX LN 269ML;18;6;12;1,5;1,08;1;1;1,58;1,03;7,36;14,15;0;14;143;24/nov/25
1021710;CERVEJA SKOL BEATS RED MIX LT 269ML;2;6;8;1;0,88;1;1;0,13;0,5;12,35;26,47;0;14;143;24/nov/25
1021710;CERVEJA SKOL BEATS RED MIX LT 269ML;3;6;8;2;3,38;2;1,63;3,63;1,93;12,27;19,55;0;14;143;24/nov/25
1021710;CERVEJA SKOL BEATS RED MIX LT 269ML;14;6;8;1;0,13;2;2,75;2,13;1,46;0,6;10,2;2;14;143;24/nov/25
1403511;CERVEJA SKOL BEATS SENSES LN 269ML;11;6;24;1;0,92;1;1,08;0,42;0,72;8,92;18,65;0;14;143;24/nov/25
1403511;CERVEJA SKOL BEATS SENSES LN 269ML;18;6;24;1;0;1;1;0,25;0,47;0;15;0;14;143;24/nov/25
1402426;CERVEJA SKOL BEATS SENSES LT 269ML;2;6;8;1;0,75;1;1;0,5;0,53;10;23,33;0;14;143;24/nov/25
1402426;CERVEJA SKOL BEATS SENSES LT 269ML;3;6;8;2;3,13;2;1,75;0;0,55;39,47;64,74;0;14;143;24/nov/25
1402426;CERVEJA SKOL BEATS SENSES LT 269ML;4;6;8;2;1,63;1;1;0,5;1,17;9,75;15,75;0;14;143;24/nov/25
1402426;CERVEJA SKOL BEATS SENSES LT 269ML;7;6;8;1;0,88;1;1,13;1;0,67;9,13;19,57;0;14;143;24/nov/25
1402426;CERVEJA SKOL BEATS SENSES LT 269ML;14;6;8;1;0,38;2;3;0,88;1,08;2,43;15,41;1;14;143;24/nov/25
1015159;CERVEJA SKOL BEATS TROPICAL LN 269ML;11;6;24;1;0,83;0;0,71;0,13;0,22;26,09;26,09;0;14;143;24/nov/25
95823;CERVEJA SKOL PILSEN LT 473ML;4;6;12;64;53,17;31;38,83;27,67;40,68;9,15;14,48;0;14;143;24/nov/25
95823;CERVEJA SKOL PILSEN LT 473ML;12;6;12;167;140,83;240;86,17;175,08;133,41;7,39;19,98;0;14;143;24/nov/25
95823;CERVEJA SKOL PILSEN LT 473ML;12;6;12;167;140,83;240;86,17;175,08;133,41;7,39;19,98;0;14;143;24/nov/25
95823;CERVEJA SKOL PILSEN LT 473ML;13;6;12;167;114,17;220;120,25;253,83;161,02;4,96;14,53;0;14;143;24/nov/25
1402416;CERVEJA SOL PREMIUM LN 330ML;2;6;24;6;3,54;3;2;2,42;1,94;12,75;23,55;0;14;143;24/nov/25
1402416;CERVEJA SOL PREMIUM LN 330ML;3;6;24;20;15,88;5;4,88;3,79;3,37;32,94;43,31;0;14;143;24/nov/25
1402416;CERVEJA SOL PREMIUM LN 330ML;7;6;24;1,58;1,17;1;0,58;1;0,66;12,35;22,94;0;14;143;24/nov/25
1402416;CERVEJA SOL PREMIUM LN 330ML;11;6;24;6;5,04;0;1,04;1,04;0,76;46,54;46,54;0;14;143;24/nov/25
1402416;CERVEJA SOL PREMIUM LN 330ML;12;6;24;6;3,75;0;1,17;1,42;1;26,21;26,21;0;14;143;24/nov/25
1402416;CERVEJA SOL PREMIUM LN 330ML;13;6;24;6;-2,46;7;8,46;1,67;2,57;-6,7;12,39;0;14;143;24/nov/25
1402416;CERVEJA SOL PREMIUM LN 330ML;18;6;24;6;4;3;2,88;1,25;1,81;15,48;27,1;0;14;143;24/nov/25
1021011;CERVEJA SPATEN LN 330ML;2;6;24;3;0,04;4;2,25;1;1,57;0,19;18,07;0;14;143;24/nov/25
1021011;CERVEJA SPATEN LN 330ML;5;6;24;1;0,79;0;0,29;0,42;0,18;31,67;31,67;0;14;143;24/nov/25
1021011;CERVEJA SPATEN LN 330ML;8;6;24;1;0,46;2;0,58;0,54;0,28;11,38;61,03;0;14;143;24/nov/25
1021011;CERVEJA SPATEN LN 330ML;17;6;24;1;0,42;2;0,46;0;0,15;20;116;0;14;143;24/nov/25
1007012;CERVEJA SPATEN LT 473ML;4;6;12;6;3,75;3;3,5;1,67;3,87;6,78;12,21;0;14;143;24/nov/25
1007012;CERVEJA SPATEN LT 473ML;7;6;12;4;3,25;0;0,5;0,58;1,01;22,5;22,5;0;14;143;24/nov/25
1007012;CERVEJA SPATEN LT 473ML;11;6;12;45;19,17;27;11,92;11,5;16;8,38;20,19;0;14;143;24/nov/25
1007012;CERVEJA SPATEN LT 473ML;12;6;12;4;2,75;2;3,25;1;3,52;5,47;9,45;0;14;143;24/nov/25
1007012;CERVEJA SPATEN LT 473ML;13;6;12;2;1,17;2;0,75;0,25;0,88;9,33;25,33;0;14;143;24/nov/25
1007301;CERVEJA STELLA ARTOIS LN 330ML;2;6;24;2;1,21;2;1;0,33;0,74;11,45;30,39;0;14;143;24/nov/25
1007301;CERVEJA STELLA ARTOIS LN 330ML;7;6;24;1;0,54;1;0,46;0,25;0,3;12,58;35,81;0;14;143;24/nov/25
1007301;CERVEJA STELLA ARTOIS LN 330ML;11;6;24;1;0,88;0;0,29;1,08;0,54;11,25;11,25;0;14;143;24/nov/25
1002597;CERVEJA STELLA ARTOIS LT 473ML;7;6;12;4;3,5;0;0;3;1,21;20,32;20,32;0;14;143;24/nov/25
1002597;CERVEJA STELLA ARTOIS LT 473ML;12;6;12;15;13,67;0;1;2,08;1,34;71,3;71,3;0;14;143;24/nov/25
1002597;CERVEJA STELLA ARTOIS LT 473ML;13;6;12;15;5,75;24;4,5;9,92;6,98;5,77;29,83;0;14;143;24/nov/25
1002597;CERVEJA STELLA ARTOIS LT 473ML;18;6;12;20;-9,5;20;1,83;1,33;1,03;-64,53;71,32;0;14;143;24/nov/25
1015436;CERVEJA STELLA ARTOIS PURE GOLD LN 330ML;2;6;24;2;1,75;0;0,5;0,5;0,73;16,8;16,8;0;14;143;24/nov/25
1015436;CERVEJA STELLA ARTOIS PURE GOLD LN 330ML;11;6;24;1;0,33;1;0,83;0,75;0,68;3,43;13,71;0;14;143;24/nov/25
1015436;CERVEJA STELLA ARTOIS PURE GOLD LN 330ML;13;6;24;1;0,13;1;1,96;1,38;0,9;0,97;8,71;0;14;143;24/nov/25
1403528;CERVEJA THEREZOPOLIS LAGER GOLD LT 473ML;7;6;12;4;0,92;4;3,75;3,58;2,18;2,95;15,8;0;14;143;24/nov/25
1403528;CERVEJA THEREZOPOLIS LAGER GOLD LT 473ML;13;6;12;6;3,67;3;5,25;3,67;2,72;9,43;17,14;0;14;143;24/nov/25
9970229;AGUA DE COCO DUCOCO 1L;2;6;12;3;1,67;0;0;0,08;0,06;200;200;1;14;144;24/nov/25
9970229;AGUA DE COCO DUCOCO 1L;4;6;12;1,5;1,25;0;0,42;0,17;0,35;25;25;1;14;144;24/nov/25
9970229;AGUA DE COCO DUCOCO 1L;6;6;12;2;1,33;0;0;0;0,06;160;160;2;14;144;24/nov/25
9970229;AGUA DE COCO DUCOCO 1L;12;6;12;1,5;1,25;0;0,33;0;0,1;90;90;1;14;144;24/nov/25
9970229;AGUA DE COCO DUCOCO 1L;13;6;12;1,5;0,92;0;0,25;0;0,25;25,38;25,38;1;14;144;24/nov/25
9970229;AGUA DE COCO DUCOCO 1L;18;6;12;1,5;1,17;0;0,17;0,08;0,08;105;105;1;14;144;24/nov/25
24406;AGUA DE COCO DUCOCO TP 200ML;3;6;27;2;1,7;1;0,41;0,37;0,3;39,43;62,57;3,85;14;144;24/nov/25
158558;AGUA DE COCO KERO COCO TP 1L;3;6;12;5;4,92;1;0,75;0,83;0,58;59;71;1,5;14;144;24/nov/25
158558;AGUA DE COCO KERO COCO TP 1L;5;6;12;1;0,5;1;0,42;0,17;0,35;10;30;1;14;144;24/nov/25
158558;AGUA DE COCO KERO COCO TP 1L;7;6;12;1;0;2;0;0,17;0,08;0;180;1,5;14;144;24/nov/25
25607;AGUA DE COCO KERO COCO TP 200ML;2;6;27;3;4;0;0;0;0,02;1.620,00;1.620,00;2,89;14;144;24/nov/25
25607;AGUA DE COCO KERO COCO TP 200ML;7;6;27;2;0,56;2;0,74;0,59;0,32;12,16;55,95;2,89;14;144;24/nov/25
25607;AGUA DE COCO KERO COCO TP 200ML;13;6;27;2;1,81;0;0,07;0,3;0,28;45,94;45,94;2,89;14;144;24/nov/25
1000065;BEBIDA ADES ABACAXI TP 1L;17;6;6;3;1,17;3;1,67;0;1,32;6,18;22,06;4;14;144;24/nov/25
56012;BEBIDA ADES ABACAXI TP 200ML;2;6;6;2;1,33;0;0,33;0,33;0,19;48;48;2,17;14;144;24/nov/25
56012;BEBIDA ADES ABACAXI TP 200ML;3;6;6;4;0,83;4;2,67;1,17;1,28;4,55;26,36;6,5;14;144;24/nov/25
56012;BEBIDA ADES ABACAXI TP 200ML;6;6;6;2;1,33;0;0,33;0;0,31;30;30;2;14;144;24/nov/25
56012;BEBIDA ADES ABACAXI TP 200ML;7;6;6;2;1,67;0;0,17;0,33;0,27;42,86;42,86;2;14;144;24/nov/25
56012;BEBIDA ADES ABACAXI TP 200ML;13;6;6;2;1,67;0;1,5;2,33;1,01;11,54;11,54;4,33;14;144;24/nov/25
11735;BEBIDA ADES LARANJA TP 1L;2;6;6;1;0,83;1;0,17;0,67;0,23;25;55;3;14;144;24/nov/25
11735;BEBIDA ADES LARANJA TP 1L;3;6;6;3;2,5;1;0,5;0,67;0,47;37,5;52,5;0;14;144;24/nov/25
11735;BEBIDA ADES LARANJA TP 1L;13;6;6;4;2;0;0;0;0,31;45;45;2;14;144;24/nov/25
11735;BEBIDA ADES LARANJA TP 1L;17;6;6;2;0;3;2;0,83;1,4;0;15;2;14;144;24/nov/25
9917668;BEBIDA ADES MACA TP 200ML;13;6;6;4;2;0;0,83;0;0,19;72;72;4,33;14;144;24/nov/25
9917668;BEBIDA ADES MACA TP 200ML;18;6;6;2;0,5;2;1,83;0;0,66;5,29;26,47;21,67;14;144;24/nov/25
9917682;BEBIDA ADES PESSEGO TP 200ML;2;6;6;2;1,5;0;0,33;0,17;0,16;67,5;67,5;2,17;14;144;24/nov/25
9917682;BEBIDA ADES PESSEGO TP 200ML;3;6;6;3;2,33;2;0,67;1;0,93;17,5;32,5;8,67;14;144;24/nov/25
9917682;BEBIDA ADES PESSEGO TP 200ML;13;6;6;3;1;3;2;1,17;1,87;3,75;15;4,33;14;144;24/nov/25
1403113;BEBIDA ADES SEEDS AMENDOAS TP 1L;2;6;6;3;1;3;0;0;0,16;45;180;4;14;144;24/nov/25
1403113;BEBIDA ADES SEEDS AMENDOAS TP 1L;3;6;6;4;2;3;0;0,83;0,47;30;75;8;14;144;24/nov/25
1403113;BEBIDA ADES SEEDS AMENDOAS TP 1L;6;6;6;2;1,67;0;0,17;0;0,04;300;300;4;14;144;24/nov/25
1403113;BEBIDA ADES SEEDS AMENDOAS TP 1L;7;6;6;2;1,5;1;0;0,33;0,19;54;90;4;14;144;24/nov/25
1403113;BEBIDA ADES SEEDS AMENDOAS TP 1L;11;6;6;3;2,17;0;0,5;0,17;0,19;78;78;0;14;144;24/nov/25
1403113;BEBIDA ADES SEEDS AMENDOAS TP 1L;17;6;6;2;0,67;2;0,33;0,67;0,51;9,23;36,92;0;14;144;24/nov/25
1403447;BEBIDA ADES SOJA LARANJA TP 200ML;3;6;18;1;1,72;1;0,5;0,72;0,58;20,67;32,67;2,17;14;144;24/nov/25
1403447;BEBIDA ADES SOJA LARANJA TP 200ML;5;6;18;1;0,89;0;0,06;0,17;0,12;53,33;53,33;1,44;14;144;24/nov/25
1403447;BEBIDA ADES SOJA LARANJA TP 200ML;7;6;18;1;0,44;2;0,06;0,06;0,09;34,29;188,57;1,44;14;144;24/nov/25
1403447;BEBIDA ADES SOJA LARANJA TP 200ML;13;6;18;1;0,67;0;0,61;0,5;0,34;13,85;13,85;0;14;144;24/nov/25
1403447;BEBIDA ADES SOJA LARANJA TP 200ML;14;6;18;1;0,56;1;0,5;0,17;0,27;14,29;40;0;14;144;24/nov/25
94664;BEBIDA ADES UVA TP 1L;2;6;6;2;1,83;0;0;0,67;0,35;36,67;36,67;3;14;144;24/nov/25
56013;BEBIDA ADES UVA TP 200ML;2;6;18;1;0,89;0;0,22;0,44;0,21;30;30;1,44;14;144;24/nov/25
56013;BEBIDA ADES UVA TP 200ML;3;6;18;1,33;0,72;2;1,33;0,33;0,69;7,36;27,74;2,89;14;144;24/nov/25
56013;BEBIDA ADES UVA TP 200ML;4;6;18;1;0,17;2;0,11;0,06;0,19;6;78;1,44;14;144;24/nov/25
56013;BEBIDA ADES UVA TP 200ML;8;6;18;1;1,56;1;0,17;0,17;0,09;120;197,14;1,44;14;144;24/nov/25
56013;BEBIDA ADES UVA TP 200ML;11;6;18;1;0,72;0;0;0,06;0,12;43,33;43,33;2,89;14;144;24/nov/25
56013;BEBIDA ADES UVA TP 200ML;18;6;18;1;0,44;2;1;0,11;0,41;7,5;41,25;7,22;14;144;24/nov/25
1021300;BEBIDA ENERG ELEV MOR/MELANCIA 2L;3;6;6;3;3,5;1;0,83;0;0,43;57,27;73,64;0;14;144;24/nov/25
1021301;BEBIDA ENERG ELEV MOR/MELANCIA LT 473ML;6;6;6;2;0,83;2;0,5;1;0,51;11,54;39,23;0;14;144;24/nov/25
1016349;BEBIDA MISTA TAMPICO FRUT CITRICA PET 2L;2;6;6;11;7,33;0;3,33;3;1,79;28,7;28,7;3;14;144;24/nov/25
1016349;BEBIDA MISTA TAMPICO FRUT CITRICA PET 2L;3;6;6;15;9,33;7;2,67;2;2,26;28,97;50,69;8;14;144;24/nov/25
1016349;BEBIDA MISTA TAMPICO FRUT CITRICA PET 2L;4;6;6;3;2;0;1;1,83;0,93;15;15;1;14;144;24/nov/25
1016349;BEBIDA MISTA TAMPICO FRUT CITRICA PET 2L;5;6;6;3;1,5;2;1,5;1,67;1,05;10;23,33;1;14;144;24/nov/25
1016349;BEBIDA MISTA TAMPICO FRUT CITRICA PET 2L;6;6;6;5;4,17;0;2,83;3;1,59;18,29;18,29;1;14;144;24/nov/25
1016349;BEBIDA MISTA TAMPICO FRUT CITRICA PET 2L;7;6;6;4;1;4;1,17;1,67;0,93;7,5;37,5;1;14;144;24/nov/25
1016349;BEBIDA MISTA TAMPICO FRUT CITRICA PET 2L;13;6;6;7;6,17;0;2,83;3,17;1,83;23,62;23,62;1;14;144;24/nov/25
1016349;BEBIDA MISTA TAMPICO FRUT CITRICA PET 2L;14;6;6;3;3;0;1,17;2,5;1,09;19,29;19,29;1;14;144;24/nov/25
1016349;BEBIDA MISTA TAMPICO FRUT CITRICA PET 2L;18;6;6;5;1,5;4;2,83;4,17;2,37;4,43;16,23;15;14;144;24/nov/25
1400144;BEBIDA MISTA TAMPICO FRUT.CITRICAS 450ML;11;6;12;3;1,92;0;0,25;0;0,21;62,73;62,73;2,33;14;144;24/nov/25
1015161;BEBIDA VIT BALY KIDS LARAN LT 220ML;17;6;6;1;0,83;1;0,33;0,83;0,54;10,71;23,57;8,67;14;144;24/nov/25
1018348;BEBIDA VIT BALY KIDS MELANCIA 220ML;6;6;6;1;0,5;1;0,5;1;0,7;5;15;6,5;14;144;24/nov/25
1018348;BEBIDA VIT BALY KIDS MELANCIA 220ML;17;6;6;1;1,5;0;0,5;0,17;0,51;20,77;20,77;8,67;14;144;24/nov/25
1015162;BEBIDA VIT BALY KIDS MORANGO LT 220ML;12;6;6;1;0,67;1;0,67;0;0,27;17,14;42,86;8,67;14;144;24/nov/25
1015162;BEBIDA VIT BALY KIDS MORANGO LT 220ML;14;6;6;1;0,67;1;0,33;0,17;0,23;20;50;8,67;14;144;24/nov/25
1015162;BEBIDA VIT BALY KIDS MORANGO LT 220ML;17;6;6;1;1,33;0;0,67;0;0,43;21,82;21,82;8,67;14;144;24/nov/25
1015164;BEBIDA VIT BALY KIDS UVA LT 220ML;2;6;6;1;-0,33;2;0,33;2;1,32;-1,76;8,82;8,67;14;144;24/nov/25
1403031;CHA ICE TEA LEAO LIMAO PET 1,5L;3;6;6;3;2,33;2;0;0,33;0,16;105;195;5,33;14;144;24/nov/25
1403031;CHA ICE TEA LEAO LIMAO PET 1,5L;4;6;6;3;2,5;0;0,83;0,33;0,39;45;45;5,33;14;144;24/nov/25
1403082;CHA ICE TEA LEAO LIMAO PET 450ML;2;6;6;2;1,83;0;0,5;0,33;0,39;33;33;2,67;14;144;24/nov/25
1403047;CHA ICE TEA LEAO PESSEGO 450ML;2;6;6;3;2,17;0;0,67;1,17;0,74;20,53;20,53;4;14;144;24/nov/25
1403047;CHA ICE TEA LEAO PESSEGO 450ML;3;6;6;5;6,17;4;1,83;1,33;1,63;26,43;43,57;8;14;144;24/nov/25
1402998;CHA ICE TEA LEAO PESSEGO PET 1,5L;2;6;6;1;1,83;0;0,17;0,33;0,31;41,25;41,25;1,33;14;144;24/nov/25
1402998;CHA ICE TEA LEAO PESSEGO PET 1,5L;17;6;6;1;-0,17;2;0;0;0;;;1,33;14;144;24/nov/25
1007155;CHA ICE TEA LEAO PESSEGO ZERO PET 1,5L;14;6;6;1;0,67;1;0,67;0,33;0,51;9,23;23,08;2,67;14;144;24/nov/25
1021681;CHA ICE TEA LEAO PESSEGO ZERO PET 450ML;12;6;6;1;0,5;1;0,67;0,33;0,74;4,74;14,21;4;14;144;24/nov/25
1402450;CHA LEAO GUARANA C/ACAI CP 300 ML;2;6;12;1;0,58;1;0,83;0,33;0,43;9,55;25,91;5,33;14;144;24/nov/25
1402450;CHA LEAO GUARANA C/ACAI CP 300 ML;3;6;12;2;0,83;2;1,58;2,25;1,4;4,17;14,17;10,67;14;144;24/nov/25
1402450;CHA LEAO GUARANA C/ACAI CP 300 ML;8;6;12;1;0,58;0;0,33;0,08;0,1;42;42;5,33;14;144;24/nov/25
1403480;CHA LEAO GUARANA C/ACAI PET 450ML;5;6;6;2;1,67;0;1;0;0,31;37,5;37,5;2,67;14;144;24/nov/25
1403480;CHA LEAO GUARANA C/ACAI PET 450ML;7;6;6;2;1;2;0,5;1,33;0,54;12,86;38,57;2,67;14;144;24/nov/25
1403390;CHA LEAO VERDE LIMAO PET 1,5L;8;6;6;1;0;0;0,17;0;0,16;0;0;5,33;14;144;24/nov/25
1403391;CHA LEAO VERDE LIMAO PET 450ML;11;6;6;1;0,17;2;0,83;0,17;0,47;2,5;32,5;2,67;14;144;24/nov/25
1020496;ENERG BALY CHAMPANHE LT 250ML;6;6;6;2;1,5;0;0,5;0,17;0,23;45;45;0;14;144;24/nov/25
1014962;ENERG BALY FRUT TROPICAL LT 473ML;18;6;6;1;0,67;1;0,33;0,17;0,35;13,33;33,33;0;14;144;24/nov/25
1403190;ENERG BALY FRUTAS TROPICAIS PET 2L;3;6;6;8;3,67;5;3;1,33;1,71;15;35,45;2;14;144;24/nov/25
93569;ENERG BALY LT 250ML;3;6;6;2;1,17;2;1,67;1,5;1,36;6;16,29;5;14;144;24/nov/25
93569;ENERG BALY LT 250ML;12;6;6;1;0,33;2;1;0,5;0,43;5,45;38,18;0;14;144;24/nov/25
1403042;ENERG BALY LT 473ML;2;6;6;2;11,83;0;0,33;0,17;0,16;532,5;532,5;4,67;14;144;24/nov/25
1403042;ENERG BALY LT 473ML;3;6;6;3;10,5;3;2;0,5;0,58;126;162;3,5;14;144;24/nov/25
1403042;ENERG BALY LT 473ML;6;6;6;2;11,67;0;0,83;0,83;0,93;87,5;87,5;0;14;144;24/nov/25
1014961;ENERG BALY MACA VERDE LT 473ML;3;6;6;3;2,17;2;1,33;1;1,09;13,93;26,79;1,17;14;144;24/nov/25
1006651;ENERG BALY MACA VERDE PET 2L;2;6;6;2;1;2;1,17;0,83;0,82;8,57;25,71;1;14;144;24/nov/25
1006651;ENERG BALY MACA VERDE PET 2L;3;6;6;2;1;2;2;1,83;1,48;4,74;14,21;1;14;144;24/nov/25
1006651;ENERG BALY MACA VERDE PET 2L;7;6;6;1;0,67;1;1,5;1;1,17;4;10;0;14;144;24/nov/25
1006651;ENERG BALY MACA VERDE PET 2L;11;6;6;1;0,67;1;0,33;0,83;0,43;10,91;27,27;0;14;144;24/nov/25
1006651;ENERG BALY MACA VERDE PET 2L;12;6;6;1;0,67;1;1;1,17;0,78;6;15;0;14;144;24/nov/25
1020497;ENERG BALY MANGA LT 473ML;8;6;6;1;0,83;0;0,17;0;0,08;75;75;2,33;14;144;24/nov/25
1020497;ENERG BALY MANGA LT 473ML;12;6;6;3;2,67;0;0,17;0,67;0,43;43,64;43,64;0;14;144;24/nov/25
1014963;ENERG BALY MELANCIA LT 473ML;6;6;6;1;0,83;1;0,83;0,33;0,47;12,5;27,5;0;14;144;24/nov/25
1014963;ENERG BALY MELANCIA LT 473ML;7;6;6;1;0,83;1;0,5;0,5;0,43;13,64;30;0;14;144;24/nov/25
1403376;ENERG BALY MELANCIA PET 2L;2;6;6;3;0,67;3;2;1,83;1,36;3,43;18,86;1;14;144;24/nov/25
1403376;ENERG BALY MELANCIA PET 2L;3;6;6;5;1,5;4;2,5;2,67;1,94;5,4;19,8;2;14;144;24/nov/25
1403376;ENERG BALY MELANCIA PET 2L;5;6;6;2;0,67;2;1,33;0,33;0,7;6,67;26,67;0;14;144;24/nov/25
1403376;ENERG BALY MELANCIA PET 2L;6;6;6;2;0,33;3;1,67;0;0,82;2,86;28,57;0;14;144;24/nov/25
1403376;ENERG BALY MELANCIA PET 2L;8;6;6;1;0,67;1;0,33;0,17;0,27;17,14;42,86;1;14;144;24/nov/25
1014958;ENERG BALY MELANCIA S/A LT 473ML;6;6;6;1;0,33;2;0,83;0,33;0,39;6;42;0;14;144;24/nov/25
1018349;ENERG BALY MORAN/PES S/A 473ML;5;6;6;1;0,67;1;0,5;0,33;0,27;17,14;42,86;0;14;144;24/nov/25
1018349;ENERG BALY MORAN/PES S/A 473ML;6;6;6;1;0,5;1;0,83;0,17;0,27;12,86;38,57;0;14;144;24/nov/25
1018349;ENERG BALY MORAN/PES S/A 473ML;12;6;6;1;0,67;1;0,67;0,5;0,51;9,23;23,08;0;14;144;24/nov/25
1014957;ENERG BALY MORANGO/PESSEGO LT 473ML;3;6;6;2;2,83;1;0,5;1,33;0,7;28,33;38,33;2,33;14;144;24/nov/25
1014957;ENERG BALY MORANGO/PESSEGO LT 473ML;17;6;6;1;0,83;1;0,67;0,33;0,47;12,5;27,5;0;14;144;24/nov/25
1400823;ENERG BALY PET 2L;2;6;6;6;5;0;1,33;3;2,14;16,36;16,36;3;14;144;24/nov/25
1400823;ENERG BALY PET 2L;4;6;6;2;1,33;2;1,33;0,5;0,86;10,91;27,27;4;14;144;24/nov/25
1400823;ENERG BALY PET 2L;7;6;6;4;0,17;5;2,33;2,5;1,59;0,73;22,68;0;14;144;24/nov/25
1400823;ENERG BALY PET 2L;12;6;6;4;1,33;4;1,5;1,5;1,17;8;32;0;14;144;24/nov/25
1400823;ENERG BALY PET 2L;13;6;6;2;1,33;2;1,33;0,67;1,21;7,74;19,35;0;14;144;24/nov/25
1400823;ENERG BALY PET 2L;17;6;6;3;1,67;2;1,33;1,67;1,32;8,82;19,41;0;14;144;24/nov/25
1400823;ENERG BALY PET 2L;18;6;6;2;1,17;2;1;1,17;0,66;12,35;33,53;3;14;144;24/nov/25
1014967;ENERG BALY SUGARFREE S/A LT 473ML;12;6;6;1;0,5;1;1,17;0,33;0,39;9;27;0;14;144;24/nov/25
1018355;ENERG BALY TRADICIONAL S/A PET 2L;5;6;6;1;0,33;2;0,67;0,67;0,54;4,29;30;0;14;144;24/nov/25
1018355;ENERG BALY TRADICIONAL S/A PET 2L;6;6;6;2;1,33;2;1,17;0,83;0,82;11,43;28,57;0;14;144;24/nov/25
1018354;ENERG BALY TROPICAL S/A  250ML;8;6;6;1;0,83;0;0,17;0;0,16;37,5;37,5;3,33;14;144;24/nov/25
1018354;ENERG BALY TROPICAL S/A  250ML;17;6;6;1;0,5;1;0,17;0,17;0,08;45;135;0;14;144;24/nov/25
1014956;ENERG BALY TROPICAL S/A LT 473ML;12;6;6;1;0,83;1;0,17;0,67;0,19;30;66;0;14;144;24/nov/25
1002207;ENERG DRINK ELEV FRUTAS TROP PET 2L;3;6;6;1;0,67;1;0,33;0,17;0,16;30;75;1;14;144;24/nov/25
1015387;ENERG ELEV ACAI/COCO LT 473ML;6;6;6;2;0,67;2;0,83;0,67;0,43;10,91;43,64;0;14;144;24/nov/25
1002209;ENERG ELEV DRINK PET 2L;6;6;6;2;1,83;0;0,67;0,33;0,58;22;22;0;14;144;24/nov/25
1002209;ENERG ELEV DRINK PET 2L;8;6;6;1;0,83;0;0,17;0;0,08;75;75;1;14;144;24/nov/25
1002209;ENERG ELEV DRINK PET 2L;14;6;6;1;0,33;2;0,17;0,17;0,19;12;84;1;14;144;24/nov/25
1005152;ENERG ELEV GUA/MARA LT 473ML;13;6;6;1;0,67;1;0,83;0;0,43;10,91;27,27;0;14;144;24/nov/25
1005153;ENERG ELEV GUA/MARA PET 2L;12;6;6;1;0;2;0;0;0;;;0;14;144;24/nov/25
1005151;ENERG ELEV MACA VERDE PET 2L;7;6;6;2;1;2;0,5;0,67;0,47;15;45;0;14;144;24/nov/25
1005151;ENERG ELEV MACA VERDE PET 2L;12;6;6;2;1,5;0;0,17;0,33;0,19;54;54;0;14;144;24/nov/25
1001717;ENERG ELEV ORIGINAL LT 473ML;6;6;6;2;1,67;0;0;1;0,23;50;50;0;14;144;24/nov/25
1024476;ENERG ELEV PINK LIMONADE LT 473ML;3;6;12;2;1,08;2;0;0,92;0,21;35,45;100,91;0;14;144;24/nov/25
1024476;ENERG ELEV PINK LIMONADE LT 473ML;12;6;12;1;0,58;1;0,75;0,67;0,33;12,35;33,53;0;14;144;24/nov/25
1001718;ENERG ELEV ZERO LT 473ML;18;6;6;1;0,83;1;1;1,17;0,86;6,82;15;7;14;144;24/nov/25
1021298;ENERG HIPERTENSAO MACA VERDE 2L;18;6;6;1;0,33;2;0,83;0,83;0,58;4;28;2;14;144;24/nov/25
1403414;ENERG HIPERTENSAO MELANCIA 2L;7;6;6;1;0,5;1;1;0,5;0,35;10;30;0;14;144;24/nov/25
1403414;ENERG HIPERTENSAO MELANCIA 2L;18;6;6;1;0,33;2;0,67;0;0,27;8,57;60;2;14;144;24/nov/25
1016794;ENERG HIPERTENSAO PET 1L;2;6;6;2;2,17;0;1;0,83;1,21;12,58;12,58;1;14;144;24/nov/25
1016794;ENERG HIPERTENSAO PET 1L;5;6;6;1;0,83;0;0,33;0,5;0,35;16,67;16,67;0;14;144;24/nov/25
1016794;ENERG HIPERTENSAO PET 1L;7;6;6;1;0,83;1;0,5;0,5;0,39;15;33;0;14;144;24/nov/25
1402677;ENERG HIPERTENSAO PET 2L;7;6;6;2;0,83;2;1,83;1,5;1,4;4,17;14,17;0;14;144;24/nov/25
1402677;ENERG HIPERTENSAO PET 2L;18;6;6;2;1,33;2;1,83;1,17;1,4;6,67;16,67;3;14;144;24/nov/25
1403181;ENERG HIPERTENSAO ZERO PET 2L;2;6;6;2;1,33;0;1;0,33;0,58;16;16;1;14;144;24/nov/25
1403181;ENERG HIPERTENSAO ZERO PET 2L;5;6;6;1;0,67;1;0,33;0,17;0,43;10,91;27,27;0;14;144;24/nov/25
1403181;ENERG HIPERTENSAO ZERO PET 2L;6;6;6;2;0,17;2;2;1,17;1,52;0,77;10;0;14;144;24/nov/25
1403150;ENERG MONSTER ABSOLUT ZERO LT 473ML;3;6;6;11;7,33;5;3,67;4,67;3,03;16,92;28,46;1,17;14;144;24/nov/25
1403150;ENERG MONSTER ABSOLUT ZERO LT 473ML;13;6;6;4;1,5;3;1,67;0,67;0,86;12,27;36,82;0;14;144;24/nov/25
1403150;ENERG MONSTER ABSOLUT ZERO LT 473ML;14;6;6;2;1,67;1;0,83;1,33;1,24;9,38;15;2,33;14;144;24/nov/25
1403216;ENERG MONSTER DRAGON LIMAO LT 473ML;3;6;6;10;9,83;1;0,83;0,67;0,58;118;130;2,33;14;144;24/nov/25
1403216;ENERG MONSTER DRAGON LIMAO LT 473ML;14;6;6;2;1,67;1;0,17;0,83;0,62;18,75;30;2,33;14;144;24/nov/25
1402712;ENERG MONSTER GREEN LT 473ML;2;6;6;40;27,83;30;14;15,17;12,41;15,71;32,63;2,33;14;144;24/nov/25
1402712;ENERG MONSTER GREEN LT 473ML;3;6;6;47;27,83;40;25,67;29,5;23,18;8,41;20,49;2,33;14;144;24/nov/25
1402712;ENERG MONSTER GREEN LT 473ML;5;6;6;20;14,17;15;6,17;9;7,47;13,28;27,34;0;14;144;24/nov/25
1402712;ENERG MONSTER GREEN LT 473ML;6;6;6;73;50,33;55;24;23,17;19,25;18,3;38,3;0;14;144;24/nov/25
1402712;ENERG MONSTER GREEN LT 473ML;7;6;6;20;14,67;14;6,83;8,67;7,86;13,07;25,54;0;14;144;24/nov/25
1402712;ENERG MONSTER GREEN LT 473ML;8;6;6;20;17,33;0;1,83;2,33;2,22;54,74;54,74;4,67;14;144;24/nov/25
1402712;ENERG MONSTER GREEN LT 473ML;11;6;6;24;23,17;12;5,83;6,33;5,56;29,16;44,27;0;14;144;24/nov/25
1402712;ENERG MONSTER GREEN LT 473ML;13;6;6;87;67,17;0;12;15,33;13,03;36,09;36,09;0;14;144;24/nov/25
1402712;ENERG MONSTER GREEN LT 473ML;14;6;6;20;16,83;12;5,17;7,67;6,22;18,94;32,44;9,33;14;144;24/nov/25
1402712;ENERG MONSTER GREEN LT 473ML;17;6;6;27;22,33;17;4,5;7,33;5,83;26,8;47,2;0;14;144;24/nov/25
1402712;ENERG MONSTER GREEN LT 473ML;18;6;6;24;19;16;5;8;6,3;21,11;38,89;28;14;144;24/nov/25
1019196;ENERG MONSTER GREEN ZERO LT 473ML;2;6;6;18;16,17;3;5,5;5,17;4,2;26,94;31,94;2,33;14;144;24/nov/25
1019196;ENERG MONSTER GREEN ZERO LT 473ML;3;6;6;28;19,67;9;9;9,17;7,39;18,63;27,16;1,17;14;144;24/nov/25
1019196;ENERG MONSTER GREEN ZERO LT 473ML;4;6;6;10;7,83;4;3,5;4,17;3,31;16,59;25,06;0;14;144;24/nov/25
1019196;ENERG MONSTER GREEN ZERO LT 473ML;5;6;6;10;9,67;0;4;4,17;4,39;15,4;15,4;0;14;144;24/nov/25
1019196;ENERG MONSTER GREEN ZERO LT 473ML;6;6;6;18;12;7;3,83;2,33;3,69;22,74;36;0;14;144;24/nov/25
1019196;ENERG MONSTER GREEN ZERO LT 473ML;8;6;6;10;8,5;0;1,33;1,5;1,17;51;51;2,33;14;144;24/nov/25
1019196;ENERG MONSTER GREEN ZERO LT 473ML;11;6;6;10;9,67;0;1,17;0,5;0,74;91,58;91,58;0;14;144;24/nov/25
1019196;ENERG MONSTER GREEN ZERO LT 473ML;13;6;6;25;23,83;0;9,17;5,17;5,87;28,41;28,41;0;14;144;24/nov/25
1019196;ENERG MONSTER GREEN ZERO LT 473ML;14;6;6;10;5,5;5;4,17;2,83;2,14;18;34,36;2,33;14;144;24/nov/25
1019196;ENERG MONSTER GREEN ZERO LT 473ML;18;6;6;11;8,5;3;3,17;3,67;3,27;18,21;24,64;9,33;14;144;24/nov/25
1023924;ENERG MONSTER JUIC RIO PUNCH LT 473ML;3;6;6;10;9,17;2;1,5;2;1,67;38,37;46,74;0;14;144;24/nov/25
1023924;ENERG MONSTER JUIC RIO PUNCH LT 473ML;5;6;6;1;0,67;1;1,5;0,67;0,7;6,67;16,67;0;14;144;24/nov/25
1023924;ENERG MONSTER JUIC RIO PUNCH LT 473ML;7;6;6;1;0,83;1;0,17;0,33;0,35;16,67;36,67;0;14;144;24/nov/25
1023924;ENERG MONSTER JUIC RIO PUNCH LT 473ML;17;6;6;1;0,33;2;1,5;0;0,89;2,61;18,26;0;14;144;24/nov/25
1007984;ENERG MONSTER KHAOTIC JUICE LT 473ML;12;6;6;2;1,83;0;1,17;0,33;0,43;30;30;0;14;144;24/nov/25
1007984;ENERG MONSTER KHAOTIC JUICE LT 473ML;13;6;6;2;1,83;0;0,33;0,33;0,39;33;33;0;14;144;24/nov/25
1403148;ENERG MONSTER MANGO LOCO LT 473ML;1;6;6;2;1,17;2;0,67;0,33;0,47;17,5;47,5;0;14;144;24/nov/25
1403148;ENERG MONSTER MANGO LOCO LT 473ML;3;6;6;12;7,5;5;5,17;7,17;5,56;9,44;15,73;2,33;14;144;24/nov/25
1403148;ENERG MONSTER MANGO LOCO LT 473ML;4;6;6;5;3,33;2;2,67;2;2,02;11,54;18,46;4,67;14;144;24/nov/25
1403148;ENERG MONSTER MANGO LOCO LT 473ML;5;6;6;5;3,5;2;2,33;2,83;2,02;12,12;19,04;0;14;144;24/nov/25
1403148;ENERG MONSTER MANGO LOCO LT 473ML;12;6;6;8;5,67;0;0,83;2,33;1,17;34;34;0;14;144;24/nov/25
1403148;ENERG MONSTER MANGO LOCO LT 473ML;14;6;6;5;3,33;3;1,67;3,83;2,26;10,34;19,66;2,33;14;144;24/nov/25
1403148;ENERG MONSTER MANGO LOCO LT 473ML;17;6;6;2;1,67;1;0,5;3,17;2,18;5,36;8,57;0;14;144;24/nov/25
1403148;ENERG MONSTER MANGO LOCO LT 473ML;18;6;6;16;12,83;4;3,5;3;3,93;22,87;30;14;14;144;24/nov/25
1403462;ENERG MONSTER PACIFIC PUNCH LT 473ML;3;6;6;10;9,67;1;1;1,83;0,97;69,6;76,8;2,33;14;144;24/nov/25
1021295;ENERG MONSTER PEACHY KEEN LT 473ML;5;6;6;1;0,5;1;0,67;0,5;0,43;8,18;24,55;0;14;144;24/nov/25
1021295;ENERG MONSTER PEACHY KEEN LT 473ML;8;6;6;3;2,17;2;0,83;0,83;0,62;24,38;46,88;2,33;14;144;24/nov/25
1021295;ENERG MONSTER PEACHY KEEN LT 473ML;17;6;6;1;0,83;1;0,17;0,33;0,58;10;22;0;14;144;24/nov/25
1021295;ENERG MONSTER PEACHY KEEN LT 473ML;18;6;6;1;0,67;1;0,33;0,33;0,43;10,91;27,27;4,67;14;144;24/nov/25
1022579;ENERG MONSTER ULTR FIESTA MANGO LT 473;3;6;6;10;7,17;4;3,5;4,83;3,27;15,36;23,93;1,17;14;144;24/nov/25
1022579;ENERG MONSTER ULTR FIESTA MANGO LT 473;6;6;6;2;1,17;0;0,33;0,83;0,47;17,5;17,5;0;14;144;24/nov/25
1022579;ENERG MONSTER ULTR FIESTA MANGO LT 473;8;6;6;5;3;3;2,17;0,5;0,78;27;54;2,33;14;144;24/nov/25
1402713;ENERG MONSTER ULTRA LT 473ML;3;6;6;20;3,17;18;8,5;6;6,46;3,43;22,95;2,33;14;144;24/nov/25
1402713;ENERG MONSTER ULTRA LT 473ML;4;6;6;3;2,67;0;1,17;0,67;1,28;14,55;14,55;4,67;14;144;24/nov/25
1402713;ENERG MONSTER ULTRA LT 473ML;7;6;6;2;1,67;1;1,33;1,33;1,28;9,09;14,55;0;14;144;24/nov/25
1402713;ENERG MONSTER ULTRA LT 473ML;8;6;6;2;1,83;0;0,33;0,5;0,47;27,5;27,5;2,33;14;144;24/nov/25
1402713;ENERG MONSTER ULTRA LT 473ML;18;6;6;7;3,83;4;1,83;2;1,75;15,33;31,33;14;14;144;24/nov/25
1403149;ENERG MONSTER ULTRA VIOLET LT 473ML;3;6;6;10;8,67;2;2,33;2,5;1,94;31,2;38,4;1,17;14;144;24/nov/25
1403149;ENERG MONSTER ULTRA VIOLET LT 473ML;14;6;6;2;1,17;2;1;2,33;1,59;5,12;13,9;2,33;14;144;24/nov/25
1006078;ENERG MONSTER WATERMELON LT 473ML;3;6;6;10;8,33;3;2,17;0,33;1,05;55,56;75,56;2,33;14;144;24/nov/25
1006078;ENERG MONSTER WATERMELON LT 473ML;6;6;6;2;1,33;0;0,5;0,83;0,54;17,14;17,14;0;14;144;24/nov/25
1006078;ENERG MONSTER WATERMELON LT 473ML;12;6;6;2;1,33;2;1;0,17;0,27;34,29;85,71;0;14;144;24/nov/25
1006078;ENERG MONSTER WATERMELON LT 473ML;13;6;6;4;3;0;0,17;0,5;0,58;36;36;0;14;144;24/nov/25
1006078;ENERG MONSTER WATERMELON LT 473ML;14;6;6;2;1,83;0;0,5;0,83;0,74;17,37;17,37;2,33;14;144;24/nov/25
1006078;ENERG MONSTER WATERMELON LT 473ML;17;6;6;3;2,83;0;0;2,33;0,89;22,17;22,17;0;14;144;24/nov/25
1002208;ENERGY DRINK ELEV ZERO PET 2L;17;6;6;1;0,83;1;0,5;0,17;0,19;30;66;0;14;144;24/nov/25
1015157;GATORADE BERRY BLUE 500ML;2;6;6;3;2,33;0;0,67;1,33;0,86;19,09;19,09;2,33;14;144;24/nov/25
1015157;GATORADE BERRY BLUE 500ML;13;6;6;3;2;0;2,33;0,83;1,28;10,91;10,91;2,33;14;144;24/nov/25
1015157;GATORADE BERRY BLUE 500ML;17;6;6;3;1;3;2;2;1,17;6;24;2,33;14;144;24/nov/25
1015157;GATORADE BERRY BLUE 500ML;18;6;6;3;2;2;2,83;0,83;1,09;12,86;25,71;2,33;14;144;24/nov/25
45975;GATORADE FRUTAS CITRICAS 500ML;4;6;6;2;1;2;1;0,83;0,7;10;30;2,33;14;144;24/nov/25
45975;GATORADE FRUTAS CITRICAS 500ML;17;6;6;3;2,5;0;0,83;0;0,35;50;50;1,17;14;144;24/nov/25
46403;GATORADE LARANJA 500ML;3;6;6;6;4,5;2;2;2,67;3,62;8,71;12,58;2,33;14;144;24/nov/25
46403;GATORADE LARANJA 500ML;4;6;6;2;1;2;1;1,17;0,86;8,18;24,55;1,17;14;144;24/nov/25
46403;GATORADE LARANJA 500ML;5;6;6;2;1,83;0;0,17;0,5;0,27;47,14;47,14;1,17;14;144;24/nov/25
46403;GATORADE LARANJA 500ML;17;6;6;3;1,17;3;2,17;0,5;0,66;12,35;44,12;1,17;14;144;24/nov/25
46403;GATORADE LARANJA 500ML;18;6;6;3;2,67;1;1,33;0,5;0,58;32;44;1,17;14;144;24/nov/25
45813;GATORADE MARACUJA 500ML;3;6;6;6;2,83;2;2;2,83;2,37;8,36;14,26;2,33;14;144;24/nov/25
45813;GATORADE MARACUJA 500ML;4;6;6;3;0,83;2;1,83;0,67;0,93;6,25;21,25;1,17;14;144;24/nov/25
45813;GATORADE MARACUJA 500ML;8;6;6;2;1,5;0;0,33;0;0,23;45;45;2,33;14;144;24/nov/25
45813;GATORADE MARACUJA 500ML;11;6;6;3;2,5;0;0,5;1,5;0,89;19,57;19,57;2,33;14;144;24/nov/25
45813;GATORADE MARACUJA 500ML;17;6;6;3;2,67;0;1;3;1,4;13,33;13,33;1,17;14;144;24/nov/25
45813;GATORADE MARACUJA 500ML;18;6;6;3;1,83;2;1,17;0,67;0,7;18,33;38,33;1,17;14;144;24/nov/25
45976;GATORADE MOR/MARACUJA 500 ML;6;6;6;1;0,67;1;0,67;1,67;0,74;6,32;15,79;0;14;144;24/nov/25
45976;GATORADE MOR/MARACUJA 500 ML;7;6;6;1;0,83;1;0,5;0,17;0,31;18,75;41,25;0;14;144;24/nov/25
45976;GATORADE MOR/MARACUJA 500 ML;13;6;6;2;1,67;0;0,33;2,5;1,09;10,71;10,71;1,17;14;144;24/nov/25
45976;GATORADE MOR/MARACUJA 500 ML;17;6;6;3;2,17;0;1,67;0,83;1,01;15;15;1,17;14;144;24/nov/25
45815;GATORADE TANGERINA 500ML;2;6;6;3;2,17;2;1,17;0,83;0,66;22,94;44,12;2,33;14;144;24/nov/25
45815;GATORADE TANGERINA 500ML;4;6;6;2;1,67;0;0,33;0,33;0,54;21,43;21,43;2,33;14;144;24/nov/25
45815;GATORADE TANGERINA 500ML;7;6;6;2;1,83;1;0,17;0,5;0,23;55;85;2,33;14;144;24/nov/25
45815;GATORADE TANGERINA 500ML;17;6;6;3;2,83;0;0;0;0,23;85;85;1,17;14;144;24/nov/25
45816;GATORADE UVA 500ML;2;6;6;3;1,83;2;1,17;0;0,89;14,35;30;2,33;14;144;24/nov/25
45816;GATORADE UVA 500ML;3;6;6;4;2,33;3;2;1,17;3,07;5,32;12,15;3,5;14;144;24/nov/25
45816;GATORADE UVA 500ML;4;6;6;2;1,67;0;0,5;1;0,62;18,75;18,75;1,17;14;144;24/nov/25
45816;GATORADE UVA 500ML;5;6;6;2;1,5;0;1;0,17;0,7;15;15;1,17;14;144;24/nov/25
45816;GATORADE UVA 500ML;6;6;6;3;1,17;3;2;0,83;1,05;7,78;27,78;1,17;14;144;24/nov/25
45816;GATORADE UVA 500ML;7;6;6;3;2,83;1;0;0,83;0,43;46,36;62,73;1,17;14;144;24/nov/25
45816;GATORADE UVA 500ML;11;6;6;3;2,17;2;0,67;2,83;1,32;11,47;22,06;1,17;14;144;24/nov/25
45816;GATORADE UVA 500ML;12;6;6;3;2;2;1,67;3,83;1,98;7,06;14,12;2,33;14;144;24/nov/25
45816;GATORADE UVA 500ML;17;6;6;3;1,67;2;2;1;1,24;9,38;20,63;1,17;14;144;24/nov/25
45816;GATORADE UVA 500ML;18;6;6;3;1,83;2;2,17;0,17;0,82;15,71;32,86;1,17;14;144;24/nov/25
1018893;GATORADE ZERO FRUTAS SILVESTRE 350ML;2;6;12;1;0,58;1;0,42;0;0,33;12,35;33,53;1,17;14;144;24/nov/25
1018893;GATORADE ZERO FRUTAS SILVESTRE 350ML;4;6;12;1;0,58;1;0,67;0,25;0,31;13,13;35,63;0,58;14;144;24/nov/25
1018893;GATORADE ZERO FRUTAS SILVESTRE 350ML;6;6;12;1;0,58;1;0,58;0,5;0,33;12,35;33,53;0,58;14;144;24/nov/25
1018893;GATORADE ZERO FRUTAS SILVESTRE 350ML;14;6;12;1;1,33;0;1,42;0,25;0,84;11,16;11,16;0,58;14;144;24/nov/25
1009940;GELADINHO AMERICANO C/40;1;6;6;1;0;2;0;0;0,39;0;36;0;14;144;24/nov/25
1009940;GELADINHO AMERICANO C/40;8;6;6;1;0,33;2;0;1,67;0,39;6;42;10,67;14;144;24/nov/25
1009940;GELADINHO AMERICANO C/40;13;6;6;1;0,5;1;0;1,5;0,39;9;27;0;14;144;24/nov/25
1017329;GELADINHO MANIA C/40;7;6;6;60;80,17;0;13,83;16,83;9,68;57,95;57,95;0;14;144;24/nov/25
1024457;MONSTER PIPELINE PUNCH LT 473ML;5;6;6;4;3,5;0;0,5;0,83;0,35;70;70;0;14;144;24/nov/25
1024457;MONSTER PIPELINE PUNCH LT 473ML;6;6;6;8;6;3;2;0,5;0,58;72;108;0;14;144;24/nov/25
1024457;MONSTER PIPELINE PUNCH LT 473ML;7;6;6;4;3;2;1;0,5;0,43;49,09;81,82;0;14;144;24/nov/25
1024457;MONSTER PIPELINE PUNCH LT 473ML;8;6;6;4;3,5;0;0,67;1,5;0,58;42;42;0;14;144;24/nov/25
1024457;MONSTER PIPELINE PUNCH LT 473ML;17;6;6;4;6,17;0;1;2,83;1,56;27,75;27,75;0;14;144;24/nov/25
1024457;MONSTER PIPELINE PUNCH LT 473ML;18;6;6;8;6,5;2;1,5;0;0,58;78;102;0;14;144;24/nov/25
1004164;REFRESCO FRUKITO FRUTAS CIT PET 200ML;2;6;12;6;4,58;0;1,5;0,33;1,3;24,63;24,63;5;14;144;24/nov/25
1004164;REFRESCO FRUKITO FRUTAS CIT PET 200ML;3;6;12;10;9,42;2;3,92;4,83;3,34;19,71;23,9;11,67;14;144;24/nov/25
1004164;REFRESCO FRUKITO FRUTAS CIT PET 200ML;7;6;12;4;3;2;1,17;1,25;1,96;10,69;17,82;2,5;14;144;24/nov/25
1004164;REFRESCO FRUKITO FRUTAS CIT PET 200ML;11;6;12;6;4,83;2;2;1,42;1,77;19,12;27,03;5;14;144;24/nov/25
1004164;REFRESCO FRUKITO FRUTAS CIT PET 200ML;13;6;12;6;3,75;3;2,25;3;1,79;14,67;26,41;6,67;14;144;24/nov/25
1004164;REFRESCO FRUKITO FRUTAS CIT PET 200ML;17;6;12;6;4,83;2;1;2,5;1,63;20,71;29,29;2,5;14;144;24/nov/25
1004164;REFRESCO FRUKITO FRUTAS CIT PET 200ML;18;6;12;6;5,75;0;0,5;4,58;1,71;23,52;23,52;8,33;14;144;24/nov/25
1003290;REFRESCO FRUKITO FRUTAS CIT PET 2L;2;6;6;4;3;2;1;1,33;1,17;18;30;4;14;144;24/nov/25
1003290;REFRESCO FRUKITO FRUTAS CIT PET 2L;3;6;6;12;4,17;9;4,5;7,33;4,63;6,3;19,92;12;14;144;24/nov/25
1003290;REFRESCO FRUKITO FRUTAS CIT PET 2L;4;6;6;3;2;2;1;0,33;1,4;10;20;1;14;144;24/nov/25
1003290;REFRESCO FRUKITO FRUTAS CIT PET 2L;7;6;6;4;2,67;0;0,5;2,67;1,32;14,12;14,12;1;14;144;24/nov/25
1003290;REFRESCO FRUKITO FRUTAS CIT PET 2L;8;6;6;3;2,67;0;0,67;1;0,78;24;24;1;14;144;24/nov/25
1003290;REFRESCO FRUKITO FRUTAS CIT PET 2L;12;6;6;6;5;0;3,5;1,5;1,67;20,93;20,93;2;14;144;24/nov/25
1003290;REFRESCO FRUKITO FRUTAS CIT PET 2L;13;6;6;6;2,33;5;3,17;2,67;2,26;7,24;22,76;1;14;144;24/nov/25
1003290;REFRESCO FRUKITO FRUTAS CIT PET 2L;14;6;6;3;2,17;0;0,83;2;0,89;16,96;16,96;1;14;144;24/nov/25
1003290;REFRESCO FRUKITO FRUTAS CIT PET 2L;17;6;6;6;5;2;1;1;1,17;30;42;1;14;144;24/nov/25
1003290;REFRESCO FRUKITO FRUTAS CIT PET 2L;18;6;6;6;5,5;0;3,17;3,5;2,99;12,86;12,86;15;14;144;24/nov/25
1003289;REFRESCO FRUKITO FRUTAS CIT PET 500ML;11;6;12;2;1,75;0;0,08;0,25;0,72;17,03;17,03;2,67;14;144;24/nov/25
1004161;REFRESCO FRUKITO LIMAO PET 200ML;5;6;12;2;1,92;0;0,08;0;0,04;345;345;2,5;14;144;24/nov/25
1004161;REFRESCO FRUKITO LIMAO PET 200ML;6;6;12;2;1,33;0;0;0;0,29;32;32;2,5;14;144;24/nov/25
1004161;REFRESCO FRUKITO LIMAO PET 200ML;11;6;12;2;0,83;2;0,67;0;0,7;8,33;28,33;2,5;14;144;24/nov/25
1004161;REFRESCO FRUKITO LIMAO PET 200ML;17;6;12;2;1,75;0;0,08;0,08;0,14;90;90;2,5;14;144;24/nov/25
1004163;REFRESCO FRUKITO LIMAO PET 2L;2;6;6;3;1,67;2;2,5;0;0,62;18,75;41,25;3;14;144;24/nov/25
1004163;REFRESCO FRUKITO LIMAO PET 2L;5;6;6;2;1,83;0;0,5;0,33;0,27;47,14;47,14;1;14;144;24/nov/25
1004163;REFRESCO FRUKITO LIMAO PET 2L;12;6;6;3;2,67;0;0,67;0,67;0,58;32;32;1;14;144;24/nov/25
1004163;REFRESCO FRUKITO LIMAO PET 2L;13;6;6;3;1,83;0;1;1;0,97;13,2;13,2;1;14;144;24/nov/25
1004163;REFRESCO FRUKITO LIMAO PET 2L;17;6;6;3;2,17;0;0,67;0,5;0,58;26;26;1;14;144;24/nov/25
1020810;REFRESCO FRUKITO UVA PET 200ML;2;6;12;1;0,5;1;0,75;0,5;0,35;10;30;4,17;14;144;24/nov/25
1020810;REFRESCO FRUKITO UVA PET 200ML;6;6;12;3;2,08;0;0;0,67;0,6;24,19;24,19;2,5;14;144;24/nov/25
1020810;REFRESCO FRUKITO UVA PET 200ML;11;6;12;2;1,83;1;1,5;0,83;1,38;9,3;14,37;4,17;14;144;24/nov/25
1004160;REFRESCO FRUKITO UVA PET 2L;2;6;6;3;2,67;0;0,33;0,17;0,31;60;60;3;14;144;24/nov/25
1004160;REFRESCO FRUKITO UVA PET 2L;11;6;6;3;2,83;0;0,33;0,5;0,7;28,33;28,33;3;14;144;24/nov/25
1004160;REFRESCO FRUKITO UVA PET 2L;12;6;6;3;1,5;2;1,17;2,17;1,24;8,44;19,69;1;14;144;24/nov/25
1004160;REFRESCO FRUKITO UVA PET 2L;14;6;6;3;2,33;0;0,33;1;0,39;42;42;1;14;144;24/nov/25
1004160;REFRESCO FRUKITO UVA PET 2L;18;6;6;3;2,17;2;0,83;1,67;1,09;13,93;26,79;15;14;144;24/nov/25
1023822;REFRESCO HAPPY MORANGO TP 200ML;3;6;24;4;1,33;2;0,75;2,71;1,79;5,22;13,04;0;14;144;24/nov/25
1023822;REFRESCO HAPPY MORANGO TP 200ML;4;6;24;1;0,5;2;0,25;0,25;0,35;10;50;0;14;144;24/nov/25
1023822;REFRESCO HAPPY MORANGO TP 200ML;5;6;24;1;0,33;2;0,08;0,88;0,4;5,85;40,98;0;14;144;24/nov/25
1023822;REFRESCO HAPPY MORANGO TP 200ML;7;6;24;1;0,04;2;0,21;0,92;0,5;0,59;28,82;0;14;144;24/nov/25
1023822;REFRESCO HAPPY MORANGO TP 200ML;11;6;24;2;-0,96;2;0;1,17;1,81;-3,71;4,03;0;14;144;24/nov/25
1023822;REFRESCO HAPPY MORANGO TP 200ML;12;6;24;2;-0,38;2;0,54;1,71;0,79;-3,33;14,44;0;14;144;24/nov/25
1023822;REFRESCO HAPPY MORANGO TP 200ML;13;6;24;2;1,63;1;1;3,04;1,49;7,65;12,35;0;14;144;24/nov/25
1023822;REFRESCO HAPPY MORANGO TP 200ML;17;6;24;2;1,25;2;1,33;1,71;0,87;10,11;26,29;0;14;144;24/nov/25
1023820;REFRESCO HAPPY PESSEGO TP 200ML;13;6;24;2;1,83;0;0,42;0,96;0,82;15,71;15,71;0;14;144;24/nov/25
1023820;REFRESCO HAPPY PESSEGO TP 200ML;17;6;24;2;1,79;0;0,79;2,13;1,19;10,57;10,57;0;14;144;24/nov/25
1023825;REFRESCO HAPPY UVA TP 200ML;2;6;24;3;2,08;0;0;2;1,06;13,76;13,76;0;14;144;24/nov/25
1023825;REFRESCO HAPPY UVA TP 200ML;3;6;24;7,5;6,38;2;0,5;5,92;2,2;20,31;26,68;0;14;144;24/nov/25
1023825;REFRESCO HAPPY UVA TP 200ML;17;6;24;2;1,25;2;1,29;1,42;1,11;7,89;20,53;0;14;144;24/nov/25
1023825;REFRESCO HAPPY UVA TP 200ML;18;6;24;2;1,96;0;0,33;1,33;0,76;18,08;18,08;0;14;144;24/nov/25
1017958;REPOSITOR ENGOV AFT CITRUS 250ML;14;6;6;1;0,83;1;0,33;0,17;0,16;37,5;82,5;0;14;144;24/nov/25
1017960;REPOSITOR ENGOV AFT RED HIT 250ML;2;6;6;1;1,83;1;0,33;0,17;0,31;41,25;63,75;3,33;14;144;24/nov/25
1006543;REPOSITOR POWERADE FRU TROP 500ML;4;6;6;4;3,17;0;1,33;2,33;1,94;11,4;11,4;2,67;14;144;24/nov/25
1006543;REPOSITOR POWERADE FRU TROP 500ML;5;6;6;2;1,5;0;0,67;0,5;0,86;12,27;12,27;2,67;14;144;24/nov/25
1006543;REPOSITOR POWERADE FRU TROP 500ML;11;6;6;3;2;2;1;0,83;0,62;22,5;45;2,67;14;144;24/nov/25
1006543;REPOSITOR POWERADE FRU TROP 500ML;17;6;6;4;2,33;3;1,5;3,5;1,83;8,94;20,43;2,67;14;144;24/nov/25
1006543;REPOSITOR POWERADE FRU TROP 500ML;18;6;6;3;1,67;2;1,5;1;1,01;11,54;25,38;1,33;14;144;24/nov/25
1020534;REPOSITOR POWERADE LARANJA PET 500ML;2;6;6;6;3,83;0;1,33;1,33;1,05;25,56;25,56;2,67;14;144;24/nov/25
1020534;REPOSITOR POWERADE LARANJA PET 500ML;3;6;6;8;2;7;6;3,33;3,03;4,62;20,77;8;14;144;24/nov/25
1020534;REPOSITOR POWERADE LARANJA PET 500ML;7;6;6;4;3,17;0;1,33;0,33;0,54;40,71;40,71;1,33;14;144;24/nov/25
1020534;REPOSITOR POWERADE LARANJA PET 500ML;14;6;6;4;3,17;0;0,83;0,83;0,66;33,53;33,53;1,33;14;144;24/nov/25
1020534;REPOSITOR POWERADE LARANJA PET 500ML;17;6;6;6;5,83;1;2,33;4,5;2,29;17,8;20,85;1,33;14;144;24/nov/25
1020534;REPOSITOR POWERADE LARANJA PET 500ML;18;6;6;6;4,83;2;1,33;1,83;1,09;31,07;43,93;1,33;14;144;24/nov/25
1020535;REPOSITOR POWERADE LIMAO PET 500ML;2;6;6;3;1,83;0;1,33;0,67;0,74;17,37;17,37;2,67;14;144;24/nov/25
1020535;REPOSITOR POWERADE LIMAO PET 500ML;3;6;6;4;3,17;2;2,67;3,5;2,22;10;16,32;8;14;144;24/nov/25
1020535;REPOSITOR POWERADE LIMAO PET 500ML;4;6;6;2;1,33;0;0,33;0,5;0,43;21,82;21,82;1,33;14;144;24/nov/25
1020535;REPOSITOR POWERADE LIMAO PET 500ML;5;6;6;2;1,33;2;1,33;0,17;0,51;18,46;46,15;1,33;14;144;24/nov/25
1020535;REPOSITOR POWERADE LIMAO PET 500ML;6;6;6;2;1;2;1,17;1;1,13;6,21;18,62;1,33;14;144;24/nov/25
1020535;REPOSITOR POWERADE LIMAO PET 500ML;8;6;6;2;1,67;0;0,5;0,17;0,23;50;50;1,33;14;144;24/nov/25
1020535;REPOSITOR POWERADE LIMAO PET 500ML;17;6;6;3;2,33;0;0,67;0;0,62;26,25;26,25;1,33;14;144;24/nov/25
41898;REPOSITOR POWERADE MIX 500ML;2;6;6;4;3,33;2;4,33;3,17;2,49;9,38;15;5,33;14;144;24/nov/25
41898;REPOSITOR POWERADE MIX 500ML;3;6;6;8;2,67;6;4;5,5;3,81;4,9;15,92;8;14;144;24/nov/25
41898;REPOSITOR POWERADE MIX 500ML;4;6;6;3;2,33;0;1,83;2;1,59;10,24;10,24;2,67;14;144;24/nov/25
41898;REPOSITOR POWERADE MIX 500ML;7;6;6;3;0,5;3;3,17;3,5;2,14;1,64;11,45;2,67;14;144;24/nov/25
41898;REPOSITOR POWERADE MIX 500ML;8;6;6;3;2,17;0;1,5;1,17;1,21;12,58;12,58;2,67;14;144;24/nov/25
41898;REPOSITOR POWERADE MIX 500ML;13;6;6;5;2,67;3;2,5;2;2,84;6,58;13,97;2,67;14;144;24/nov/25
41898;REPOSITOR POWERADE MIX 500ML;17;6;6;3;1;3;2,67;5,67;3,34;2,09;8,37;1,33;14;144;24/nov/25
41898;REPOSITOR POWERADE MIX 500ML;18;6;6;4;3,83;0;0,83;2;1,09;24,64;24,64;2,67;14;144;24/nov/25
41867;REPOSITOR POWERADE UVA 500ML;3;6;6;8;4,5;4;4,33;9;4,9;6,43;12,14;8;14;144;24/nov/25
41867;REPOSITOR POWERADE UVA 500ML;5;6;6;3;1,83;2;1;0,83;0,62;20,63;43,13;1,33;14;144;24/nov/25
41867;REPOSITOR POWERADE UVA 500ML;11;6;6;4;2,67;2;1;1;1,05;17,78;31,11;1,33;14;144;24/nov/25
41867;REPOSITOR POWERADE UVA 500ML;12;6;6;4;2;3;2,67;2,67;1,94;7,2;18;2,67;14;144;24/nov/25
41867;REPOSITOR POWERADE UVA 500ML;13;6;6;4;2;3;2;0,67;1,09;12,86;32,14;1,33;14;144;24/nov/25
41867;REPOSITOR POWERADE UVA 500ML;14;6;6;3;2,5;1;0,5;1;0,82;21,43;30;1,33;14;144;24/nov/25
41867;REPOSITOR POWERADE UVA 500ML;17;6;6;4;1;4;3,33;0,67;1,21;5,81;29,03;1,33;14;144;24/nov/25
1403572;SUCO CBS PESSEGO MISTO 200ML;3;6;24;2;1,92;1;0,42;0,08;0,49;27,6;42;2,17;14;144;24/nov/25
1403572;SUCO CBS PESSEGO MISTO 200ML;6;6;24;1;0,67;1;0,38;0,25;0,31;15;37,5;1,63;14;144;24/nov/25
1403218;SUCO COM/TEM LARANJA TP 1L;3;6;12;2;1,75;1;1,17;0,08;0,6;20,32;31,94;4;14;144;24/nov/25
1403218;SUCO COM/TEM LARANJA TP 1L;6;6;12;1;0,92;1;0,17;0,08;0,1;66;138;0,5;14;144;24/nov/25
1403218;SUCO COM/TEM LARANJA TP 1L;8;6;12;1;0,83;0;0;1,08;0,37;15,79;15,79;0,5;14;144;24/nov/25
1403219;SUCO COM/TEM LARANJA TP 200ML;3;6;24;4;2,83;2;1,25;1,29;1,15;17,29;29,49;1,63;14;144;24/nov/25
1403219;SUCO COM/TEM LARANJA TP 200ML;11;6;24;1;0,79;1;0,29;0,21;0,23;23,75;53,75;3,25;14;144;24/nov/25
1403219;SUCO COM/TEM LARANJA TP 200ML;13;6;24;1;0,42;2;0,21;0,13;0,18;15,79;91,58;1,08;14;144;24/nov/25
1403223;SUCO COM/TEM MACA TP 200ML;3;6;24;2;1,29;2;0,92;0,46;0,54;16,61;42,32;1,63;14;144;24/nov/25
1403223;SUCO COM/TEM MACA TP 200ML;11;6;24;1;0,79;1;0,33;0,29;0,32;17,27;39,09;3,79;14;144;24/nov/25
1403220;SUCO COM/TEM UVA TP 1L;8;6;12;1;0,92;0;0,08;0;0,04;165;165;0,5;14;144;24/nov/25
1403220;SUCO COM/TEM UVA TP 1L;11;6;12;1;0,92;1;0,25;0,33;0,27;23,57;49,29;2;14;144;24/nov/25
1403220;SUCO COM/TEM UVA TP 1L;14;6;12;1;0,92;0;0,17;0,5;0,56;11,38;11,38;1;14;144;24/nov/25
1403221;SUCO COM/TEM UVA TP 200ML;3;6;24;3;2,83;1;0,79;2,75;1,46;13,6;18,4;1,63;14;144;24/nov/25
1403221;SUCO COM/TEM UVA TP 200ML;11;6;24;2;1,46;0;0,5;0,29;0,35;29,17;29,17;3,79;14;144;24/nov/25
1403221;SUCO COM/TEM UVA TP 200ML;14;6;24;1;0,96;0;0,71;0,17;0,52;13,02;13,02;1,08;14;144;24/nov/25
1004866;SUCO DE UVA AURORA INTEGRAL BCO TP 1,5L;2;6;6;1;7,33;10;0,17;0;0,08;660;1.560,00;1;14;144;24/nov/25
1004866;SUCO DE UVA AURORA INTEGRAL BCO TP 1,5L;3;6;6;1;1,33;10;0,5;1,17;0,66;14,12;120;6;14;144;24/nov/25
1004866;SUCO DE UVA AURORA INTEGRAL BCO TP 1,5L;17;6;6;1;1,33;2;0,17;0,33;0,12;80;200;1;14;144;24/nov/25
1004866;SUCO DE UVA AURORA INTEGRAL BCO TP 1,5L;18;6;6;1;1;2;0;0,17;0,23;30;90;1;14;144;24/nov/25
1004865;SUCO DE UVA AURORA INTEGRAL TP 1,5L;2;6;6;3;2,67;0;1,83;1,5;1,44;12,97;12,97;3;14;144;24/nov/25
1004865;SUCO DE UVA AURORA INTEGRAL TP 1,5L;2;6;6;3;2,67;0;1,83;1,5;1,44;12,97;12,97;3;14;144;24/nov/25
1004865;SUCO DE UVA AURORA INTEGRAL TP 1,5L;3;6;6;6;6;10;2,17;5,17;3,31;12,71;33,88;6;14;144;24/nov/25
1004865;SUCO DE UVA AURORA INTEGRAL TP 1,5L;11;6;6;3;2,17;0;0,33;0,5;0,43;35,45;35,45;3;14;144;24/nov/25
1004865;SUCO DE UVA AURORA INTEGRAL TP 1,5L;11;6;6;3;2,17;0;0,33;0,5;0,43;35,45;35,45;3;14;144;24/nov/25
1004865;SUCO DE UVA AURORA INTEGRAL TP 1,5L;12;6;6;2;2,17;1;1,33;0,5;0,93;16,25;23,75;3;14;144;24/nov/25
1004865;SUCO DE UVA AURORA INTEGRAL TP 1,5L;14;6;6;2;5;2;0;2;0,89;39,13;54,78;1;14;144;24/nov/25
1004865;SUCO DE UVA AURORA INTEGRAL TP 1,5L;18;6;6;4;3;0;0;0;0,47;45;45;2;14;144;24/nov/25
1004865;SUCO DE UVA AURORA INTEGRAL TP 1,5L;18;6;6;4;3;0;0;0;0,47;45;45;2;14;144;24/nov/25
97011;SUCO DE UVA AURORA INTEGRAL VD 1.5L;2;6;6;1;1;6;0,17;0;0,19;36;252;3;14;144;24/nov/25
97011;SUCO DE UVA AURORA INTEGRAL VD 1.5L;3;6;6;2;2,67;6;0,33;1,67;0,82;22,86;74,29;2;14;144;24/nov/25
97011;SUCO DE UVA AURORA INTEGRAL VD 1.5L;6;6;6;1;0,83;6;0;0;0,04;150;1.230,00;2,33;14;144;24/nov/25
97011;SUCO DE UVA AURORA INTEGRAL VD 1.5L;11;6;6;1;1;6;0,17;0,33;0,23;30;210;2;14;144;24/nov/25
97011;SUCO DE UVA AURORA INTEGRAL VD 1.5L;12;6;6;1;7,17;1;0,67;0;0,39;129;147;2;14;144;24/nov/25
97011;SUCO DE UVA AURORA INTEGRAL VD 1.5L;13;6;6;1;2,33;6;0;0;0,31;52,5;187,5;1;14;144;24/nov/25
97011;SUCO DE UVA AURORA INTEGRAL VD 1.5L;14;6;6;2;0;6;0,67;1,33;1,09;0;38,57;2;14;144;24/nov/25
97011;SUCO DE UVA AURORA INTEGRAL VD 1.5L;17;6;6;1;1;6;0;0;0,16;45;315;1;14;144;24/nov/25
97011;SUCO DE UVA AURORA INTEGRAL VD 1.5L;18;6;6;1;1;6;0;0;0,04;180;1.260,00;2;14;144;24/nov/25
1019923;SUCO DE UVA PRECIOSO MISTO 1,5L;3;6;6;8;4,67;7;3,83;1,33;2,33;14;35;4;14;144;24/nov/25
1019923;SUCO DE UVA PRECIOSO MISTO 1,5L;4;6;6;2;1,83;0;0,17;0;0,54;23,57;23,57;2;14;144;24/nov/25
1019923;SUCO DE UVA PRECIOSO MISTO 1,5L;11;6;6;2;1,17;2;1;1,17;1,09;7,5;20,36;4;14;144;24/nov/25
1019923;SUCO DE UVA PRECIOSO MISTO 1,5L;17;6;6;2;0,67;2;1,67;0,67;0,66;7,06;28,24;2;14;144;24/nov/25
1402481;SUCO DEL VALLE 100% LARANJA TP 1L;8;6;6;2;2,67;3;0;2;1,05;17,78;37,78;1;14;144;24/nov/25
1402481;SUCO DEL VALLE 100% LARANJA TP 1L;11;6;6;2;1,83;0;0;0,67;0,23;55;55;3;14;144;24/nov/25
1402481;SUCO DEL VALLE 100% LARANJA TP 1L;12;6;6;2;1,83;0;0;0,5;0,39;33;33;4;14;144;24/nov/25
1003790;SUCO DEL VALLE 100% MACA TP 1L;11;6;6;1;0,5;1;0;0,17;0,04;90;270;2;14;144;24/nov/25
1003790;SUCO DEL VALLE 100% MACA TP 1L;13;6;6;1;0,83;0;0,33;0,5;0,19;30;30;2;14;144;24/nov/25
1003790;SUCO DEL VALLE 100% MACA TP 1L;17;6;6;1;0,83;1;0,33;0;0,12;50;110;4;14;144;24/nov/25
1403374;SUCO DEL VALLE 100% MACA TP 200ML;3;6;18;2,67;1,61;2;1,17;2,06;1,44;7,84;17,57;2,17;14;144;24/nov/25
1403374;SUCO DEL VALLE 100% MACA TP 200ML;12;6;18;1;0,94;0;0,11;0;0,21;31,88;31,88;2,89;14;144;24/nov/25
1403374;SUCO DEL VALLE 100% MACA TP 200ML;14;6;18;1;0,28;2;1,39;0,28;0,6;3,26;26,74;1,44;14;144;24/nov/25
1403450;SUCO DEL VALLE ABACAXI TP 1L;3;6;6;8;3,5;5;2,33;3;2,84;8,63;20,96;12;14;144;24/nov/25
1403450;SUCO DEL VALLE ABACAXI TP 1L;5;6;6;1;0,83;1;0,67;1,33;0,7;8,33;18,33;2;14;144;24/nov/25
1403450;SUCO DEL VALLE ABACAXI TP 1L;6;6;6;2;1,5;0;0,83;1,33;0,89;11,74;11,74;2;14;144;24/nov/25
1403450;SUCO DEL VALLE ABACAXI TP 1L;11;6;6;2;1,5;0;0,67;0,67;0,54;19,29;19,29;4;14;144;24/nov/25
1403450;SUCO DEL VALLE ABACAXI TP 1L;13;6;6;2;1,17;2;1,33;1,33;1,13;7,24;19,66;4;14;144;24/nov/25
1403450;SUCO DEL VALLE ABACAXI TP 1L;17;6;6;3;1;3;0,33;1,33;0,93;7,5;30;6;14;144;24/nov/25
1403313;SUCO DEL VALLE FRUT CITRUS 450ML;3;6;6;10;9,67;1;0;1,17;2,8;24,17;26,67;7;14;144;24/nov/25
1403313;SUCO DEL VALLE FRUT CITRUS 450ML;7;6;6;3;2,83;0;1,5;2,17;1,48;13,42;13,42;4,67;14;144;24/nov/25
1403313;SUCO DEL VALLE FRUT CITRUS 450ML;12;6;6;6;5,67;0;0,5;5;2,02;19,62;19,62;8,17;14;144;24/nov/25
1017232;SUCO DEL VALLE FRUT F. CITRICAS PET 1,5L;3;6;6;8;7;4;6;8,83;7,54;6,49;10,21;12;14;144;24/nov/25
1017232;SUCO DEL VALLE FRUT F. CITRICAS PET 1,5L;6;6;6;6;3,33;4;5,17;4;3,89;6;13,2;2;14;144;24/nov/25
1017232;SUCO DEL VALLE FRUT F. CITRICAS PET 1,5L;7;6;6;4;4,83;0;1,17;1,33;1,91;17,76;17,76;2;14;144;24/nov/25
1017232;SUCO DEL VALLE FRUT F. CITRICAS PET 1,5L;13;6;6;4;-0,33;8;9,83;3,83;4,67;-0,5;11,5;2;14;144;24/nov/25
1017232;SUCO DEL VALLE FRUT F. CITRICAS PET 1,5L;17;6;6;4;3,83;0;0,17;1;0,74;36,32;36,32;2;14;144;24/nov/25
1017232;SUCO DEL VALLE FRUT F. CITRICAS PET 1,5L;18;6;6;4;2,33;3;2,33;2,33;2,18;7,5;17,14;9;14;144;24/nov/25
1402441;SUCO DEL VALLE FRUT LARANJA  PET 1,5L;3;6;6;8;5,17;4;4,17;3,83;2,53;14,31;25,38;12;14;144;24/nov/25
1402441;SUCO DEL VALLE FRUT LARANJA  PET 1,5L;5;6;6;4;2,67;0;1,67;0,5;1,36;13,71;13,71;2;14;144;24/nov/25
1402441;SUCO DEL VALLE FRUT LARANJA  PET 1,5L;7;6;6;4;1,67;3;1,83;1;1,32;8,82;24,71;2;14;144;24/nov/25
1402441;SUCO DEL VALLE FRUT LARANJA  PET 1,5L;13;6;6;6;4,83;0;2;0,33;2,29;14,75;14,75;2;14;144;24/nov/25
1402441;SUCO DEL VALLE FRUT LARANJA  PET 1,5L;17;6;6;6;3,83;3;1,83;2,17;1,98;13,53;24,12;2;14;144;24/nov/25
1403068;SUCO DEL VALLE FRUT LARANJA TP 1L;3;6;6;8;4,33;5;2,67;2,83;1,98;15,29;32,94;24;14;144;24/nov/25
1403068;SUCO DEL VALLE FRUT LARANJA TP 1L;6;6;6;2;1,17;2;0,67;0,83;0,66;12,35;33,53;6;14;144;24/nov/25
1403068;SUCO DEL VALLE FRUT LARANJA TP 1L;11;6;6;3;1,17;0;0,67;0,5;0,51;16,15;16,15;6;14;144;24/nov/25
1403068;SUCO DEL VALLE FRUT LARANJA TP 1L;12;6;6;4;2;3;1,33;2;1,71;8,18;20,45;7;14;144;24/nov/25
1403068;SUCO DEL VALLE FRUT LARANJA TP 1L;17;6;6;3;2;0;0,83;1;0,89;15,65;15,65;3;14;144;24/nov/25
1021680;SUCO DEL VALLE FRUT LIMAO PET 1,5L;4;6;6;2;1,5;0;0,33;0,5;0,31;33,75;33,75;2;14;144;24/nov/25
1021680;SUCO DEL VALLE FRUT LIMAO PET 1,5L;5;6;6;2;1,33;0;0,33;0,5;0,47;20;20;2;14;144;24/nov/25
1021680;SUCO DEL VALLE FRUT LIMAO PET 1,5L;6;6;6;3;2,67;1;1;0,5;0,51;36,92;50,77;2;14;144;24/nov/25
1021680;SUCO DEL VALLE FRUT LIMAO PET 1,5L;7;6;6;2;1,33;2;0,33;0,67;0,31;30;75;2;14;144;24/nov/25
1021680;SUCO DEL VALLE FRUT LIMAO PET 1,5L;11;6;6;3;2;0;0,17;1;0,51;27,69;27,69;3;14;144;24/nov/25
1021680;SUCO DEL VALLE FRUT LIMAO PET 1,5L;12;6;6;3;0,5;4;3,67;0,67;1,52;2,31;20,77;2;14;144;24/nov/25
1021680;SUCO DEL VALLE FRUT LIMAO PET 1,5L;13;6;6;3;2,83;0;0,33;0,5;0,19;102;102;2;14;144;24/nov/25
1021680;SUCO DEL VALLE FRUT LIMAO PET 1,5L;14;6;6;2;1,5;0;0;0,17;0,16;67,5;67,5;2;14;144;24/nov/25
1021680;SUCO DEL VALLE FRUT LIMAO PET 1,5L;17;6;6;3;1;3;0,67;0,83;0,89;7,83;31,3;2;14;144;24/nov/25
1402440;SUCO DEL VALLE FRUT UVA PET 1,5L;4;6;6;6;5,17;0;4,17;3,33;4,2;8,61;8,61;2;14;144;24/nov/25
1402440;SUCO DEL VALLE FRUT UVA PET 1,5L;6;6;6;6;5;0;0,83;1,83;1,91;18,37;18,37;2;14;144;24/nov/25
1402440;SUCO DEL VALLE FRUT UVA PET 1,5L;11;6;6;8;2,17;7;2,33;6,5;3,19;4,76;20,12;3;14;144;24/nov/25
1402440;SUCO DEL VALLE FRUT UVA PET 1,5L;12;6;6;8;2,17;7;4;3,67;2,72;5,57;23,57;2;14;144;24/nov/25
1402440;SUCO DEL VALLE FRUT UVA PET 1,5L;17;6;6;6;3,67;0;2,5;1;1,28;20;20;2;14;144;24/nov/25
1402440;SUCO DEL VALLE FRUT UVA PET 1,5L;18;6;6;6;2,5;4;3,67;3;3,31;5,29;13,76;9;14;144;24/nov/25
1403022;SUCO DEL VALLE FRUT UVA TP 1L;2;6;6;6;3,33;0;2,5;2;2,02;11,54;11,54;6;14;144;24/nov/25
1403022;SUCO DEL VALLE FRUT UVA TP 1L;3;6;6;8;5,17;4;3,67;4,33;3,46;10,45;18,54;24;14;144;24/nov/25
1403022;SUCO DEL VALLE FRUT UVA TP 1L;4;6;6;4;3,67;0;0,67;1,33;1,17;22;22;6;14;144;24/nov/25
1403022;SUCO DEL VALLE FRUT UVA TP 1L;5;6;6;3;2,33;0;1,17;1,33;1,24;13,13;13,13;6;14;144;24/nov/25
1403022;SUCO DEL VALLE FRUT UVA TP 1L;8;6;6;3;2,5;0;0,67;0,83;0,78;22,5;22,5;6;14;144;24/nov/25
1403022;SUCO DEL VALLE FRUT UVA TP 1L;12;6;6;6;5,5;0;1,67;3,67;2,14;18;18;6;14;144;24/nov/25
1403022;SUCO DEL VALLE FRUT UVA TP 1L;17;6;6;4;2,83;2;1;0,83;0,74;26,84;45,79;3;14;144;24/nov/25
1403022;SUCO DEL VALLE FRUT UVA TP 1L;18;6;6;4;2;3;3,17;2,83;2,88;4,86;12,16;12;14;144;24/nov/25
47623;SUCO DEL VALLE LARANJA TP 1L;5;6;6;2;1,83;0;0,5;0,67;0,51;25,38;25,38;2;14;144;24/nov/25
47623;SUCO DEL VALLE LARANJA TP 1L;11;6;6;3;2,33;0;0,5;0,83;0,86;19,09;19,09;6;14;144;24/nov/25
47623;SUCO DEL VALLE LARANJA TP 1L;12;6;6;3;2,17;0;0,83;1;0,78;19,5;19,5;8;14;144;24/nov/25
47623;SUCO DEL VALLE LARANJA TP 1L;17;6;6;2;1,5;0;0,17;0,83;0,27;38,57;38,57;3;14;144;24/nov/25
47617;SUCO DEL VALLE MANGA TP 1L;3;6;6;4;2;3;1,5;1,67;1,59;8,78;21,95;18;14;144;24/nov/25
47617;SUCO DEL VALLE MANGA TP 1L;13;6;6;2;1,67;0;0,83;3,33;1,09;10,71;10,71;6;14;144;24/nov/25
1403171;SUCO DEL VALLE MARACUJA LT 290ML;13;6;6;2;1,17;0;0,83;0,67;0,35;23,33;23,33;2,67;14;144;24/nov/25
9972773;SUCO DEL VALLE NUTRI UVA TP 200ML;3;6;18;5;2,22;4;1,56;1,5;2,98;5,22;14,61;13;14;144;24/nov/25
9972773;SUCO DEL VALLE NUTRI UVA TP 200ML;4;6;18;2;0,89;2;1,33;1,56;1,66;3,75;12,19;2,89;14;144;24/nov/25
9972773;SUCO DEL VALLE NUTRI UVA TP 200ML;5;6;18;3;2,17;0;0,61;1,33;0,62;24,38;24,38;2,89;14;144;24/nov/25
9972773;SUCO DEL VALLE NUTRI UVA TP 200ML;8;6;18;1;2,28;2;0,72;0,78;0,64;25,1;47,14;3,61;14;144;24/nov/25
1402788;SUCO DEL VALLE PESSEGO LT 290ML;2;6;6;4;1,5;3;1,33;2,33;1,36;7,71;23,14;6,67;14;144;24/nov/25
1402788;SUCO DEL VALLE PESSEGO LT 290ML;6;6;6;2;0,5;2;1,33;0,17;0,86;4,09;20,45;4;14;144;24/nov/25
1402788;SUCO DEL VALLE PESSEGO LT 290ML;12;6;6;2;1,33;2;1,67;0;1,13;8,28;20,69;6,67;14;144;24/nov/25
1402788;SUCO DEL VALLE PESSEGO LT 290ML;14;6;6;3;2,17;2;1;1;0,89;16,96;32,61;2,67;14;144;24/nov/25
1402788;SUCO DEL VALLE PESSEGO LT 290ML;18;6;6;3;1;3;1,5;2,17;0,93;7,5;30;5,33;14;144;24/nov/25
47618;SUCO DEL VALLE PESSEGO TP 1L;2;6;6;4;2,5;2;1,67;3,17;2,96;5,92;10,66;2;14;144;24/nov/25
47618;SUCO DEL VALLE PESSEGO TP 1L;3;6;6;12;6;7;3,67;3,83;4,12;10,19;22,08;18;14;144;24/nov/25
47618;SUCO DEL VALLE PESSEGO TP 1L;8;6;6;2;1,67;0;1;0,67;1,05;11,11;11,11;3;14;144;24/nov/25
47618;SUCO DEL VALLE PESSEGO TP 1L;11;6;6;3;1,33;3;1,5;1;1,05;8,89;28,89;6;14;144;24/nov/25
47618;SUCO DEL VALLE PESSEGO TP 1L;12;6;6;3;1,33;3;0,5;1,67;1,05;8,89;28,89;12;14;144;24/nov/25
47618;SUCO DEL VALLE PESSEGO TP 1L;13;6;6;4;3,67;0;0,83;2;2,76;9,3;9,3;6;14;144;24/nov/25
47618;SUCO DEL VALLE PESSEGO TP 1L;18;6;6;7;3,5;4;2,67;4,5;3,38;7,24;15,52;6;14;144;24/nov/25
1017401;SUCO DEL VALLE PESSEGO TP 200ML;6;6;18;3;1,89;0;1,06;1,28;0,71;18,55;18,55;2,89;14;144;24/nov/25
1017401;SUCO DEL VALLE PESSEGO TP 200ML;8;6;18;1,33;1,11;0;0,44;0,33;0,49;15,79;15,79;3,61;14;144;24/nov/25
1017401;SUCO DEL VALLE PESSEGO TP 200ML;12;6;18;4;2,72;2;1,06;1,28;1,34;14,27;24,76;6,5;14;144;24/nov/25
1017401;SUCO DEL VALLE PESSEGO TP 200ML;13;6;18;4;1,94;4;4,28;3,94;3,59;3,79;11,59;4,33;14;144;24/nov/25
1017401;SUCO DEL VALLE PESSEGO TP 200ML;14;6;18;3;1,33;3;2,44;1,06;1,41;6,61;21,47;4,33;14;144;24/nov/25
1402786;SUCO DEL VALLE UVA LT 290ML;5;6;6;2;1;2;1,33;0,5;0,47;15;45;4;14;144;24/nov/25
1402786;SUCO DEL VALLE UVA LT 290ML;12;6;6;2;0,67;2;1,5;0,67;1,28;3,64;14,55;6,67;14;144;24/nov/25
45100;SUCO DEL VALLE UVA PET 450ML;17;6;6;2;1,17;0;0;0;0,08;105;105;2,33;14;144;24/nov/25
45100;SUCO DEL VALLE UVA PET 450ML;18;6;6;2;1,17;1;1,5;1,67;1,63;5;9,29;14;14;144;24/nov/25
47620;SUCO DEL VALLE UVA TP 1L;3;6;6;6;4;3;2;0,83;1,63;17,14;30;12;14;144;24/nov/25
47620;SUCO DEL VALLE UVA TP 1L;7;6;6;1;0,83;1;0,67;0,83;0,7;8,33;18,33;5;14;144;24/nov/25
47620;SUCO DEL VALLE UVA TP 1L;12;6;6;1;0,67;1;0,83;0,17;0,62;7,5;18,75;12;14;144;24/nov/25
47620;SUCO DEL VALLE UVA TP 1L;13;6;6;1;0,67;1;0,33;0;0,47;10;25;4;14;144;24/nov/25
95576;SUCO KAPO ABACAXI 200ML;3;6;12;14;11,67;3;7,08;6,17;6,18;13,21;16,6;9,75;14;144;24/nov/25
95576;SUCO KAPO ABACAXI 200ML;4;6;12;4;3,42;0;0,92;1;1,19;20,16;20,16;6,5;14;144;24/nov/25
95576;SUCO KAPO ABACAXI 200ML;5;6;12;6;4;3;2;1,58;1,83;15,32;26,81;6,5;14;144;24/nov/25
95576;SUCO KAPO ABACAXI 200ML;7;6;12;4;2,92;0;2,17;1,92;1,65;12,35;12,35;6,5;14;144;24/nov/25
1403205;SUCO KAPO FRUTA CITRICAS 200ML;3;6;12;12;10,33;3;2,17;2,92;1,96;36,83;47,52;6,5;14;144;24/nov/25
1403205;SUCO KAPO FRUTA CITRICAS 200ML;5;6;12;4;1,25;4;1,42;1;1,15;7,63;32,03;4,33;14;144;24/nov/25
1403205;SUCO KAPO FRUTA CITRICAS 200ML;6;6;12;8;6,33;0;0,92;1,08;1,03;43,02;43,02;4,33;14;144;24/nov/25
1403205;SUCO KAPO FRUTA CITRICAS 200ML;13;6;12;6;4,83;0;1;1;0,95;35,51;35,51;2,17;14;144;24/nov/25
95572;SUCO KAPO LARANJA 200ML;2;6;12;32;23,92;9;6,25;7,33;6,24;26,82;36,92;3,25;14;144;24/nov/25
95572;SUCO KAPO LARANJA 200ML;3;6;12;47;39;9;8,5;14,08;9,45;28,89;35,56;9,75;14;144;24/nov/25
95572;SUCO KAPO LARANJA 200ML;4;6;12;10;8,92;0;2,83;2;3,44;18,14;18,14;6,5;14;144;24/nov/25
95572;SUCO KAPO LARANJA 200ML;5;6;12;10;8,83;0;3,75;5,25;3,56;17,38;17,38;6,5;14;144;24/nov/25
95572;SUCO KAPO LARANJA 200ML;6;6;12;13;11,58;0;4,5;3,33;4,41;18,37;18,37;6,5;14;144;24/nov/25
95572;SUCO KAPO LARANJA 200ML;7;6;12;18;16,33;3;1,92;2,25;2,78;41,12;48,67;6,5;14;144;24/nov/25
95572;SUCO KAPO LARANJA 200ML;8;6;12;11;10,08;0;1,25;1,75;1,46;48,4;48,4;6,5;14;144;24/nov/25
95572;SUCO KAPO LARANJA 200ML;11;6;12;26;24,92;2;3,5;4,17;4,96;35,18;38;9,75;14;144;24/nov/25
95572;SUCO KAPO LARANJA 200ML;12;6;12;35;28,58;21;7,75;6,83;7,99;25,04;43,43;3,25;14;144;24/nov/25
95572;SUCO KAPO LARANJA 200ML;13;6;12;15;14,33;0;3,67;4,75;4,1;24,45;24,45;3,25;14;144;24/nov/25
95572;SUCO KAPO LARANJA 200ML;18;6;12;10;9,17;2;2,42;2,75;3,09;20,75;25,28;9,75;14;144;24/nov/25
1403394;SUCO KAPO MACA 200ML;3;6;12;10;5,5;5;3,42;6,42;4,59;8,39;16,02;9,75;14;144;24/nov/25
1403394;SUCO KAPO MACA 200ML;5;6;12;3;2,08;2;1,67;2,08;1,69;8,62;16,9;6,5;14;144;24/nov/25
1403394;SUCO KAPO MACA 200ML;7;6;12;5;2,33;4;0,33;0,42;0,21;76,36;207,27;6,5;14;144;24/nov/25
1403394;SUCO KAPO MACA 200ML;11;6;12;6;5,83;0;1;2,67;1,96;20,79;20,79;9,75;14;144;24/nov/25
1403394;SUCO KAPO MACA 200ML;13;6;12;7;2,67;5;2;2;1,89;9,9;28,45;3,25;14;144;24/nov/25
1403394;SUCO KAPO MACA 200ML;14;6;12;5;3,33;3;2,42;3,25;2,66;8,76;16,64;3,25;14;144;24/nov/25
1024467;SUCO KAPO MELANCIA 200ML;7;6;12;3;4;4;0;0;0;;;0;14;144;24/nov/25
95575;SUCO KAPO MORANGO 200ML;2;6;12;27;21,33;7;7,92;5,42;6,75;22,13;29,39;3,25;14;144;24/nov/25
95575;SUCO KAPO MORANGO 200ML;3;6;12;64;52,08;13;12,92;16,75;13,01;28,03;35,02;9,75;14;144;24/nov/25
95575;SUCO KAPO MORANGO 200ML;5;6;12;14;13,25;0;4;4,42;4,51;20,56;20,56;6,5;14;144;24/nov/25
95575;SUCO KAPO MORANGO 200ML;6;6;12;23;21,92;0;4,33;7,67;6,84;22,41;22,41;6,5;14;144;24/nov/25
95575;SUCO KAPO MORANGO 200ML;7;6;12;20;16,67;0;4,67;4,33;3,69;31,58;31,58;6,5;14;144;24/nov/25
95575;SUCO KAPO MORANGO 200ML;11;6;12;37;30,67;7;5,58;5,33;5,64;38,07;46,76;9,75;14;144;24/nov/25
95575;SUCO KAPO MORANGO 200ML;12;6;12;33;30,08;4;4,67;10;7,91;26,61;30,15;3,25;14;144;24/nov/25
95575;SUCO KAPO MORANGO 200ML;17;6;12;15;9,42;0;3,67;3;2,31;28,49;28,49;3,25;14;144;24/nov/25
95575;SUCO KAPO MORANGO 200ML;18;6;12;32;29,33;4;4,17;3,92;4,22;48,66;55,3;9,75;14;144;24/nov/25
95574;SUCO KAPO UVA 200ML;1;6;12;1;0,92;0;0,5;1,08;0,64;10;10;0;14;144;24/nov/25
95574;SUCO KAPO UVA 200ML;2;6;12;49;42,92;7;9,25;8,92;9,57;31,4;36,52;3,25;14;144;24/nov/25
95574;SUCO KAPO UVA 200ML;3;6;12;86;65,5;21;25,92;41,08;29,09;15,76;20,82;9,75;14;144;24/nov/25
95574;SUCO KAPO UVA 200ML;4;6;12;20;18,58;0;2,08;4,42;4,06;32,01;32,01;6,5;14;144;24/nov/25
95574;SUCO KAPO UVA 200ML;5;6;12;20;15,08;0;3,5;6,17;5,13;20,57;20,57;6,5;14;144;24/nov/25
95574;SUCO KAPO UVA 200ML;6;6;12;30;17;0;13,08;4,67;9,63;12,36;12,36;6,5;14;144;24/nov/25
95574;SUCO KAPO UVA 200ML;7;6;12;20;8,75;12;6,92;10,92;8,79;6,97;16,53;6,5;14;144;24/nov/25
95574;SUCO KAPO UVA 200ML;8;6;12;11;11,92;6;2,17;4,17;4,88;17,09;25,7;6,5;14;144;24/nov/25
95574;SUCO KAPO UVA 200ML;11;6;12;36;27,25;10;6,42;10,75;7,18;26,59;36,34;9,75;14;144;24/nov/25
95574;SUCO KAPO UVA 200ML;12;6;12;45;28,33;18;12,25;13,67;13,57;14,61;23,9;3,25;14;144;24/nov/25
95574;SUCO KAPO UVA 200ML;13;6;12;17;13,25;0;3,67;4,75;4,65;19,96;19,96;3,25;14;144;24/nov/25
95574;SUCO KAPO UVA 200ML;14;6;12;20;2,83;18;8,92;6,67;7,18;2,76;20,33;3,25;14;144;24/nov/25
95574;SUCO KAPO UVA 200ML;17;6;12;16;15;0;1,5;1;1,65;63,53;63,53;3,25;14;144;24/nov/25
95574;SUCO KAPO UVA 200ML;18;6;12;33;28,25;6;8,75;8,75;8,24;23,99;29,08;9,75;14;144;24/nov/25
1403566;SUCO NECTAR CBS ABACAXI TP 1L;3;6;12;4;2,75;2;1,67;1;1,87;10,31;17,81;6;14;144;24/nov/25
1403566;SUCO NECTAR CBS ABACAXI TP 1L;4;6;12;2;1,83;0;0,92;0,25;0,68;18,86;18,86;1;14;144;24/nov/25
1403566;SUCO NECTAR CBS ABACAXI TP 1L;17;6;12;2;1,33;0;0,5;0,58;0,25;36,92;36,92;1,5;14;144;24/nov/25
1403563;SUCO NECTAR CBS LARANJA TP 1L;3;6;12;6;3,42;4;1,75;2,25;2,16;11,08;24,05;9;14;144;24/nov/25
1403563;SUCO NECTAR CBS LARANJA TP 1L;6;6;12;1;0,33;2;0,58;0,42;0,37;6,32;44,21;1;14;144;24/nov/25
1403563;SUCO NECTAR CBS LARANJA TP 1L;8;6;12;1;0,75;1;0,42;0,5;0,29;18;42;1;14;144;24/nov/25
1005023;SUCO NECTAR CBS MANGA TP 1L;3;6;12;2;1,5;0,42;0,83;0,67;0,74;14,21;18,16;6;14;144;24/nov/25
1005023;SUCO NECTAR CBS MANGA TP 1L;8;6;12;1;0,75;0,42;0,33;0,08;0,1;54;84;1;14;144;24/nov/25
1019379;SUCO NECTAR CBS MISTO MORANG 200ML;3;6;24;2;1,75;1;1,33;0,75;0,74;16,58;26,05;3,25;14;144;24/nov/25
1019379;SUCO NECTAR CBS MISTO MORANG 200ML;11;6;24;2;1,33;0;0,29;0,63;0,37;25,26;25,26;3,25;14;144;24/nov/25
1403567;SUCO NECTAR CBS PESSEGO MISTO 1 L;4;6;12;1;0,58;1;1,08;0,33;0,8;5,12;13,9;1;14;144;24/nov/25
1403567;SUCO NECTAR CBS PESSEGO MISTO 1 L;12;6;12;1;0,83;1;0,42;0,67;0,56;10,34;22,76;3;14;144;24/nov/25
1403575;SUCO NECTAR CBS UVA TP 1L;2;6;12;2;1,58;1;1,08;0;0,54;20,36;33,21;1;14;144;24/nov/25
1403575;SUCO NECTAR CBS UVA TP 1L;3;6;12;5;2,25;4;2,25;1,92;2,8;5,63;15,63;9;14;144;24/nov/25
1403575;SUCO NECTAR CBS UVA TP 1L;4;6;12;2;1,83;1;1;0,25;0,97;13,2;20,4;1;14;144;24/nov/25
19247;SUCO NECTAR CBS UVA TP 200ML;3;6;24;4;3,17;2;1,38;1,25;1,32;16,76;27,35;5,42;14;144;24/nov/25
19247;SUCO NECTAR CBS UVA TP 200ML;7;6;24;1;0,71;1;0,58;0,46;0,53;9,27;22,36;1,63;14;144;24/nov/25
1022532;SUCO NECTAR MISTO TRADICAO UVA/MACA 1,5L;3;6;6;6;6,67;1;1,5;2;1,05;44,44;51,11;2;14;144;24/nov/25
1022532;SUCO NECTAR MISTO TRADICAO UVA/MACA 1,5L;6;6;6;3;2,67;0;0,33;0,83;0,51;36,92;36,92;2;14;144;24/nov/25
1017374;AGUA DA PEDRA ABACAXI C/HORTELA LT 350ML;3;6;12;3;1,33;0,83;1,83;0,83;1,4;6,67;10,83;1,33;14;145;24/nov/25
1017374;AGUA DA PEDRA ABACAXI C/HORTELA LT 350ML;5;1;12;1;0,92;0;0,08;0;0,04;165;165;1,33;14;145;24/nov/25
1017374;AGUA DA PEDRA ABACAXI C/HORTELA LT 350ML;7;1;12;1;0,75;0;0,25;0,17;0,12;45;45;1,33;14;145;24/nov/25
1017374;AGUA DA PEDRA ABACAXI C/HORTELA LT 350ML;17;1;12;1;0,92;0;0,08;0;0,19;33;33;1,33;14;145;24/nov/25
1017373;AGUA DA PEDRA LIMAO C/ ALECRIM LT 350ML;14;6;12;2;1;2;0,58;1,92;0,78;9;27;2,67;14;145;24/nov/25
1017373;AGUA DA PEDRA LIMAO C/ ALECRIM LT 350ML;17;6;12;1;0,92;0;0,17;0,17;0,19;33;33;1,33;14;145;24/nov/25
1022928;AGUA DA PEDRA PESSEGO LT 350ML;3;6;12;2;1,83;1;0,92;1,25;0,78;16,5;25,5;0,67;14;145;24/nov/25
1022928;AGUA DA PEDRA PESSEGO LT 350ML;6;6;12;1;0,67;1;0,42;0,42;0,35;13,33;33,33;0,67;14;145;24/nov/25
1022928;AGUA DA PEDRA PESSEGO LT 350ML;14;6;12;2;1,33;1;0,92;0,25;0,82;11,43;20;1,33;14;145;24/nov/25
1403104;AGUA GASEIF CRYSTAL FRUT VERM 510ML;2;6;6;3;2,33;0;0,17;1,5;0,86;19,09;19,09;4;14;145;24/nov/25
1403104;AGUA GASEIF CRYSTAL FRUT VERM 510ML;8;6;6;2;3,17;2;0,33;0,83;0,43;51,82;84,55;0;14;145;24/nov/25
1403104;AGUA GASEIF CRYSTAL FRUT VERM 510ML;11;6;6;3;2;0;0,67;0,33;0,35;40;40;4;14;145;24/nov/25
1403104;AGUA GASEIF CRYSTAL FRUT VERM 510ML;13;6;6;3;1,67;0;0,5;1,67;0,54;21,43;21,43;4;14;145;24/nov/25
1403104;AGUA GASEIF CRYSTAL FRUT VERM 510ML;18;6;6;3;1,33;3;1,17;0,5;0,78;12;39;8;14;145;24/nov/25
1403105;AGUA GASEIF CRYSTAL LIMAO 510ML;3;6;6;8;6;3;4;3,67;3,62;11,61;17,42;4;14;145;24/nov/25
1403105;AGUA GASEIF CRYSTAL LIMAO 510ML;4;6;6;2;1,67;0;0,83;0,67;0,54;21,43;21,43;8;14;145;24/nov/25
1403105;AGUA GASEIF CRYSTAL LIMAO 510ML;8;6;6;2;1;2;0,5;0,67;0,35;20;60;2,67;14;145;24/nov/25
1403105;AGUA GASEIF CRYSTAL LIMAO 510ML;11;6;6;3;2,83;0;1;0,5;0,58;34;34;4;14;145;24/nov/25
1403105;AGUA GASEIF CRYSTAL LIMAO 510ML;12;6;6;3;2,5;1;3,67;1,17;1,98;8,82;12,35;8;14;145;24/nov/25
1403105;AGUA GASEIF CRYSTAL LIMAO 510ML;17;6;6;2;1,67;1;1;0,83;0,82;14,29;22,86;4;14;145;24/nov/25
1403105;AGUA GASEIF CRYSTAL LIMAO 510ML;18;6;6;3;2,5;1;1;1,83;1,17;15;21;8;14;145;24/nov/25
1403103;AGUA GASEIF CRYSTAL SPARK. 510ML;3;6;6;6;6,5;1;1,5;1,67;1,44;31,62;36,49;4;14;145;24/nov/25
1403103;AGUA GASEIF CRYSTAL SPARK. 510ML;12;6;6;2;1,67;0;0,33;1;0,58;20;20;8;14;145;24/nov/25
1403103;AGUA GASEIF CRYSTAL SPARK. 510ML;13;6;6;2;1,67;0;0,33;1,67;0,54;21,43;21,43;4;14;145;24/nov/25
1007986;AGUA GASEIF CRYSTAL SPARKLING MELAN 510M;3;6;6;6;3;4;1,83;2;0,97;21,6;50,4;2,67;14;145;24/nov/25
1007986;AGUA GASEIF CRYSTAL SPARKLING MELAN 510M;12;6;6;2;1,17;0;0;0,33;0,86;9,55;9,55;5,33;14;145;24/nov/25
103909;AGUA MINERAL AGUA DA PEDRA C/G 500ML;2;6;12;47;15,42;33;7,08;20,08;17,07;6,32;19,85;6,67;14;145;24/nov/25
103909;AGUA MINERAL AGUA DA PEDRA C/G 500ML;3;6;12;120;30,83;89;32,08;60,83;33,13;6,51;25,32;6,67;14;145;24/nov/25
103909;AGUA MINERAL AGUA DA PEDRA C/G 500ML;4;6;12;36;13,5;23;14,58;18,08;15,63;6,04;16,34;6,67;14;145;24/nov/25
103909;AGUA MINERAL AGUA DA PEDRA C/G 500ML;5;6;12;20;5,17;16;9,5;5,58;6,49;5,57;22,81;3,33;14;145;24/nov/25
103909;AGUA MINERAL AGUA DA PEDRA C/G 500ML;6;6;12;37;3,25;35;7,42;23,67;15,17;1,5;17,65;10;14;145;24/nov/25
103909;AGUA MINERAL AGUA DA PEDRA C/G 500ML;7;6;12;20;6,5;14;2,75;9,17;5,95;7,65;24,12;6,67;14;145;24/nov/25
103909;AGUA MINERAL AGUA DA PEDRA C/G 500ML;8;6;12;20;3,92;17;5;5,42;4,04;6,78;36,2;3,33;14;145;24/nov/25
103909;AGUA MINERAL AGUA DA PEDRA C/G 500ML;11;6;12;29;24,58;0;4,92;0,08;1,56;110,63;110,63;6,67;14;145;24/nov/25
103909;AGUA MINERAL AGUA DA PEDRA C/G 500ML;12;6;12;35;2,42;34;7,5;24,75;15,13;1,12;16,85;10;14;145;24/nov/25
103909;AGUA MINERAL AGUA DA PEDRA C/G 500ML;13;6;12;31;12,5;19;3,67;15,92;10,77;8,12;20,47;3,33;14;145;24/nov/25
103909;AGUA MINERAL AGUA DA PEDRA C/G 500ML;14;6;12;40;0,58;40;11,25;28,5;17,62;0,23;16,13;10;14;145;24/nov/25
103909;AGUA MINERAL AGUA DA PEDRA C/G 500ML;17;6;12;14;2,42;13;7,42;7,17;6,07;2,79;17,79;3,33;14;145;24/nov/25
103909;AGUA MINERAL AGUA DA PEDRA C/G 500ML;18;6;12;21;12,08;10;5,92;4,58;7,88;10,74;19,63;6,67;14;145;24/nov/25
104203;AGUA MINERAL AGUA DA PEDRA C/G PET 2L;3;6;6;12;12,33;8;9;11,5;6,77;12,76;21,03;3,33;14;145;24/nov/25
104203;AGUA MINERAL AGUA DA PEDRA C/G PET 2L;7;6;6;5;4,67;0;4,33;3,33;3,15;10,37;10,37;3,33;14;145;24/nov/25
104203;AGUA MINERAL AGUA DA PEDRA C/G PET 2L;13;6;6;10;5,33;5;8,5;5,17;6,03;6,19;12;3,33;14;145;24/nov/25
104203;AGUA MINERAL AGUA DA PEDRA C/G PET 2L;14;6;6;8;2,33;5;10,17;8,33;7,12;2,3;7,21;6,67;14;145;24/nov/25
104203;AGUA MINERAL AGUA DA PEDRA C/G PET 2L;17;6;6;8;2,5;6;5,83;11,5;5,56;3,15;10,7;6,67;14;145;24/nov/25
104203;AGUA MINERAL AGUA DA PEDRA C/G PET 2L;18;6;6;8;7,33;2;1,83;1,83;1,28;40;50,91;6,67;14;145;24/nov/25
36816;AGUA MINERAL AGUA DA PEDRA S/G 500ML;2;6;12;20;17,92;0;4,67;10,08;7,31;17,15;17,15;2,67;14;145;24/nov/25
36816;AGUA MINERAL AGUA DA PEDRA S/G 500ML;3;6;12;30;27,08;4;5,67;19,25;11,51;16,47;18,9;3,33;14;145;24/nov/25
36816;AGUA MINERAL AGUA DA PEDRA S/G 500ML;6;6;12;20;10,33;11;6,33;7,58;7,72;9,37;19,35;8;14;145;24/nov/25
36816;AGUA MINERAL AGUA DA PEDRA S/G 500ML;8;6;12;6;3,08;4;4,17;7,25;4,01;5,39;12,38;2,67;14;145;24/nov/25
36816;AGUA MINERAL AGUA DA PEDRA S/G 500ML;11;6;12;15;10,83;0;3,17;2;3,29;23,08;23,08;2,67;14;145;24/nov/25
36816;AGUA MINERAL AGUA DA PEDRA S/G 500ML;12;6;12;15;12;4;5,17;17,17;8,85;9,49;12,66;6,67;14;145;24/nov/25
36816;AGUA MINERAL AGUA DA PEDRA S/G 500ML;13;6;12;10;5,75;5;4;2,92;3,52;11,44;21,38;2,67;14;145;24/nov/25
36816;AGUA MINERAL AGUA DA PEDRA S/G 500ML;14;6;12;23;38,67;0;11,75;16,5;11,63;23,28;23,28;8;14;145;24/nov/25
36816;AGUA MINERAL AGUA DA PEDRA S/G 500ML;17;6;12;6;4,42;0;1,17;3,42;1,91;16,22;16,22;5,33;14;145;24/nov/25
36814;AGUA MINERAL AGUA DA PEDRA S/G 5L;2;6;4;23;17,75;6;6;10,25;5,89;21,09;28,22;6;14;145;24/nov/25
36814;AGUA MINERAL AGUA DA PEDRA S/G 5L;3;6;4;48;38,75;10;7,25;41,5;21,58;12,57;15,81;6;14;145;24/nov/25
36814;AGUA MINERAL AGUA DA PEDRA S/G 5L;7;6;4;12;11,5;0;2,25;6,75;4,38;18,4;18,4;12;14;145;24/nov/25
36814;AGUA MINERAL AGUA DA PEDRA S/G 5L;11;6;4;26;23;0;2,75;3,25;4,61;34,94;34,94;4;14;145;24/nov/25
36814;AGUA MINERAL AGUA DA PEDRA S/G 5L;13;6;4;12;6,5;6;7,5;4,75;4,49;10,13;19,48;6;14;145;24/nov/25
36814;AGUA MINERAL AGUA DA PEDRA S/G 5L;17;6;4;54;43,25;0;18,75;35,75;19,66;15,4;15,4;4;14;145;24/nov/25
36814;AGUA MINERAL AGUA DA PEDRA S/G 5L;18;6;4;9;8,25;2;1,5;2,25;2,57;22,5;27,95;4;14;145;24/nov/25
104210;AGUA MINERAL AGUA DA PEDRA S/G PET 1,5L;3;6;6;10;10,67;5;5,33;9,83;5,56;13,43;19,72;6;14;145;24/nov/25
104210;AGUA MINERAL AGUA DA PEDRA S/G PET 1,5L;4;6;6;5;3,67;0;2;2,5;2,33;11;11;5;14;145;24/nov/25
104210;AGUA MINERAL AGUA DA PEDRA S/G PET 1,5L;14;6;6;11;10;0;5,83;6,5;5,56;12,59;12,59;5;14;145;24/nov/25
104210;AGUA MINERAL AGUA DA PEDRA S/G PET 1,5L;17;6;6;8;6,83;0;8;5;4,74;10,08;10,08;5;14;145;24/nov/25
104210;AGUA MINERAL AGUA DA PEDRA S/G PET 1,5L;18;6;6;2;1,83;1;1,83;0,67;0,89;14,35;22,17;5;14;145;24/nov/25
131650;AGUA MINERAL AGUA DA PEDRA S/G PET 350ML;3;6;12;4;2,58;2;1,42;3,33;1,59;11,34;20,12;1,33;14;145;24/nov/25
131650;AGUA MINERAL AGUA DA PEDRA S/G PET 350ML;12;6;12;3;2,42;2;4,33;2,17;2;8,45;15,44;2,67;14;145;24/nov/25
131650;AGUA MINERAL AGUA DA PEDRA S/G PET 350ML;13;6;12;2;1,33;0;0,92;1,17;0,49;19,2;19,2;1,33;14;145;24/nov/25
131650;AGUA MINERAL AGUA DA PEDRA S/G PET 350ML;14;6;12;1;1,83;0;0,42;0,58;0,43;30;30;4;14;145;24/nov/25
1401677;AGUA MINERAL CRYSTAL C/G 500ML;2;6;12;91;28,83;84;28,42;43,17;30,43;6,63;25,96;6,67;14;145;24/nov/25
1401677;AGUA MINERAL CRYSTAL C/G 500ML;3;6;12;336;304,08;199;85,42;90,75;68,48;31,08;51,42;9,33;14;145;24/nov/25
1401677;AGUA MINERAL CRYSTAL C/G 500ML;4;6;12;40;16,83;24;19,92;17;20,34;5,79;14,05;9,33;14;145;24/nov/25
1401677;AGUA MINERAL CRYSTAL C/G 500ML;5;6;12;40;15,42;26;11,5;17,08;14,82;7,28;19,57;3,33;14;145;24/nov/25
1401677;AGUA MINERAL CRYSTAL C/G 500ML;6;6;12;74;65,5;9;32;36,17;27,09;16,93;19,25;14;14;145;24/nov/25
1401677;AGUA MINERAL CRYSTAL C/G 500ML;7;6;12;54;18,25;36;18,5;26,92;21,51;5,94;17,66;6,67;14;145;24/nov/25
1401677;AGUA MINERAL CRYSTAL C/G 500ML;8;6;12;30;29;2;1,92;6,83;4,71;43,14;46,12;3,33;14;145;24/nov/25
1401677;AGUA MINERAL CRYSTAL C/G 500ML;12;6;12;46;12,75;34;12,83;21,33;14,19;6,29;23,05;14;14;145;24/nov/25
1401677;AGUA MINERAL CRYSTAL C/G 500ML;13;6;12;34;12,75;22;10,67;8,42;12,08;7,39;20,14;3,33;14;145;24/nov/25
1401677;AGUA MINERAL CRYSTAL C/G 500ML;17;6;12;46;18,5;0;12,83;22,33;11,63;11,14;11,14;3,33;14;145;24/nov/25
1401677;AGUA MINERAL CRYSTAL C/G 500ML;18;6;12;47;28,33;0;9,17;16,92;9,29;21,34;21,34;9,33;14;145;24/nov/25
1401899;AGUA MINERAL CRYSTAL C/G PET 1,5L;3;6;6;16;6,17;11;14,33;11,67;10,42;4,14;11,53;6;14;145;24/nov/25
1401899;AGUA MINERAL CRYSTAL C/G PET 1,5L;4;6;6;14;10,67;4;6,33;5,67;6,88;10,85;14,92;6;14;145;24/nov/25
1401899;AGUA MINERAL CRYSTAL C/G PET 1,5L;5;6;6;8;5;0;3,5;3,5;2,68;13,04;13,04;2;14;145;24/nov/25
1401899;AGUA MINERAL CRYSTAL C/G PET 1,5L;6;6;6;8;5,33;4;3,33;6,33;3,62;10,32;18,06;12;14;145;24/nov/25
1401899;AGUA MINERAL CRYSTAL C/G PET 1,5L;7;6;6;6;3,83;3;3;3,83;2,72;9,86;17,57;6;14;145;24/nov/25
1401899;AGUA MINERAL CRYSTAL C/G PET 1,5L;8;6;6;3;2,83;2;3,33;4,67;2,37;8,36;14,26;2;14;145;24/nov/25
1401899;AGUA MINERAL CRYSTAL C/G PET 1,5L;11;6;6;6;5,17;0;0,83;1;0,43;84,55;84,55;12;14;145;24/nov/25
1401899;AGUA MINERAL CRYSTAL C/G PET 1,5L;12;6;6;8;5,5;3;4;4,33;3,77;10,21;15,77;6;14;145;24/nov/25
1401899;AGUA MINERAL CRYSTAL C/G PET 1,5L;13;6;6;8;6,83;0;4,5;2;2,88;16,62;16,62;6;14;145;24/nov/25
1401899;AGUA MINERAL CRYSTAL C/G PET 1,5L;14;6;6;8;5,83;4;4,17;5,5;3,62;11,29;19,03;12;14;145;24/nov/25
1401899;AGUA MINERAL CRYSTAL C/G PET 1,5L;17;6;6;8;4;5;5,5;6;4,32;6,49;14,59;12;14;145;24/nov/25
1401899;AGUA MINERAL CRYSTAL C/G PET 1,5L;18;6;6;6;4,17;2;2,83;2,67;2,14;13,64;20,18;12;14;145;24/nov/25
1401882;AGUA MINERAL CRYSTAL S/G 500ML;2;6;12;57;28,5;29;11,58;23,25;17,09;11,67;23,55;2,67;14;145;24/nov/25
1401882;AGUA MINERAL CRYSTAL S/G 500ML;3;6;12;206;120;87;71,67;66,92;52,79;15,91;27,45;4;14;145;24/nov/25
1401882;AGUA MINERAL CRYSTAL S/G 500ML;4;6;12;40;18,83;22;17,25;21,75;18,18;7,25;15,72;5,33;14;145;24/nov/25
1401882;AGUA MINERAL CRYSTAL S/G 500ML;5;6;12;40;25,75;15;8,92;15,5;11,76;15,32;24,25;2,67;14;145;24/nov/25
1401882;AGUA MINERAL CRYSTAL S/G 500ML;7;6;12;42;27,83;15;9,5;17;10,97;17,77;27,34;2,67;14;145;24/nov/25
1401882;AGUA MINERAL CRYSTAL S/G 500ML;8;6;12;26;20,58;6;5,58;8,5;7,31;19,71;25,45;2,67;14;145;24/nov/25
1401882;AGUA MINERAL CRYSTAL S/G 500ML;11;6;12;20;13,58;0;4,33;4,25;3,77;25,21;25,21;2,67;14;145;24/nov/25
1401882;AGUA MINERAL CRYSTAL S/G 500ML;12;6;12;2;0,08;3;1,67;0,17;1,03;0,57;20,94;8;14;145;24/nov/25
1401882;AGUA MINERAL CRYSTAL S/G 500ML;13;6;12;30;18,25;0;6,92;8,83;10,05;12,71;12,71;2,67;14;145;24/nov/25
1401882;AGUA MINERAL CRYSTAL S/G 500ML;14;6;12;40;24,17;20;14,75;21,75;21,84;7,75;14,16;8;14;145;24/nov/25
1401882;AGUA MINERAL CRYSTAL S/G 500ML;17;6;12;42;21,5;21;24;22,5;20,01;7,52;14,87;5,33;14;145;24/nov/25
1401882;AGUA MINERAL CRYSTAL S/G 500ML;18;6;12;25;21,58;0;4,25;4,83;4,45;33,93;33,93;5,33;14;145;24/nov/25
1402292;AGUA MINERAL CRYSTAL S/G 5L;3;6;2;48;43,5;5;5;24;10,38;29,33;32,7;6;14;145;24/nov/25
1402292;AGUA MINERAL CRYSTAL S/G 5L;4;6;2;20;16;0;4,5;7,5;6,18;18,11;18,11;16;14;145;24/nov/25
1402292;AGUA MINERAL CRYSTAL S/G 5L;5;6;2;10;8;0;2,5;1,5;2,22;25,26;25,26;4;14;145;24/nov/25
1402292;AGUA MINERAL CRYSTAL S/G 5L;7;6;2;7;6,5;0;2,5;2;2,22;20,53;20,53;8;14;145;24/nov/25
1402292;AGUA MINERAL CRYSTAL S/G 5L;13;6;2;12;11,5;0;3;4,5;3,85;20,91;20,91;8;14;145;24/nov/25
1402292;AGUA MINERAL CRYSTAL S/G 5L;14;6;2;14;8;7;6;7,5;6,88;8,14;15,25;4;14;145;24/nov/25
1401622;AGUA MINERAL CRYSTAL S/G PET 1,5L;2;6;6;12;10,5;0;5;3,33;4,04;18,17;18,17;5;14;145;24/nov/25
1401622;AGUA MINERAL CRYSTAL S/G PET 1,5L;3;6;6;24;14,33;11;10,67;10,83;9,41;10,66;18,84;7;14;145;24/nov/25
1401622;AGUA MINERAL CRYSTAL S/G PET 1,5L;4;6;6;10;4,83;6;7;6,5;6,96;4,86;10,89;4;14;145;24/nov/25
1401622;AGUA MINERAL CRYSTAL S/G PET 1,5L;11;6;6;3;2,17;2;0,83;0,5;1,4;10,83;20,83;5;14;145;24/nov/25
1401622;AGUA MINERAL CRYSTAL S/G PET 1,5L;12;6;6;6;5,17;0;1,83;2,67;2,45;14,76;14,76;7;14;145;24/nov/25
1401622;AGUA MINERAL CRYSTAL S/G PET 1,5L;13;6;6;5;2,5;3;3;3,17;2,22;7,89;17,37;8;14;145;24/nov/25
1401622;AGUA MINERAL CRYSTAL S/G PET 1,5L;14;6;6;10;4,17;5;9,17;4,17;5,33;5,47;12,04;4;14;145;24/nov/25
1402684;AGUA MINERAL FLORESTA ATIVA S/G SQ 710ML;2;6;12;1;0,33;2;0,25;0,25;0,23;10;70;0;14;145;24/nov/25
1402684;AGUA MINERAL FLORESTA ATIVA S/G SQ 710ML;3;6;12;2;2,92;2;1,33;2;1,24;16,41;27,66;0;14;145;24/nov/25
1402684;AGUA MINERAL FLORESTA ATIVA S/G SQ 710ML;12;6;12;1;-0,08;2;0,83;0,42;0,53;-1,11;25,56;0;14;145;24/nov/25
1402684;AGUA MINERAL FLORESTA ATIVA S/G SQ 710ML;17;6;12;2;1,42;0;0,42;0,42;0,76;13,08;13,08;0;14;145;24/nov/25
1402684;AGUA MINERAL FLORESTA ATIVA S/G SQ 710ML;18;6;12;1;0,17;2;0,67;0,08;0,33;3,53;45,88;0;14;145;24/nov/25
67232;AGUA MINERAL FLORESTA C/G 500ML;2;6;12;168;134,67;168;233,42;187,67;162,26;5,81;13,06;6,67;14;145;24/nov/25
67232;AGUA MINERAL FLORESTA C/G 500ML;12;6;12;336;88,25;168;434,58;205,67;250,87;2,46;7,15;10;14;145;24/nov/25
67232;AGUA MINERAL FLORESTA C/G 500ML;17;6;12;278;229,67;216;221;191,5;207,74;7,74;15,02;3,33;14;145;24/nov/25
67232;AGUA MINERAL FLORESTA C/G 500ML;18;6;12;336;240,17;347;371;382,5;292,09;5,76;14,07;6,67;14;145;24/nov/25
67225;AGUA MINERAL FLORESTA S/G 500ML;2;6;12;168;157;168;141,17;219,75;195,38;5,63;11,64;3,33;14;145;24/nov/25
67225;AGUA MINERAL FLORESTA S/G 500ML;4;6;12;168;162,92;168;94,67;152,75;122,69;9,29;18,88;6,67;14;145;24/nov/25
67225;AGUA MINERAL FLORESTA S/G 500ML;11;6;12;336;300;168;311,58;423,42;315,76;6,65;10,38;3,33;14;145;24/nov/25
1403508;AGUA MINERAL FLORESTA S/G 5L;1;6;4;6;1,5;5;3,75;1,75;1,4;7,5;32,5;0;14;145;24/nov/25
1403508;AGUA MINERAL FLORESTA S/G 5L;2;6;4;54;36,25;19;18,25;0,5;9,74;26,05;39,7;0;14;145;24/nov/25
1403508;AGUA MINERAL FLORESTA S/G 5L;3;6;4;113;96,25;64;63,75;15;32,14;20,96;34,9;0;14;145;24/nov/25
1403508;AGUA MINERAL FLORESTA S/G 5L;4;6;4;20;9,75;11;10,5;4,5;8,75;7,8;16,6;3;14;145;24/nov/25
1403508;AGUA MINERAL FLORESTA S/G 5L;5;6;4;20;16;0;6,25;7,5;5,83;19,2;19,2;2;14;145;24/nov/25
1403508;AGUA MINERAL FLORESTA S/G 5L;7;6;4;20;12,25;9;6;2,75;2,74;31,28;54,26;3;14;145;24/nov/25
1403508;AGUA MINERAL FLORESTA S/G 5L;11;6;4;30;17;15;11,25;12,75;12,43;9,58;18,03;2;14;145;24/nov/25
1403508;AGUA MINERAL FLORESTA S/G 5L;12;6;4;30;18,25;13;13,25;7,25;8,23;15,53;26,6;0;14;145;24/nov/25
1403508;AGUA MINERAL FLORESTA S/G 5L;13;6;4;69;31;38;44;30,75;39,2;5,54;12,32;5;14;145;24/nov/25
1403508;AGUA MINERAL FLORESTA S/G 5L;14;6;4;20;8,5;7,5;16,5;11,25;8,28;7,18;13,52;2;14;145;24/nov/25
1403508;AGUA MINERAL FLORESTA S/G 5L;17;6;4;54;33;22;28,25;20,25;26,02;8,88;14,8;2;14;145;24/nov/25
1403508;AGUA MINERAL FLORESTA S/G 5L;18;6;4;30;18,5;12;13,25;9,5;10,38;12,47;20,56;2;14;145;24/nov/25
15450;AGUA MINERAL SARANDI C/G PET 2L;2;6;8;5;0;6;0,75;1;0,93;0;45;5;14;145;24/nov/25
15450;AGUA MINERAL SARANDI C/G PET 2L;3;6;8;12;0;13;0;0;1,93;0;47,27;2,5;14;145;24/nov/25
15450;AGUA MINERAL SARANDI C/G PET 2L;4;6;8;3;-0,13;4;0;0;0,9;-0,97;30;2,5;14;145;24/nov/25
15450;AGUA MINERAL SARANDI C/G PET 2L;5;6;8;3;0,13;4;0;0,5;0,53;1,67;55;1,25;14;145;24/nov/25
15450;AGUA MINERAL SARANDI C/G PET 2L;6;6;8;5;-0,13;6;0,88;1;1,2;-0,73;34,39;5;14;145;24/nov/25
15450;AGUA MINERAL SARANDI C/G PET 2L;7;6;8;3;0,25;4;0,13;0,5;0,44;4;68;2,5;14;145;24/nov/25
15450;AGUA MINERAL SARANDI C/G PET 2L;8;6;8;3;0;4;0;0;0,35;0;80;1,25;14;145;24/nov/25
15450;AGUA MINERAL SARANDI C/G PET 2L;11;6;8;6;2,25;0;0,63;0;0,15;108;108;5;14;145;24/nov/25
15450;AGUA MINERAL SARANDI C/G PET 2L;12;6;8;6;0;7;0;0;0,64;0;76,36;2,5;14;145;24/nov/25
15450;AGUA MINERAL SARANDI C/G PET 2L;13;6;8;6;0;7;0;2;2,1;0;23,33;2,5;14;145;24/nov/25
15450;AGUA MINERAL SARANDI C/G PET 2L;14;6;8;6;0,75;6;0;0,13;1,25;4,19;37,67;5;14;145;24/nov/25
15450;AGUA MINERAL SARANDI C/G PET 2L;17;6;8;6;0;7;0;0;1,46;0;33,6;5;14;145;24/nov/25
15450;AGUA MINERAL SARANDI C/G PET 2L;18;6;8;6;0;7;0;0;0,23;0;210;5;14;145;24/nov/25
1401325;AGUA MINERAL SARANDI S/G 5L;1;6;4;3;2,75;0;1;1,25;1,4;13,75;13,75;0;14;145;24/nov/25
1401325;AGUA MINERAL SARANDI S/G 5L;2;6;4;45;44;0;20,5;22,5;17,5;17,6;17,6;2,25;14;145;24/nov/25
1401325;AGUA MINERAL SARANDI S/G 5L;3;6;4;60;50,25;11;10,75;32,25;20,36;17,28;21,06;4,5;14;145;24/nov/25
1401325;AGUA MINERAL SARANDI S/G 5L;5;6;4;12;7,75;0;6,5;5,25;5,13;10,57;10,57;1,5;14;145;24/nov/25
1401325;AGUA MINERAL SARANDI S/G 5L;6;6;4;39;36,25;0;11,75;10;11,9;21,32;21,32;1,5;14;145;24/nov/25
1401325;AGUA MINERAL SARANDI S/G 5L;12;6;4;49;42,75;0;20,75;18,25;20,3;14,74;14,74;4,5;14;145;24/nov/25
1401325;AGUA MINERAL SARANDI S/G 5L;13;6;4;55;33;28;22,5;48,75;34,83;6,63;12,26;2,25;14;145;24/nov/25
1401325;AGUA MINERAL SARANDI S/G 5L;17;6;4;37;19,75;18;31,5;13;25,2;5,49;10,49;1,5;14;145;24/nov/25
9970236;AGUA MINERAL SARANDI S/G PET 2L;3;6;8;9;5,38;5;4,25;6;4,32;8,72;16,82;7,5;14;145;24/nov/25
9970236;AGUA MINERAL SARANDI S/G PET 2L;17;6;8;5;4,63;0;2,25;4,13;3,09;10,47;10,47;2,5;14;145;24/nov/25
53800;AGUA SABORIZ H2OH LIMAO PET 1.5L;2;6;6;2;1,33;2;0,67;1,33;0,86;10,91;27,27;2;14;145;24/nov/25
53800;AGUA SABORIZ H2OH LIMAO PET 1.5L;4;6;6;2,67;2,5;0;1,33;0;1,01;17,31;17,31;2;14;145;24/nov/25
53800;AGUA SABORIZ H2OH LIMAO PET 1.5L;8;6;6;2;1,83;1;0,17;0,83;0,27;47,14;72,86;1;14;145;24/nov/25
53800;AGUA SABORIZ H2OH LIMAO PET 1.5L;13;6;6;2;1,17;2;1,83;0;0,97;8,4;22,8;2;14;145;24/nov/25
53800;AGUA SABORIZ H2OH LIMAO PET 1.5L;14;6;6;3;1,33;3;2,67;2,5;1,52;6,15;20;2;14;145;24/nov/25
53800;AGUA SABORIZ H2OH LIMAO PET 1.5L;18;6;6;2;0,83;2;1,5;0,83;1,09;5,36;18,21;2;14;145;24/nov/25
53801;AGUA SABORIZ H2OH LIMAO PET 500ML;2;6;12;1;0,92;1;0,67;0,58;0,49;13,2;27,6;2;14;145;24/nov/25
53801;AGUA SABORIZ H2OH LIMAO PET 500ML;13;6;12;2;1,17;0;0,42;0,92;0,66;12,35;12,35;2;14;145;24/nov/25
53801;AGUA SABORIZ H2OH LIMAO PET 500ML;17;6;12;2;1,75;0;0,5;0,5;0,6;20,32;20,32;2;14;145;24/nov/25
53801;AGUA SABORIZ H2OH LIMAO PET 500ML;18;6;12;3;1,75;2;1,25;0,83;0,99;12,35;26,47;4;14;145;24/nov/25
1402360;AGUA SABORIZ H2OH LIMONETO PET 1,5L;3;6;6;3;0;2;0;1,5;0,7;0;20;2;14;145;24/nov/25
1402360;AGUA SABORIZ H2OH LIMONETO PET 1,5L;4;6;6;2;0;2;0,17;2;1,17;0;12;2;14;145;24/nov/25
1402360;AGUA SABORIZ H2OH LIMONETO PET 1,5L;6;6;6;2;0;2;1,5;1;1,17;0;12;4;14;145;24/nov/25
1402360;AGUA SABORIZ H2OH LIMONETO PET 1,5L;13;6;6;6;0;2;0;0;1,71;0;8,18;2;14;145;24/nov/25
1402360;AGUA SABORIZ H2OH LIMONETO PET 1,5L;14;6;6;4;1;2;0,17;2;1,28;5,45;16,36;2;14;145;24/nov/25
1402360;AGUA SABORIZ H2OH LIMONETO PET 1,5L;17;6;6;3;0;2;0;1,33;0,93;0;15;2;14;145;24/nov/25
1402360;AGUA SABORIZ H2OH LIMONETO PET 1,5L;18;6;6;5;2,5;2;1,17;0;1,36;12,86;23,14;2;14;145;24/nov/25
26193;AGUA TONICA ANTARCTICA ZERO LT 350ML;17;6;12;2;1;2;2;1;0,7;10;30;2,33;14;145;24/nov/25
6881;AGUA TONICA ANTARTICA LT 350ML;4;6;12;3;2,33;2;1,25;0,33;1,48;11,05;20,53;2,33;14;145;24/nov/25
6881;AGUA TONICA ANTARTICA LT 350ML;7;6;12;1;0,08;2;0;0,08;0,06;10;250;2,33;14;145;24/nov/25
6881;AGUA TONICA ANTARTICA LT 350ML;11;6;12;1;0;2;0,08;0,17;0,16;0;90;2,33;14;145;24/nov/25
6881;AGUA TONICA ANTARTICA LT 350ML;12;6;12;2;1,42;0;0,42;0,25;0,37;26,84;26,84;2,33;14;145;24/nov/25
6881;AGUA TONICA ANTARTICA LT 350ML;18;6;12;1;-1,17;1;0,25;0,08;0,23;-35;-5;2,33;14;145;24/nov/25
1002603;AGUA TONICA ANTARTICA PET 1L;14;6;6;2;1,33;2;0,67;0,5;0,39;24;60;2;14;145;24/nov/25
1002603;AGUA TONICA ANTARTICA PET 1L;17;6;6;2;2,33;0;1,33;1;1,01;16,15;16,15;2;14;145;24/nov/25
1002601;AGUA TONICA ANTARTICA ZERO PET 1L;3;6;6;4;3;2;2,17;2,5;2,33;9;15;2;14;145;24/nov/25
1002601;AGUA TONICA ANTARTICA ZERO PET 1L;14;6;6;2;2,83;0;1,67;2;1,36;14,57;14,57;2;14;145;24/nov/25
1002601;AGUA TONICA ANTARTICA ZERO PET 1L;18;6;6;2;-1,83;3;0,17;0;0,04;-330;210;2;14;145;24/nov/25
1022931;AGUA TONICA DE QUININO ZERO 1,5 ML;2;1;6;2;1,83;0;0,33;0,5;0,35;36,67;36,67;2;14;145;24/nov/25
1022931;AGUA TONICA DE QUININO ZERO 1,5 ML;6;1;6;2;1,33;2;1,33;0;0,39;24;60;4;14;145;24/nov/25
1022931;AGUA TONICA DE QUININO ZERO 1,5 ML;13;1;6;2;1,67;0;0,33;1;0,31;37,5;37,5;2;14;145;24/nov/25
1402611;AGUA TONICA FRUKI PET 1,5L;3;6;6;5;3;1;3,5;3;2,26;9,31;12,41;3;14;145;24/nov/25
1402611;AGUA TONICA FRUKI PET 1,5L;13;1;6;3;1,17;3;2,5;2;1,67;4,88;17,44;3;14;145;24/nov/25
1402611;AGUA TONICA FRUKI PET 1,5L;14;6;6;2;0,67;1;1,17;1;0,93;5;12,5;3;14;145;24/nov/25
1402611;AGUA TONICA FRUKI PET 1,5L;18;1;6;2;1,33;2;1;0,67;0,74;12,63;31,58;3;14;145;24/nov/25
1017786;AGUA TONICA SARANDI LT 350ML;17;6;12;1;0,42;2;0,75;0,83;0,37;7,89;45,79;2,33;14;145;24/nov/25
1022624;SODA SARANDI LIM/GENG/CANELA LT 350ML;13;6;12;1;0,83;0;0,25;0,08;0,08;75;75;0,5;14;145;24/nov/25
1022624;SODA SARANDI LIM/GENG/CANELA LT 350ML;17;6;12;1;0,75;0;0,42;0,17;0,21;24,55;24,55;0,5;14;145;24/nov/25
82053;AGUA TONICA SCHWEPPES LT 350ML;3;6;6;4;3,5;1;1,17;1,33;1,13;21,72;27,93;0;14;146;24/nov/25
82053;AGUA TONICA SCHWEPPES LT 350ML;4;6;6;2;1,33;2;1,5;1,83;1,48;6,32;15,79;0;14;146;24/nov/25
82053;AGUA TONICA SCHWEPPES LT 350ML;5;6;6;1;0,83;1;0,33;0,17;0,27;21,43;47,14;0;14;146;24/nov/25
82053;AGUA TONICA SCHWEPPES LT 350ML;8;6;6;2;1,17;2;0,17;0;0,12;70;190;0;14;146;24/nov/25
82053;AGUA TONICA SCHWEPPES LT 350ML;14;6;6;4;4,33;0;3,5;3,33;1,91;15,92;15,92;0;14;146;24/nov/25
82053;AGUA TONICA SCHWEPPES LT 350ML;17;6;6;5;4;0;0,83;1,17;0,47;60;60;0;14;146;24/nov/25
1403179;AGUA TONICA SCHWEPPES S/AC LT 350ML;2;6;6;2;1,33;0;0,83;0,17;0,47;20;20;0;14;146;24/nov/25
1403179;AGUA TONICA SCHWEPPES S/AC LT 350ML;3;6;6;6;4,5;2;2,17;1,67;1,79;17,61;25,43;0;14;146;24/nov/25
1403179;AGUA TONICA SCHWEPPES S/AC LT 350ML;11;6;6;2;1;2;1;0;0,31;22,5;67,5;0;14;146;24/nov/25
1403179;AGUA TONICA SCHWEPPES S/AC LT 350ML;14;6;6;3;2,33;0;0,17;2,33;0,82;20;20;0;14;146;24/nov/25
1017376;FRUKI GUARANA LT 269ML;6;6;12;2;1,83;0;0,17;1,17;0,51;25,38;25,38;0;14;146;24/nov/25
1017376;FRUKI GUARANA LT 269ML;11;6;12;2;1,83;0;0,25;0,33;0,18;73,33;73,33;0;14;146;24/nov/25
1017376;FRUKI GUARANA LT 269ML;12;6;12;2;1,75;0;0,58;0,33;0,27;45;45;0;14;146;24/nov/25
16661;REFRIG ANTAR GUARANA LT 350ML;3;6;12;54;36,08;19;18,83;25,67;16,33;15,46;23,61;3,5;14;146;24/nov/25
16661;REFRIG ANTAR GUARANA LT 350ML;4;6;12;6;4,25;0;2,5;1,75;1,89;15,77;15,77;1,17;14;146;24/nov/25
16661;REFRIG ANTAR GUARANA LT 350ML;6;6;12;11;9,92;0;1,25;2,58;1,94;35,7;35,7;1,17;14;146;24/nov/25
16661;REFRIG ANTAR GUARANA LT 350ML;12;6;12;42;37,17;0;4,58;3,33;5,29;49,19;49,19;4,67;14;146;24/nov/25
16661;REFRIG ANTAR GUARANA LT 350ML;17;6;12;23;19;0;5,42;13,42;6,61;20,12;20,12;2,33;14;146;24/nov/25
1403032;REFRIG ANTAR GUARANA PET 200ML;1;6;12;8;7,17;0;0,92;2,58;1,96;25,54;25,54;5,67;14;146;24/nov/25
1403032;REFRIG ANTAR GUARANA PET 200ML;2;6;12;37;30,08;0;5,92;5,5;3,71;56,7;56,7;5,67;14;146;24/nov/25
1403032;REFRIG ANTAR GUARANA PET 200ML;5;1;12;10;5,08;6;4,58;7,25;5,11;6,96;15,17;5,67;14;146;24/nov/25
1403032;REFRIG ANTAR GUARANA PET 200ML;6;1;12;64;57,75;0;3,83;5,25;4,26;94,93;94,93;8,5;14;146;24/nov/25
1403032;REFRIG ANTAR GUARANA PET 200ML;7;6;12;5;3,67;2;2,42;1,5;1,71;15;23,18;5,67;14;146;24/nov/25
1403032;REFRIG ANTAR GUARANA PET 200ML;8;6;12;10;6,08;5;2,25;2,75;1,98;21,47;39,12;5,67;14;146;24/nov/25
1403032;REFRIG ANTAR GUARANA PET 200ML;11;1;12;20;2,92;18;4,75;5,83;5,99;3,41;24,45;5,67;14;146;24/nov/25
1403032;REFRIG ANTAR GUARANA PET 200ML;12;1;12;56;45;0;9,75;5,92;8,44;37,33;37,33;5,67;14;146;24/nov/25
1403032;REFRIG ANTAR GUARANA PET 200ML;13;1;12;83;75,5;0;7,08;14,75;9,86;53,61;53,61;5,67;14;146;24/nov/25
1403032;REFRIG ANTAR GUARANA PET 200ML;14;6;12;20;8,25;13;8,42;8,42;6,09;9,49;24,44;5,67;14;146;24/nov/25
1403032;REFRIG ANTAR GUARANA PET 200ML;17;1;12;46;27,83;0;14,58;2;7,04;27,68;27,68;5,67;14;146;24/nov/25
3671;REFRIG ANTAR GUARANA PET 2L;1;6;8;6;3,88;0;2,13;1;1,11;24,47;24,47;1,5;14;146;24/nov/25
3671;REFRIG ANTAR GUARANA PET 2L;2;6;8;30;27,5;0;5,25;0;8,23;23,4;23,4;10,5;14;146;24/nov/25
3671;REFRIG ANTAR GUARANA PET 2L;4;6;8;15;6,63;11;1,88;0;4,43;10,46;27,83;0,75;14;146;24/nov/25
3671;REFRIG ANTAR GUARANA PET 2L;5;6;8;15;8,75;7;4,13;5,88;4,73;12,96;23,33;0;14;146;24/nov/25
3671;REFRIG ANTAR GUARANA PET 2L;6;6;8;30;22,63;17;8,38;25;14,64;10,82;18,94;0;14;146;24/nov/25
3671;REFRIG ANTAR GUARANA PET 2L;7;6;8;15;13;0;2,63;0,38;1,75;52;52;3,75;14;146;24/nov/25
3671;REFRIG ANTAR GUARANA PET 2L;8;6;8;15;9,38;7;6,63;0;5,28;12,43;21,71;3;14;146;24/nov/25
3671;REFRIG ANTAR GUARANA PET 2L;11;6;8;30;24,5;0;6,25;0,63;5,63;30,47;30,47;1,5;14;146;24/nov/25
3671;REFRIG ANTAR GUARANA PET 2L;12;6;8;30;9,88;30;14,13;13,75;10,7;6,46;26,08;1,5;14;146;24/nov/25
3671;REFRIG ANTAR GUARANA PET 2L;13;6;8;30;21,25;0;9,25;15,38;9,01;16,5;16,5;1,5;14;146;24/nov/25
3671;REFRIG ANTAR GUARANA PET 2L;14;6;8;30;19,63;11;9,63;0;4,29;32,04;50;1,5;14;146;24/nov/25
3671;REFRIG ANTAR GUARANA PET 2L;17;6;8;30;12,38;28;16,13;19,13;10,73;8,07;26,33;1,5;14;146;24/nov/25
3671;REFRIG ANTAR GUARANA PET 2L;18;6;8;30;25,38;0;5,38;0;2,63;67,67;67,67;1,5;14;146;24/nov/25
12463;REFRIG ANTAR GUARANA PET 600ML;3;6;12;15;11,5;4;4,5;2;5,25;15,33;20,67;3,5;14;146;24/nov/25
12463;REFRIG ANTAR GUARANA PET 600ML;4;6;12;5;2,75;3;3,17;0;2,14;9;18,82;1,17;14;146;24/nov/25
12463;REFRIG ANTAR GUARANA PET 600ML;5;6;12;4;3;0;1,42;1,58;1,4;15;15;2,33;14;146;24/nov/25
12463;REFRIG ANTAR GUARANA PET 600ML;7;6;12;4;3,42;2;1,33;1,67;1,79;13,37;21,2;1,75;14;146;24/nov/25
12463;REFRIG ANTAR GUARANA PET 600ML;8;6;12;4;2,5;2;2,25;0,67;2,33;7,5;13,5;1,75;14;146;24/nov/25
12463;REFRIG ANTAR GUARANA PET 600ML;12;6;12;10;7,25;4;6,5;6,08;5,7;8,91;13,82;1,75;14;146;24/nov/25
12463;REFRIG ANTAR GUARANA PET 600ML;14;6;12;7;0;6;7,42;0,58;4,59;0;9,15;1,75;14;146;24/nov/25
12463;REFRIG ANTAR GUARANA PET 600ML;18;6;12;16;15,42;0;0,83;0;0,49;222;222;1,17;14;146;24/nov/25
1007011;REFRIG ANTAR GUARANA ZERO PET 200ML;2;6;12;7;5,17;0;1,92;0,67;2,12;17,06;17,06;2,83;14;146;24/nov/25
1007011;REFRIG ANTAR GUARANA ZERO PET 200ML;8;6;12;3;4,17;3;2,33;1,42;1,36;21,43;36,86;2,83;14;146;24/nov/25
1007011;REFRIG ANTAR GUARANA ZERO PET 200ML;13;6;12;10;4,08;7;7,92;4;6,14;4,65;12,63;2,83;14;146;24/nov/25
1007011;REFRIG ANTAR GUARANA ZERO PET 200ML;14;6;12;10;8,5;3;3,75;8,42;6,11;9,75;13,18;2,83;14;146;24/nov/25
1007011;REFRIG ANTAR GUARANA ZERO PET 200ML;17;6;12;7;6,25;0;4;3,83;3,48;12,57;12,57;2,83;14;146;24/nov/25
1007011;REFRIG ANTAR GUARANA ZERO PET 200ML;18;6;12;8;6,33;3;3,33;0,08;1,83;24,26;35,74;2,83;14;146;24/nov/25
3672;REFRIG ANTAR GUARANA ZERO PET 2L;4;6;8;3;1,13;3;3,88;0;2,3;3,42;12,53;1,5;14;146;24/nov/25
3672;REFRIG ANTAR GUARANA ZERO PET 2L;5;6;8;3;1,25;3;1,63;1,25;1,37;6,38;21,7;0;14;146;24/nov/25
3672;REFRIG ANTAR GUARANA ZERO PET 2L;8;6;8;3;2,25;2;1,75;0,13;1,31;12;22,67;3;14;146;24/nov/25
3672;REFRIG ANTAR GUARANA ZERO PET 2L;12;6;8;4;2,5;0;1,75;0,38;1,49;11,76;11,76;3;14;146;24/nov/25
3672;REFRIG ANTAR GUARANA ZERO PET 2L;13;6;8;8;7,75;0;3,25;3;3,79;14,31;14,31;3;14;146;24/nov/25
3672;REFRIG ANTAR GUARANA ZERO PET 2L;14;6;8;6;0,13;7;5,63;1,13;3,03;0,29;16,44;1,5;14;146;24/nov/25
3672;REFRIG ANTAR GUARANA ZERO PET 2L;17;6;8;3;2;2;4;1,38;1,87;7,5;15;3;14;146;24/nov/25
1403291;REFRIG ANTARTICA GUARANA 3L;3;6;4;60;13;48;18,25;14,75;17,21;5,29;24,81;0;14;146;24/nov/25
1403291;REFRIG ANTARTICA GUARANA 3L;4;6;4;25;-0,5;26;0;0;0,41;-8,57;437,14;7,5;14;146;24/nov/25
1403291;REFRIG ANTARTICA GUARANA 3L;5;6;4;25;15,75;0;5,75;9,25;7,99;13,8;13,8;3,75;14;146;24/nov/25
1403291;REFRIG ANTARTICA GUARANA 3L;6;6;4;30;19;12;6,75;11;13,07;10,18;16,61;3,75;14;146;24/nov/25
1403291;REFRIG ANTARTICA GUARANA 3L;7;6;4;25;8;18;17,5;0,5;4,26;13,15;42,74;6,25;14;146;24/nov/25
1403291;REFRIG ANTARTICA GUARANA 3L;8;6;4;25;19,25;0;6,5;0;4,61;29,24;29,24;6,25;14;146;24/nov/25
1403291;REFRIG ANTARTICA GUARANA 3L;11;6;4;25;19,25;6;4,75;0;3,79;35,54;46,62;6,25;14;146;24/nov/25
1403291;REFRIG ANTARTICA GUARANA 3L;12;6;4;30;29;0;6;4,25;6,3;32,22;32,22;5;14;146;24/nov/25
1403291;REFRIG ANTARTICA GUARANA 3L;13;6;4;30;4,25;26;18,25;15;15,75;1,89;13,44;6,25;14;146;24/nov/25
1403291;REFRIG ANTARTICA GUARANA 3L;14;6;4;25;16,25;0;7,75;1,25;2,68;42,39;42,39;6,25;14;146;24/nov/25
1403291;REFRIG ANTARTICA GUARANA 3L;17;6;4;30;19,75;0;8,5;0,25;10,79;12,81;12,81;6,25;14;146;24/nov/25
1403291;REFRIG ANTARTICA GUARANA 3L;18;6;4;30;24;8;2,25;9,75;6,01;27,96;37,28;6,25;14;146;24/nov/25
1403034;REFRIG ANTARTICA SODA LIMONADA PET 200ML;8;6;12;2;-0,08;3;0;0;0,14;-4,29;150;5,67;14;146;24/nov/25
1023186;REFRIG CHARRUA GUARANA PET 200ML;2;6;12;20;3,5;17;8,75;14,92;7,97;3,07;18;5,67;14;146;24/nov/25
1023186;REFRIG CHARRUA GUARANA PET 200ML;3;6;12;30;25;6;5,58;6,08;5,95;29,41;36,47;0;14;146;24/nov/25
1023186;REFRIG CHARRUA GUARANA PET 200ML;6;6;12;15;7,33;9;7,5;2,33;5,23;9,81;21,86;0;14;146;24/nov/25
1023186;REFRIG CHARRUA GUARANA PET 200ML;11;6;12;15;6,75;9;0,75;5,25;3,73;12,66;29,53;0;14;146;24/nov/25
1023186;REFRIG CHARRUA GUARANA PET 200ML;12;6;12;15;5,83;10;10;11,75;7,29;5,6;15,2;0;14;146;24/nov/25
1023186;REFRIG CHARRUA GUARANA PET 200ML;13;6;12;15;9;7;11,67;6,67;9,96;6,33;11,25;0;14;146;24/nov/25
1023186;REFRIG CHARRUA GUARANA PET 200ML;17;6;12;15;12,25;0;2,33;5,83;5,43;15,81;15,81;0;14;146;24/nov/25
1023186;REFRIG CHARRUA GUARANA PET 200ML;18;6;12;15;8;8;8,08;6,17;4,67;12;24;0;14;146;24/nov/25
3621;REFRIG CHARRUA GUARANA PET 2L;4;6;8;30;26,5;0;21,75;3,38;8,17;22,71;22,71;3;14;146;24/nov/25
3621;REFRIG CHARRUA GUARANA PET 2L;7;6;8;30;28,5;0;8,13;6,75;3,47;57,48;57,48;3,75;14;146;24/nov/25
3621;REFRIG CHARRUA GUARANA PET 2L;8;6;8;30;14,38;0;13,13;3,25;3,82;26,34;26,34;1,5;14;146;24/nov/25
3621;REFRIG CHARRUA GUARANA PET 2L;11;6;8;75;53;75;80,88;35,5;28,55;12,99;31,38;3;14;146;24/nov/25
3621;REFRIG CHARRUA GUARANA PET 2L;14;6;8;30;31,13;0;0;0;3,68;59,29;59,29;2,25;14;146;24/nov/25
1023187;REFRIG CHARRUA GUARANA PET 3L;2;6;6;60;43;37;31,17;40,33;34,81;8,65;16,09;4,17;14;146;24/nov/25
1023187;REFRIG CHARRUA GUARANA PET 3L;4;6;6;15;9,67;6;10,83;12,5;12,72;5,32;8,62;0;14;146;24/nov/25
1023187;REFRIG CHARRUA GUARANA PET 3L;5;6;6;20;6,33;15;14,83;17;13,69;3,24;10,91;0;14;146;24/nov/25
1023187;REFRIG CHARRUA GUARANA PET 3L;6;6;6;30;20,17;20;10,17;31,67;20,49;6,89;13,72;0;14;146;24/nov/25
1023187;REFRIG CHARRUA GUARANA PET 3L;7;6;6;20;4,5;26;22,17;22,33;15,94;1,98;13,39;0;14;146;24/nov/25
1023187;REFRIG CHARRUA GUARANA PET 3L;12;6;6;20;15,67;14;5,33;6,17;6,49;16,89;31,98;0;14;146;24/nov/25
1023187;REFRIG CHARRUA GUARANA PET 3L;14;6;6;16;8,5;12;8,5;8,33;7,66;7,77;18,73;0;14;146;24/nov/25
1023187;REFRIG CHARRUA GUARANA PET 3L;17;6;6;30;22,33;0;10,67;13,33;9,41;16,61;16,61;0;14;146;24/nov/25
1023187;REFRIG CHARRUA GUARANA PET 3L;18;6;6;20;11;19;9,83;17,17;18,01;4,28;11,66;0;14;146;24/nov/25
1403309;REFRIG CHARRUA LT 350ML;3;6;6;20;18,33;2;1,83;1;2,64;48,53;53,82;7;14;146;24/nov/25
1403309;REFRIG CHARRUA LT 350ML;6;6;6;10;8,33;0;2,67;1;2,22;26,32;26,32;2,33;14;146;24/nov/25
1403309;REFRIG CHARRUA LT 350ML;7;6;6;4;3,33;2;5;1,33;2,45;9,52;15,24;7;14;146;24/nov/25
1403309;REFRIG CHARRUA LT 350ML;11;6;6;8;4,83;4;5,33;4,67;4,39;7,7;14,07;2,33;14;146;24/nov/25
1403309;REFRIG CHARRUA LT 350ML;14;6;6;6;4,5;2;1,83;0,67;1,44;21,89;31,62;4,67;14;146;24/nov/25
1403309;REFRIG CHARRUA LT 350ML;17;6;6;12;6;7;6,83;4;5,29;7,94;17,21;4,67;14;146;24/nov/25
1403309;REFRIG CHARRUA LT 350ML;18;6;6;8;5,5;3;1,5;3;3,54;10,88;16,81;2,33;14;146;24/nov/25
1403245;REFRIG COCA COLA + FANTA LARANJA 2L;1;6;2;20;17;0;15,5;5,5;6,77;17,59;17,59;0;14;146;24/nov/25
1403245;REFRIG COCA COLA + FANTA LARANJA 2L;2;6;2;60;2;59;32,5;55;20,88;0,67;20,45;1;14;146;24/nov/25
1403245;REFRIG COCA COLA + FANTA LARANJA 2L;3;6;2;80;16;64;43,5;29,5;17,5;6,4;32;1;14;146;24/nov/25
1403245;REFRIG COCA COLA + FANTA LARANJA 2L;5;6;2;20;2;19;19;16;8,63;1,62;17,03;3;14;146;24/nov/25
1403245;REFRIG COCA COLA + FANTA LARANJA 2L;6;6;2;30;3;2;25,5;35,5;14,7;1,43;2,38;6;14;146;24/nov/25
1403245;REFRIG COCA COLA + FANTA LARANJA 2L;7;6;2;20;8;21;15;32,5;14;4;14,5;3;14;146;24/nov/25
1403245;REFRIG COCA COLA + FANTA LARANJA 2L;8;6;2;20;0;19;17,5;19;13,07;0;10,18;6;14;146;24/nov/25
1403245;REFRIG COCA COLA + FANTA LARANJA 2L;11;6;2;40;3,5;37;45,5;10;14,23;1,72;19,92;6;14;146;24/nov/25
1403245;REFRIG COCA COLA + FANTA LARANJA 2L;12;6;2;40;9;32;20,5;26,5;13,3;4,74;21,58;6;14;146;24/nov/25
1403245;REFRIG COCA COLA + FANTA LARANJA 2L;13;6;2;40;1;33;23;21;17,73;0,39;13,42;6;14;146;24/nov/25
1403245;REFRIG COCA COLA + FANTA LARANJA 2L;14;6;2;40;0,5;20;26;29;14;0,25;10,25;6;14;146;24/nov/25
1403245;REFRIG COCA COLA + FANTA LARANJA 2L;17;6;2;40;11,5;29;26,5;12;11,78;6,83;24,06;6;14;146;24/nov/25
1403245;REFRIG COCA COLA + FANTA LARANJA 2L;18;6;2;40;1;40;33;18,5;13,65;0,51;21,03;6;14;146;24/nov/25
1402880;REFRIG COCA COLA CAFE EXPRESSO LT 22O ML;3;6;6;7;5,83;2;2,17;5,83;2,88;14,19;19,05;7;14;146;24/nov/25
1402880;REFRIG COCA COLA CAFE EXPRESSO LT 22O ML;4;6;6;4;2,33;3;2,17;4;3,19;5,12;11,71;4,67;14;146;24/nov/25
1402880;REFRIG COCA COLA CAFE EXPRESSO LT 22O ML;8;6;6;2;1,67;1;1,67;4,33;1,63;7,14;11,43;4,67;14;146;24/nov/25
1402880;REFRIG COCA COLA CAFE EXPRESSO LT 22O ML;18;6;6;3;2,67;1;1;3,33;1,32;14,12;19,41;4,67;14;146;24/nov/25
1022731;REFRIG COCA COLA JACK DANIELS LT 269ML;2;6;6;3;2,83;0;0,17;1,17;0,7;28,33;28,33;0;14;146;24/nov/25
1022731;REFRIG COCA COLA JACK DANIELS LT 269ML;3;6;6;4;1,33;4;3;0,83;1,24;7,5;30;0;14;146;24/nov/25
1022731;REFRIG COCA COLA JACK DANIELS LT 269ML;4;6;6;2;1,83;1;1;0,17;0,54;23,57;36,43;0;14;146;24/nov/25
1022731;REFRIG COCA COLA JACK DANIELS LT 269ML;13;6;6;2;1,83;0;0;0,17;0,16;82,5;82,5;0;14;146;24/nov/25
1022731;REFRIG COCA COLA JACK DANIELS LT 269ML;17;6;6;2;0,83;2;1,17;0,67;0,51;11,54;39,23;0;14;146;24/nov/25
1402793;REFRIG COCA COLA LT 220ML;1;6;6;12;3;10;10,17;10,5;7,47;2,81;12,19;10,67;14;146;24/nov/25
1402793;REFRIG COCA COLA LT 220ML;3;6;6;87;74,33;14;13,5;24;19,76;26,34;31,3;0;14;146;24/nov/25
1402793;REFRIG COCA COLA LT 220ML;4;6;6;40;31,67;0;13,5;11,33;14,66;15,12;15,12;0;14;146;24/nov/25
1402793;REFRIG COCA COLA LT 220ML;5;6;6;40;33,67;0;5,5;5,83;5,91;39,87;39,87;0;14;146;24/nov/25
1402793;REFRIG COCA COLA LT 220ML;6;6;6;55;65;0;4;13;7,31;62,23;62,23;0;14;146;24/nov/25
1402793;REFRIG COCA COLA LT 220ML;7;6;6;40;22;19;12,83;10;7;22;41;10,67;14;146;24/nov/25
1402793;REFRIG COCA COLA LT 220ML;8;6;6;40;19,5;21;11,33;16,17;8,13;16,79;34,88;10,67;14;146;24/nov/25
1402793;REFRIG COCA COLA LT 220ML;11;6;6;40;19,17;22;11,67;9,5;8,71;15,4;33,08;10,67;14;146;24/nov/25
1402793;REFRIG COCA COLA LT 220ML;12;6;6;49;36,33;0;14;22;13,61;18,69;18,69;10,67;14;146;24/nov/25
1402793;REFRIG COCA COLA LT 220ML;13;6;6;105;71,33;0;33;20,17;20,42;24,46;24,46;10,67;14;146;24/nov/25
1402793;REFRIG COCA COLA LT 220ML;17;6;6;67;36,17;0;17,17;16,5;12,83;19,73;19,73;10,67;14;146;24/nov/25
1402793;REFRIG COCA COLA LT 220ML;18;6;6;30;24,33;0;7,33;5;4,94;34,49;34,49;10,67;14;146;24/nov/25
1402736;REFRIG COCA COLA LT 310ML;1;1;6;6;0;7;11,5;5,5;3,97;0;12,35;9,33;14;146;24/nov/25
1402736;REFRIG COCA COLA LT 310ML;2;1;6;52;9,67;43;19;13,33;11,39;5,94;32,35;9,33;14;146;24/nov/25
1402736;REFRIG COCA COLA LT 310ML;3;6;6;181;103,67;73,17;14,33;33;21,04;34,49;58,84;7;14;146;24/nov/25
1402736;REFRIG COCA COLA LT 310ML;4;1;6;40;26,83;0;14,17;0;3,31;56,82;56,82;4,67;14;146;24/nov/25
1402736;REFRIG COCA COLA LT 310ML;5;1;6;40;35,5;0;1,5;4,5;1,71;145,23;145,23;9,33;14;146;24/nov/25
1402736;REFRIG COCA COLA LT 310ML;6;1;6;86;32,67;54;12;17,33;9,14;25,02;66,38;9,33;14;146;24/nov/25
1402736;REFRIG COCA COLA LT 310ML;7;1;6;40;2,5;38;1,17;0;0,35;50;810;9,33;14;146;24/nov/25
1402736;REFRIG COCA COLA LT 310ML;8;1;6;40;34,67;6;6,33;0;1,48;164,21;192,63;9,33;14;146;24/nov/25
1402736;REFRIG COCA COLA LT 310ML;11;1;6;80;79,83;0;0,17;0;0,04;14.370,00;14.370,00;9,33;14;146;24/nov/25
1402736;REFRIG COCA COLA LT 310ML;12;1;6;82;59;0;17,17;15,17;15,28;27,02;27,02;9,33;14;146;24/nov/25
1402736;REFRIG COCA COLA LT 310ML;13;1;6;82;58,17;0;12,33;26;16,22;25,11;25,11;9,33;14;146;24/nov/25
1402736;REFRIG COCA COLA LT 310ML;14;1;6;80;77,67;0;1,17;5,17;5,33;102,04;102,04;9,33;14;146;24/nov/25
1402736;REFRIG COCA COLA LT 310ML;17;1;6;96;70;0;13,67;16;14,31;34,24;34,24;9,33;14;146;24/nov/25
1402736;REFRIG COCA COLA LT 310ML;18;1;6;46;20,67;26;3,33;9,83;8,01;18,06;40,78;9,33;14;146;24/nov/25
3622;REFRIG COCA COLA LT 350ML COM EAN;3;6;12;291;219,67;69;68,5;95,75;73,4;20,95;27,53;14;14;146;24/nov/25
3622;REFRIG COCA COLA LT 350ML COM EAN;5;6;12;30;18,5;0;6,33;8,67;7,62;16,99;16,99;7;14;146;24/nov/25
3622;REFRIG COCA COLA LT 350ML COM EAN;6;6;12;119;85,25;35;17,17;29;20,3;29,4;41,47;7;14;146;24/nov/25
3622;REFRIG COCA COLA LT 350ML COM EAN;7;6;12;30;14,92;16;12,08;8,75;9,39;11,12;23,04;11,67;14;146;24/nov/25
3622;REFRIG COCA COLA LT 350ML COM EAN;11;6;12;80;47,92;33;24,5;38,33;26,58;12,62;21,31;11,67;14;146;24/nov/25
3622;REFRIG COCA COLA LT 350ML COM EAN;12;6;12;86;58,25;0;16,58;15,58;15,52;26,28;26,28;11,67;14;146;24/nov/25
3622;REFRIG COCA COLA LT 350ML COM EAN;13;6;12;120;99,42;0;10,92;19,08;16,98;41;41;11,67;14;146;24/nov/25
3622;REFRIG COCA COLA LT 350ML COM EAN;14;6;12;40;23,33;12;31,83;27,83;25,08;6,51;9,86;11,67;14;146;24/nov/25
3622;REFRIG COCA COLA LT 350ML COM EAN;17;6;12;88;64,67;0;9,42;23,08;12,83;35,27;35,27;11,67;14;146;24/nov/25
3622;REFRIG COCA COLA LT 350ML COM EAN;18;6;12;71;67,33;0;19,5;24,08;18,92;24,91;24,91;11,67;14;146;24/nov/25
9917316;REFRIG COCA COLA PET 1,5L;2;6;8;15;7,88;8;7,13;3,63;8,2;6,73;13,56;0;14;146;24/nov/25
9917316;REFRIG COCA COLA PET 1,5L;5;6;8;9;-0,13;10;0,13;4,25;2,92;-0,3;23,7;9;14;146;24/nov/25
9917316;REFRIG COCA COLA PET 1,5L;6;6;8;12;4,38;15;62,38;8;19,92;1,54;6,81;0;14;146;24/nov/25
9917316;REFRIG COCA COLA PET 1,5L;7;6;8;9;6,38;0;1,88;0,5;3,18;14,04;14,04;0;14;146;24/nov/25
9917316;REFRIG COCA COLA PET 1,5L;8;6;8;9;-15,88;10;1,88;5,63;6,59;-16,86;-6,24;0;14;146;24/nov/25
9917316;REFRIG COCA COLA PET 1,5L;13;6;8;9;8;2;0,63;3,88;3,82;14,66;18,32;0;14;146;24/nov/25
9917316;REFRIG COCA COLA PET 1,5L;17;6;8;12;8,5;0;0,25;8,13;3,18;18,72;18,72;0;14;146;24/nov/25
9917316;REFRIG COCA COLA PET 1,5L;18;6;8;12;8,13;5;1,5;2,13;3,09;18,4;29,72;6;14;146;24/nov/25
1024301;REFRIG COCA COLA PET 1L;3;6;6;30;0,33;40;27;14;13,46;0,17;20,98;0;14;146;24/nov/25
1024301;REFRIG COCA COLA PET 1L;4;6;6;8;2;10;8;0;4,67;3;18;0;14;146;24/nov/25
1024301;REFRIG COCA COLA PET 1L;5;6;6;8;1,5;11;10,17;9,17;6,65;1,58;13,16;0;14;146;24/nov/25
1024301;REFRIG COCA COLA PET 1L;7;6;6;8;5,33;0;3,67;5;2,96;12,63;12,63;0;14;146;24/nov/25
1024301;REFRIG COCA COLA PET 1L;12;6;6;12;4,67;11;5;10,17;4,55;7,18;24,1;0;14;146;24/nov/25
1024301;REFRIG COCA COLA PET 1L;13;6;6;20;-0,17;24;6;12;8,4;-0,14;19,86;0;14;146;24/nov/25
1024301;REFRIG COCA COLA PET 1L;14;6;6;12;1,33;15;16,5;4,67;7,27;1,28;15,72;0;14;146;24/nov/25
1024301;REFRIG COCA COLA PET 1L;17;6;6;12;1,83;14;9,17;7,67;4,39;2,92;25,22;0;14;146;24/nov/25
1024301;REFRIG COCA COLA PET 1L;18;6;6;12;8,67;7;6,33;4;2,88;21,08;38,11;0;14;146;24/nov/25
1402987;REFRIG COCA COLA PET 200ML;1;6;12;20;7,33;14;17,67;10,83;12,09;4,24;12,35;11,33;14;146;24/nov/25
1402987;REFRIG COCA COLA PET 200ML;3;6;12;60;20,25;41;52,75;50,5;39,9;3,55;10,75;8,5;14;146;24/nov/25
1402987;REFRIG COCA COLA PET 200ML;4;6;12;30;12,92;18;24,42;7,92;16,49;5,48;13,13;2,83;14;146;24/nov/25
1402987;REFRIG COCA COLA PET 200ML;5;6;12;15;13,5;0;13,67;9,42;8,61;10,97;10,97;8,5;14;146;24/nov/25
1402987;REFRIG COCA COLA PET 200ML;6;6;12;20;12,08;20;15,5;19,17;18,94;4,47;11,86;8,5;14;146;24/nov/25
1402987;REFRIG COCA COLA PET 200ML;7;6;12;15;8,33;8;10,58;4,42;6,01;9,71;19,03;5,67;14;146;24/nov/25
1402987;REFRIG COCA COLA PET 200ML;11;6;12;30;6,17;20;2,17;33,08;17,83;2,42;10,27;5,67;14;146;24/nov/25
1402987;REFRIG COCA COLA PET 200ML;12;6;12;30;9,42;22;21,17;19,17;16,35;4,03;13,45;5,67;14;146;24/nov/25
1402987;REFRIG COCA COLA PET 200ML;13;6;12;30;10,33;21;16,08;23,42;23,02;3,14;9,53;5,67;14;146;24/nov/25
1402987;REFRIG COCA COLA PET 200ML;14;6;12;15;14,92;0;10,25;8,08;9,43;11,07;11,07;5,67;14;146;24/nov/25
1402987;REFRIG COCA COLA PET 200ML;17;6;12;30;12,67;18;16,33;5,92;18,67;4,75;11,5;5,67;14;146;24/nov/25
1402987;REFRIG COCA COLA PET 200ML;18;6;12;30;17,92;13;18,17;14,33;13,86;9,05;15,61;5,67;14;146;24/nov/25
3612;REFRIG COCA COLA PET 2L;3;6;8;225;269,13;169;175;236,25;180,54;10,43;16,99;331,25;14;146;24/nov/25
3612;REFRIG COCA COLA PET 2L;12;6;8;150;116,5;103;100,25;154,5;119,38;6,83;12,87;6,75;14;146;24/nov/25
39555;REFRIG COCA COLA PET 3L;3;6;6;80;50;29,5;65,5;46,67;42,86;8,17;12,99;147,5;14;146;24/nov/25
39555;REFRIG COCA COLA PET 3L;5;6;6;24;10,67;11;19,67;18,33;14,54;5,13;10,43;3,33;14;146;24/nov/25
39555;REFRIG COCA COLA PET 3L;6;6;6;40;35;13;40,83;32,17;26,91;9,1;12,49;15;14;146;24/nov/25
39555;REFRIG COCA COLA PET 3L;7;6;6;24;8,17;13;21,83;15,83;14,58;3,92;10,16;3,33;14;146;24/nov/25
39555;REFRIG COCA COLA PET 3L;8;6;6;20;10,67;4;10,5;8,83;6,84;10,91;15;9,17;14;146;24/nov/25
39555;REFRIG COCA COLA PET 3L;12;6;6;40;21;13;37,33;22,33;20,96;7,01;11,35;9,17;14;146;24/nov/25
39555;REFRIG COCA COLA PET 3L;13;6;6;40;17,67;13;46,83;43,83;38,31;3,23;5,6;27,5;14;146;24/nov/25
39555;REFRIG COCA COLA PET 3L;14;6;6;20;12,67;13;13,67;11,67;9,64;9,19;18,63;9,17;14;146;24/nov/25
39555;REFRIG COCA COLA PET 3L;17;6;6;40;30,33;13;33,83;13,83;21,86;9,72;13,88;27,5;14;146;24/nov/25
39555;REFRIG COCA COLA PET 3L;18;6;6;40;33,33;13;24;20,33;20,22;11,54;16,04;27,5;14;146;24/nov/25
3607;REFRIG COCA COLA PET 600ML;2;6;12;50;43,08;32;18,33;21,67;16,12;18,71;32,61;3,5;14;146;24/nov/25
3607;REFRIG COCA COLA PET 600ML;4;6;12;40;21,75;19;19,25;5;15,23;10;18,74;3,5;14;146;24/nov/25
3607;REFRIG COCA COLA PET 600ML;5;6;12;20;14,17;7;9,5;12;9,06;10,94;16,35;2,33;14;146;24/nov/25
3607;REFRIG COCA COLA PET 600ML;6;6;12;40;23;27;12,75;11,08;11,8;13,64;29,65;3,5;14;146;24/nov/25
3607;REFRIG COCA COLA PET 600ML;7;6;12;20;18,67;0;2,33;3,33;4,98;26,25;26,25;3,5;14;146;24/nov/25
3607;REFRIG COCA COLA PET 600ML;8;6;12;30;29,33;2;1,67;2,5;7,84;26,2;27,99;3,5;14;146;24/nov/25
3607;REFRIG COCA COLA PET 600ML;11;6;12;40;13,83;27;17,42;8,67;15,15;6,39;18,87;2,33;14;146;24/nov/25
3607;REFRIG COCA COLA PET 600ML;12;6;12;40;36,67;0;1,75;6,67;13,46;19,08;19,08;3,5;14;146;24/nov/25
3607;REFRIG COCA COLA PET 600ML;13;6;12;40;37,25;0;3,75;4,92;11,08;23,53;23,53;3,5;14;146;24/nov/25
3607;REFRIG COCA COLA PET 600ML;14;6;12;20;20,75;0;0,08;14,33;8,17;17,79;17,79;3,5;14;146;24/nov/25
3607;REFRIG COCA COLA PET 600ML;17;6;12;40;13,17;37;18,33;15,58;16,55;5,57;21,22;3,5;14;146;24/nov/25
3607;REFRIG COCA COLA PET 600ML;18;6;12;40;17,42;33;25,5;20,67;20,26;6,02;17,42;2,33;14;146;24/nov/25
1403110;REFRIG COCA COLA ZERO LT 220ML;2;6;6;18;10,17;8;6,67;3,5;4,16;17,1;30,56;5,33;14;146;24/nov/25
1403110;REFRIG COCA COLA ZERO LT 220ML;3;6;6;54;49,5;5;32;32,33;25,67;13,5;14,86;8;14;146;24/nov/25
1403110;REFRIG COCA COLA ZERO LT 220ML;5;6;6;10;9,83;0;2,67;4,33;2,37;29,02;29,02;5,33;14;146;24/nov/25
1403110;REFRIG COCA COLA ZERO LT 220ML;8;6;6;10;10,67;9;7,33;2,17;2,99;24,94;45,97;5,33;14;146;24/nov/25
1403110;REFRIG COCA COLA ZERO LT 220ML;12;6;6;12;10,83;2;8,17;8;6,88;11,02;13,05;5,33;14;146;24/nov/25
1403110;REFRIG COCA COLA ZERO LT 220ML;13;6;6;23;18;0;6,17;7,5;7;18;18;5,33;14;146;24/nov/25
1403110;REFRIG COCA COLA ZERO LT 220ML;14;6;6;20;7,17;14;6,83;12,33;8,17;6,14;18,14;5,33;14;146;24/nov/25
1403110;REFRIG COCA COLA ZERO LT 220ML;17;6;6;21;18,17;0;3,33;8,33;4,12;30,85;30,85;5,33;14;146;24/nov/25
1403001;REFRIG COCA COLA ZERO LT 310ML;2;6;6;20;7,67;13;9,5;2,67;5,37;10;26,96;9,33;14;146;24/nov/25
1403001;REFRIG COCA COLA ZERO LT 310ML;3;6;6;30;28,67;1;8,17;25,17;16,1;12,46;12,9;7;14;146;24/nov/25
1403001;REFRIG COCA COLA ZERO LT 310ML;4;6;6;30;29,5;1;17;21;18,78;10,99;11,37;4,67;14;146;24/nov/25
1403001;REFRIG COCA COLA ZERO LT 310ML;6;6;6;15;4,5;11;4,5;6,33;3,85;8,18;28,18;9,33;14;146;24/nov/25
1403001;REFRIG COCA COLA ZERO LT 310ML;8;6;6;10;9,5;0;1,67;4,83;3,03;21,92;21,92;9,33;14;146;24/nov/25
1403001;REFRIG COCA COLA ZERO LT 310ML;12;6;6;20;13,17;0;8,5;7,83;6,61;13,94;13,94;9,33;14;146;24/nov/25
1403001;REFRIG COCA COLA ZERO LT 310ML;13;6;6;20;2,17;19;7,5;7,67;7,23;2,1;20,48;9,33;14;146;24/nov/25
1403001;REFRIG COCA COLA ZERO LT 310ML;14;6;6;10;10;0;3,67;11,5;6,03;11,61;11,61;9,33;14;146;24/nov/25
1403001;REFRIG COCA COLA ZERO LT 310ML;17;6;6;20;13,33;8;3,67;4,83;3,89;24;38,4;9,33;14;146;24/nov/25
1403001;REFRIG COCA COLA ZERO LT 310ML;18;6;6;20;15,5;0;0,5;7;4,47;24,26;24,26;9,33;14;146;24/nov/25
9913080;REFRIG COCA COLA ZERO PET 1,5L;2;6;8;9;7;3;2,75;7,13;3,53;13,88;19,83;4,5;14;146;24/nov/25
9913080;REFRIG COCA COLA ZERO PET 1,5L;3;6;8;15;7,63;8;8,25;9,25;5,92;9,01;18,47;0;14;146;24/nov/25
9913080;REFRIG COCA COLA ZERO PET 1,5L;4;6;8;6;5,13;0;2,38;3;3,24;11,08;11,08;3;14;146;24/nov/25
9913080;REFRIG COCA COLA ZERO PET 1,5L;11;6;8;9;3,25;7;4,38;0,88;2,07;10,99;34,65;0;14;146;24/nov/25
9913080;REFRIG COCA COLA ZERO PET 1,5L;12;6;8;9;8,88;0;3,38;3,63;2,89;21,52;21,52;0;14;146;24/nov/25
9913080;REFRIG COCA COLA ZERO PET 1,5L;13;6;8;9;1,5;8;10,63;4,38;5,92;1,77;11,23;0;14;146;24/nov/25
9913080;REFRIG COCA COLA ZERO PET 1,5L;14;6;8;6;3,25;4;5,63;3,25;3,88;5,86;13,08;0;14;146;24/nov/25
9913080;REFRIG COCA COLA ZERO PET 1,5L;18;6;8;9;4,38;2;1,88;1,25;1,17;26,25;38,25;0;14;146;24/nov/25
1024308;REFRIG COCA COLA ZERO PET 1L;2;6;6;12;5,17;8;2;5,67;2,96;12,24;31,18;0;14;146;24/nov/25
1024308;REFRIG COCA COLA ZERO PET 1L;3;6;6;16;6,17;11;8,83;9,17;7,08;6,1;16,98;0;14;146;24/nov/25
1024308;REFRIG COCA COLA ZERO PET 1L;4;6;6;6;3,17;4;4,67;5,17;5,56;3,99;9,02;0;14;146;24/nov/25
1024308;REFRIG COCA COLA ZERO PET 1L;5;6;6;4;2,83;2;4;4,17;2,72;7,29;12,43;0;14;146;24/nov/25
1024308;REFRIG COCA COLA ZERO PET 1L;6;6;6;4;3,17;0;1;2,5;1,79;12,39;12,39;0;14;146;24/nov/25
1024308;REFRIG COCA COLA ZERO PET 1L;7;6;6;3;2,67;1;1,33;2,17;1,32;14,12;19,41;0;14;146;24/nov/25
1024308;REFRIG COCA COLA ZERO PET 1L;11;6;6;8;2,83;6;1,83;4,33;2,1;9,44;29,44;0;14;146;24/nov/25
1024308;REFRIG COCA COLA ZERO PET 1L;12;6;6;8;3,67;5;2,83;4,17;3,31;7,76;18,35;0;14;146;24/nov/25
1024308;REFRIG COCA COLA ZERO PET 1L;13;6;6;8;2;7;5;5;3,5;4;18;0;14;146;24/nov/25
1024308;REFRIG COCA COLA ZERO PET 1L;18;6;6;8;3,83;5;4;2,83;2,61;10,3;23,73;0;14;146;24/nov/25
1402983;REFRIG COCA COLA ZERO PET 200ML;3;6;12;15;3,58;10;8;8,92;14,56;1,72;6,53;8,5;14;146;24/nov/25
1402983;REFRIG COCA COLA ZERO PET 200ML;5;6;12;8;4,67;4;5,92;6,67;5,72;5,71;10,61;2,83;14;146;24/nov/25
1402983;REFRIG COCA COLA ZERO PET 200ML;7;6;12;8;4,25;5;5,67;6,92;5,35;5,56;12,11;5,67;14;146;24/nov/25
1402983;REFRIG COCA COLA ZERO PET 200ML;13;6;12;10;0,17;11;5;6,58;5,91;0,2;13,22;5,67;14;146;24/nov/25
1402983;REFRIG COCA COLA ZERO PET 200ML;14;6;12;15;13;16;1;2,67;9,8;9,29;20,71;5,67;14;146;24/nov/25
1402983;REFRIG COCA COLA ZERO PET 200ML;17;6;12;10;4;8;10;6,75;7,47;3,75;11,25;5,67;14;146;24/nov/25
54895;REFRIG COCA COLA ZERO PET 2L;4;6;8;45;42,63;0;23,5;19;22,34;13,36;13,36;3;14;146;24/nov/25
54895;REFRIG COCA COLA ZERO PET 2L;14;6;8;45;60,25;0;29,5;34,38;28,85;14,62;14,62;6;14;146;24/nov/25
54359;REFRIG COCA COLA ZERO PET 600ML;2;6;12;10;7,42;3;3,83;6,58;5,48;9,47;13,3;1,75;14;146;24/nov/25
54359;REFRIG COCA COLA ZERO PET 600ML;3;6;12;12;9;4;4,08;6,25;8,36;7,53;10,88;3,5;14;146;24/nov/25
54359;REFRIG COCA COLA ZERO PET 600ML;5;6;12;10;7,92;3;5,25;5,25;4,01;13,83;19,08;1,17;14;146;24/nov/25
54359;REFRIG COCA COLA ZERO PET 600ML;7;6;12;6;3,67;3;4,33;7,42;4,47;5,74;10,43;1,75;14;146;24/nov/25
54359;REFRIG COCA COLA ZERO PET 600ML;11;6;12;10;5,33;6;6,92;7,75;5,62;6,64;14,12;1,17;14;146;24/nov/25
54359;REFRIG COCA COLA ZERO PET 600ML;12;6;12;8;7,17;2;9,58;6,58;6,03;8,32;10,65;1,75;14;146;24/nov/25
54359;REFRIG COCA COLA ZERO PET 600ML;13;6;12;8;3,25;5;10;10,08;6,01;3,79;9,61;1,75;14;146;24/nov/25
54359;REFRIG COCA COLA ZERO PET 600ML;18;6;12;8;5,5;4;4,08;4,92;3,03;12,69;21,92;1,17;14;146;24/nov/25
1403247;REFRIG COCA COLA+FANTA GUARANA 2L;4;6;2;20;13;7;9;9;8,4;10,83;16,67;3;14;146;24/nov/25
1403247;REFRIG COCA COLA+FANTA GUARANA 2L;5;6;2;20;13;8;9,5;4;6,77;13,45;21,72;3;14;146;24/nov/25
1403247;REFRIG COCA COLA+FANTA GUARANA 2L;6;6;2;40;26;30;18;30;21,93;8,3;17,87;3;14;146;24/nov/25
1403247;REFRIG COCA COLA+FANTA GUARANA 2L;7;6;2;20;11;10;10;13;11,32;6,8;12,99;3;14;146;24/nov/25
1403247;REFRIG COCA COLA+FANTA GUARANA 2L;8;6;2;20;13,5;7;15,5;12;12,83;7,36;11,18;3;14;146;24/nov/25
1403247;REFRIG COCA COLA+FANTA GUARANA 2L;11;6;2;40;17,5;21;22;13,5;18,32;6,69;14,71;3;14;146;24/nov/25
1403247;REFRIG COCA COLA+FANTA GUARANA 2L;12;6;2;40;25,5;14;39;23;27,88;6,4;9,92;3;14;146;24/nov/25
1403247;REFRIG COCA COLA+FANTA GUARANA 2L;13;6;2;40;37,5;0;13;20,5;25,2;10,42;10,42;3;14;146;24/nov/25
1403247;REFRIG COCA COLA+FANTA GUARANA 2L;14;6;2;20;5,5;17;20,5;14,5;13,88;2,77;11,34;3;14;146;24/nov/25
1403247;REFRIG COCA COLA+FANTA GUARANA 2L;17;6;2;40;28;13;15;24,5;13,65;14,36;21,03;3;14;146;24/nov/25
1403247;REFRIG COCA COLA+FANTA GUARANA 2L;18;6;2;40;16,5;24;24,5;17,5;19,72;5,86;14,38;3;14;146;24/nov/25
1402778;REFRIG FANTA GUARANA LT 350ML;3;6;6;11;9,5;2;2;2,83;3,34;19,88;24,07;7;14;146;24/nov/25
1402778;REFRIG FANTA GUARANA LT 350ML;6;6;6;5;3,17;3;3,33;0,5;2,26;9,83;19,14;2,33;14;146;24/nov/25
1402778;REFRIG FANTA GUARANA LT 350ML;7;6;6;4;3,33;0;0,67;0,5;0,74;31,58;31,58;7;14;146;24/nov/25
1402778;REFRIG FANTA GUARANA LT 350ML;12;6;6;3;1,33;3;1,83;0,83;1,36;6,86;22,29;4,67;14;146;24/nov/25
1402778;REFRIG FANTA GUARANA LT 350ML;17;6;6;3;2,83;0;0,67;0,17;0,62;31,88;31,88;4,67;14;146;24/nov/25
1402778;REFRIG FANTA GUARANA LT 350ML;18;6;6;3;2,33;2;1,17;2,33;1,83;8,94;16,6;2,33;14;146;24/nov/25
1402777;REFRIG FANTA GUARANA PET 2L;4;6;8;6;3,5;0;2,38;2,88;3,73;6,56;6,56;1,5;14;146;24/nov/25
1402777;REFRIG FANTA GUARANA PET 2L;6;6;8;11;9,25;0;4,38;4,38;3,82;16,95;16,95;0,75;14;146;24/nov/25
1402777;REFRIG FANTA GUARANA PET 2L;11;6;8;5;2,75;3;2,25;2,13;3,12;6,17;12,9;4,5;14;146;24/nov/25
3624;REFRIG FANTA LARANJA LT 350ML;3;6;6;109;85,67;22;23,17;19,5;21,97;27,29;34,3;7;14;146;24/nov/25
3624;REFRIG FANTA LARANJA LT 350ML;4;6;6;20;18,83;0;9,33;12;11,39;11,57;11,57;7;14;146;24/nov/25
3624;REFRIG FANTA LARANJA LT 350ML;5;6;6;9;8,33;2;5;5;4,24;13,76;17,06;4,67;14;146;24/nov/25
3624;REFRIG FANTA LARANJA LT 350ML;7;6;6;20;18,83;0;3,67;5,83;5,41;24,39;24,39;14;14;146;24/nov/25
3624;REFRIG FANTA LARANJA LT 350ML;12;6;6;37;30,33;0;8,67;12,17;8,75;24,27;24,27;9,33;14;146;24/nov/25
3624;REFRIG FANTA LARANJA LT 350ML;13;6;6;60;38,5;0;19,67;10,5;14,86;18,14;18,14;9,33;14;146;24/nov/25
3624;REFRIG FANTA LARANJA LT 350ML;17;6;6;22;18,33;0;7;5,67;5,91;21,71;21,71;9,33;14;146;24/nov/25
3624;REFRIG FANTA LARANJA LT 350ML;18;6;6;22;15,83;6;8,5;10,83;9,02;12,28;16,94;4,67;14;146;24/nov/25
1402997;REFRIG FANTA LARANJA PET 200ML;1;6;12;6;5,33;2;3,25;4,25;3,44;10,85;14,92;0;14;146;24/nov/25
1402997;REFRIG FANTA LARANJA PET 200ML;2;6;12;20;15,42;6;11,5;10,75;8,54;12,64;17,56;0;14;146;24/nov/25
1402997;REFRIG FANTA LARANJA PET 200ML;5;6;12;5;4,92;0;3,42;3,83;3,01;11,42;11,42;5,67;14;146;24/nov/25
1402997;REFRIG FANTA LARANJA PET 200ML;11;6;12;12;10,25;0;4;10,92;5,72;12,55;12,55;5,67;14;146;24/nov/25
1402997;REFRIG FANTA LARANJA PET 200ML;12;6;12;12;6,08;7;8,75;6,5;6,32;6,74;14,49;5,67;14;146;24/nov/25
1402997;REFRIG FANTA LARANJA PET 200ML;13;6;12;12;5;8;8,5;13,92;12,27;2,85;7,42;5,67;14;146;24/nov/25
1402997;REFRIG FANTA LARANJA PET 200ML;17;6;12;12;8,08;8;5;3,08;6,03;9,39;18,68;5,67;14;146;24/nov/25
1402997;REFRIG FANTA LARANJA PET 200ML;18;6;12;12;5;8;5,67;8;5,91;5,92;15,39;5,67;14;146;24/nov/25
3620;REFRIG FANTA LARANJA PET 2L;4;6;8;30;25,75;0;17;5,25;12,8;14,08;14,08;4,5;14;146;24/nov/25
3620;REFRIG FANTA LARANJA PET 2L;5;6;8;45;26,63;7;19,13;15,88;19,02;9,8;12,38;6;14;146;24/nov/25
3620;REFRIG FANTA LARANJA PET 2L;7;6;8;45;35,5;10;18;22,63;18,81;13,21;16,93;9;14;146;24/nov/25
3620;REFRIG FANTA LARANJA PET 2L;12;6;8;60;41,75;75;26,88;32;33,34;8,77;24,51;9;14;146;24/nov/25
5899;REFRIG FANTA LARANJA PET 600ML;2;6;6;20;14,83;6;9,33;9,17;10,38;10;14,04;0;14;146;24/nov/25
5899;REFRIG FANTA LARANJA PET 600ML;3;6;6;24;8,83;12;20,33;13,33;13,11;4,72;11,13;14;14;146;24/nov/25
5899;REFRIG FANTA LARANJA PET 600ML;4;6;6;20;18,67;0;5,33;7,5;5,76;22,7;22,7;2,33;14;146;24/nov/25
5899;REFRIG FANTA LARANJA PET 600ML;5;6;6;8;5,5;3;2,83;3,33;4,94;7,8;12,05;2,33;14;146;24/nov/25
5899;REFRIG FANTA LARANJA PET 600ML;6;6;6;12;15,5;0;6,33;5,5;5,56;19,51;19,51;3,5;14;146;24/nov/25
5899;REFRIG FANTA LARANJA PET 600ML;7;6;6;8;4,17;5;4,67;0,5;3,62;8,06;17,74;3,5;14;146;24/nov/25
5899;REFRIG FANTA LARANJA PET 600ML;8;6;6;20;28,83;11;9,5;4,5;7,08;28,52;39,4;3,5;14;146;24/nov/25
5899;REFRIG FANTA LARANJA PET 600ML;12;6;6;16;3,33;13;12;2,5;9,76;2,39;11,71;3,5;14;146;24/nov/25
5899;REFRIG FANTA LARANJA PET 600ML;13;6;6;16;6,5;10;9,67;8;8,21;5,55;14,08;3,5;14;146;24/nov/25
5899;REFRIG FANTA LARANJA PET 600ML;17;6;6;16;6,83;10;9;0;4,28;11,18;27,55;3,5;14;146;24/nov/25
5899;REFRIG FANTA LARANJA PET 600ML;18;6;6;16;12,33;5;4,67;6,33;5,37;16,09;22,61;2,33;14;146;24/nov/25
9977655;REFRIG FANTA LARANJA ZERO LT 350ML;2;6;6;12;10,33;0;3;4,33;3,38;21,38;21,38;4,67;14;146;24/nov/25
9977655;REFRIG FANTA LARANJA ZERO LT 350ML;3;6;6;20;13,33;8;7,33;14;7,16;13,04;20,87;7;14;146;24/nov/25
9977655;REFRIG FANTA LARANJA ZERO LT 350ML;4;6;6;2;1,67;2;3;3,33;2,61;4,48;9,85;2,33;14;146;24/nov/25
9977655;REFRIG FANTA LARANJA ZERO LT 350ML;18;6;6;3;1,33;3;3;3,67;2,02;4,62;15;2,33;14;146;24/nov/25
1020585;REFRIG FANTA LT 220ML;2;6;6;11;2,33;10;4,83;4,83;3,97;4,12;21,76;5,33;14;146;24/nov/25
1020585;REFRIG FANTA LT 220ML;4;6;6;6;3,5;3;4;0,83;2,84;8,63;16,03;0;14;146;24/nov/25
1020585;REFRIG FANTA LT 220ML;13;6;6;12;9,33;4;5,67;14,17;7,27;8,98;12,83;0;14;146;24/nov/25
1020585;REFRIG FANTA LT 220ML;14;6;6;6;4,83;2;4,17;4,5;3,11;10,88;15,38;0;14;146;24/nov/25
1020585;REFRIG FANTA LT 220ML;18;6;6;7;6,5;1;1,83;2,83;1,94;23,4;27;5,5;14;146;24/nov/25
1400571;REFRIG FANTA MARACUJA LT 350ML;2;6;6;4;0;5;0,33;0,5;0,74;0;47,37;4,67;14;146;24/nov/25
1400571;REFRIG FANTA MARACUJA LT 350ML;7;6;6;2;0;3;0;0;0,51;0;41,54;0;14;146;24/nov/25
1400571;REFRIG FANTA MARACUJA LT 350ML;8;6;6;3;3,17;4;0;0,83;1,05;21,11;47,78;4,67;14;146;24/nov/25
21043;REFRIG FANTA UVA LT 350ML;1;6;6;40;26,33;0;10,17;9,33;7,08;26,04;26,04;9,33;14;146;24/nov/25
21043;REFRIG FANTA UVA LT 350ML;2;6;6;35;32,33;0;7,33;14;8,36;27,07;27,07;4,67;14;146;24/nov/25
21043;REFRIG FANTA UVA LT 350ML;3;6;6;67;56,33;18;17,83;27;17,15;22,99;30,34;7;14;146;24/nov/25
21043;REFRIG FANTA UVA LT 350ML;4;6;6;20;13,33;7;11,67;8,5;9,37;9,96;15,19;2,33;14;146;24/nov/25
21043;REFRIG FANTA UVA LT 350ML;5;6;6;10;7,5;3;4;4,83;3,34;15,7;21,98;9,33;14;146;24/nov/25
21043;REFRIG FANTA UVA LT 350ML;6;6;6;36;34;0;8;8,5;7,93;30;30;2,33;14;146;24/nov/25
21043;REFRIG FANTA UVA LT 350ML;7;6;6;10;9,17;0;2,17;7;3,93;16,34;16,34;14;14;146;24/nov/25
21043;REFRIG FANTA UVA LT 350ML;8;6;6;20;9,83;10;10;9,33;7;9,83;19,83;4,67;14;146;24/nov/25
21043;REFRIG FANTA UVA LT 350ML;11;6;6;20;12;9;6,83;2,83;4,24;19,82;34,68;2,33;14;146;24/nov/25
21043;REFRIG FANTA UVA LT 350ML;13;6;6;25;21,67;0;7,83;3,83;6,34;23,93;23,93;4,67;14;146;24/nov/25
21043;REFRIG FANTA UVA LT 350ML;14;6;6;20;6,83;10;10;7,17;6,96;6,87;16,93;4,67;14;146;24/nov/25
21043;REFRIG FANTA UVA LT 350ML;17;6;6;30;21,33;0;4,17;3;3,69;40,42;40,42;4,67;14;146;24/nov/25
21043;REFRIG FANTA UVA LT 350ML;18;6;6;19;12,67;7;7,67;8,83;7,39;12;18,63;2,33;14;146;24/nov/25
6370;REFRIG FANTA UVA PET 2L;4;6;8;5;2,5;3;3;3;4,49;3,9;8,57;4,5;14;146;24/nov/25
6370;REFRIG FANTA UVA PET 2L;5;6;8;5;4,88;1;2,13;7,63;3,76;9,07;10,93;3,75;14;146;24/nov/25
6370;REFRIG FANTA UVA PET 2L;7;6;8;3;0;4;4;0;2,1;0;13,33;4,5;14;146;24/nov/25
6370;REFRIG FANTA UVA PET 2L;12;6;8;20;8,75;12;10,75;10,13;10,47;5,85;13,87;4,5;14;146;24/nov/25
6370;REFRIG FANTA UVA PET 2L;18;6;8;10;7,5;3;4,13;7,63;8,72;6,02;8,43;4,5;14;146;24/nov/25
1402614;REFRIG FRUKI CITRUS LT 350ML;3;6;12;2;3,08;2;1,83;0,75;1,13;19,14;31,55;3,5;14;146;24/nov/25
1018338;REFRIG FRUKI COLA PET 200ML;2;6;12;4;0,58;4;3,33;1,25;2,08;1,96;15,42;2,83;14;146;24/nov/25
1018338;REFRIG FRUKI COLA PET 200ML;13;6;12;5;4,17;0;2,17;3,83;2,06;14,15;14,15;0;14;146;24/nov/25
12495;REFRIG FRUKI COLA PET 2L;4;6;6;3;1,33;3;1,67;0,33;1,28;7,27;23,64;4;14;146;24/nov/25
12495;REFRIG FRUKI COLA PET 2L;6;6;6;3;2;2;1;1,83;1,24;11,25;22,5;4;14;146;24/nov/25
12495;REFRIG FRUKI COLA PET 2L;7;6;6;4;3,33;2;2,33;2,17;2,14;10,91;17,45;4;14;146;24/nov/25
12495;REFRIG FRUKI COLA PET 2L;8;6;6;3;0,83;3;1,67;1,17;1,09;5,36;24,64;2;14;146;24/nov/25
12495;REFRIG FRUKI COLA PET 2L;11;6;6;2;1,83;1;0,83;2;1,36;9,43;14,57;4;14;146;24/nov/25
12495;REFRIG FRUKI COLA PET 2L;17;6;6;2;1,83;0;0;0,83;0,74;17,37;17,37;4;14;146;24/nov/25
1402852;REFRIG FRUKI COLA ZERO 2L;3;6;6;2;0,83;1;2,67;3,17;2,88;2,03;4,46;0;14;146;24/nov/25
1402852;REFRIG FRUKI COLA ZERO 2L;5;6;6;2;1,33;2;1,17;1,5;1,09;8,57;21,43;0;14;146;24/nov/25
1402852;REFRIG FRUKI COLA ZERO 2L;6;6;6;2;1,83;0;0,83;1;0,78;16,5;16,5;2;14;146;24/nov/25
1402852;REFRIG FRUKI COLA ZERO 2L;7;6;6;2;1,17;2;0,5;0,5;0,66;12,35;33,53;0;14;146;24/nov/25
1402254;REFRIG FRUKI COLA ZERO LT 350ML;4;6;12;1;0,67;0;0,33;0,33;0,31;15;15;0;14;146;24/nov/25
1402254;REFRIG FRUKI COLA ZERO LT 350ML;5;6;12;1;0,5;1;0;0,17;0,06;60;180;0;14;146;24/nov/25
1023171;REFRIG FRUKI FRAMBOESA PET 200ML;2;6;12;4;2,33;3;1,75;1,08;1,48;11,05;25,26;2,83;14;146;24/nov/25
1023171;REFRIG FRUKI FRAMBOESA PET 200ML;3;6;12;5;3,5;2;2,33;0,67;1,24;19,69;30,94;0;14;146;24/nov/25
1023171;REFRIG FRUKI FRAMBOESA PET 200ML;5;6;12;3;2,25;0;0,92;0,75;0,53;30;30;0;14;146;24/nov/25
1023171;REFRIG FRUKI FRAMBOESA PET 200ML;6;6;12;4;2,83;0;0,92;1,08;0,7;28,33;28,33;0;14;146;24/nov/25
1023171;REFRIG FRUKI FRAMBOESA PET 200ML;7;6;12;3;1,67;2;1,08;1;0,86;13,64;30;0;14;146;24/nov/25
1023171;REFRIG FRUKI FRAMBOESA PET 200ML;11;6;12;4;3,25;0;2,25;1,58;1,79;12,72;12,72;0;14;146;24/nov/25
1023171;REFRIG FRUKI FRAMBOESA PET 200ML;12;6;12;4;2,42;3;1,83;1,58;1,73;9,78;21,91;0;14;146;24/nov/25
1023171;REFRIG FRUKI FRAMBOESA PET 200ML;17;6;12;4;3,5;0;0,33;1,5;0,91;26,81;26,81;0;14;146;24/nov/25
1023172;REFRIG FRUKI FRAMBOESA PET 2L;2;6;6;4;3,17;0;0,67;1,17;0,86;25,91;25,91;0;14;146;24/nov/25
1023172;REFRIG FRUKI FRAMBOESA PET 2L;3;6;6;8;5,5;3;3,5;3;2,92;13,2;20,4;0;14;146;24/nov/25
1023172;REFRIG FRUKI FRAMBOESA PET 2L;5;6;6;2;1,67;0;0,17;1;0,58;20;20;0;14;146;24/nov/25
1023172;REFRIG FRUKI FRAMBOESA PET 2L;7;6;6;2;1;2;1,17;1;0,74;9,47;28,42;0;14;146;24/nov/25
1023172;REFRIG FRUKI FRAMBOESA PET 2L;12;6;6;3;1,83;2;1,67;1;1,28;10;20,91;0;14;146;24/nov/25
1023172;REFRIG FRUKI FRAMBOESA PET 2L;14;6;6;2;2,83;0;1,5;1,17;0,89;22,17;22,17;0;14;146;24/nov/25
1023172;REFRIG FRUKI FRAMBOESA PET 2L;18;6;6;3;2,83;0;0,17;0,5;0,47;42,5;42,5;0;14;146;24/nov/25
1006973;REFRIG FRUKI GUAR C/BERGAM ZERO LT 350ML;3;6;12;2;1,58;1;0,42;1,92;1,28;8,64;14,09;3,5;14;146;24/nov/25
1006973;REFRIG FRUKI GUAR C/BERGAM ZERO LT 350ML;13;6;12;1;0,33;2;1;0;0,39;6;42;2,33;14;146;24/nov/25
1403379;REFRIG FRUKI GUARA ZERO PET 200ML;4;6;12;4;1,83;3;4;1,67;1,94;6,6;17,4;2,83;14;146;24/nov/25
1403379;REFRIG FRUKI GUARA ZERO PET 200ML;5;6;12;2;1,92;0;0,75;0,58;0,43;31,36;31,36;4,25;14;146;24/nov/25
1403379;REFRIG FRUKI GUARA ZERO PET 200ML;8;6;12;2;-0,17;3;3,33;1,42;1,96;-0,59;10,1;5,67;14;146;24/nov/25
1403379;REFRIG FRUKI GUARA ZERO PET 200ML;14;6;12;2;4,75;0;0;4,67;2,29;14,49;14,49;5,67;14;146;24/nov/25
1002205;REFRIG FRUKI GUARANA C/BERG LT 350ML;5;6;12;1;0,92;0;0,25;0,08;0,08;82,5;82,5;2,33;14;146;24/nov/25
1002205;REFRIG FRUKI GUARANA C/BERG LT 350ML;12;6;12;2;1,33;0;0,83;0,5;0,64;14,55;14,55;2,33;14;146;24/nov/25
24327;REFRIG FRUKI GUARANA LT 350ML;2;6;12;3;1,83;2;1,58;2,17;1,71;7,5;15,68;2,33;14;146;24/nov/25
24327;REFRIG FRUKI GUARANA LT 350ML;5;6;12;2;1,75;0;0,75;2,08;1,23;10;10;2,33;14;146;24/nov/25
24327;REFRIG FRUKI GUARANA LT 350ML;8;6;12;5;3,67;2;4,5;4,33;3,58;7,17;11,09;2,33;14;146;24/nov/25
24327;REFRIG FRUKI GUARANA LT 350ML;11;6;12;5;3,33;0;1,17;0,67;0,84;27,91;27,91;1,17;14;146;24/nov/25
4726;REFRIG FRUKI GUARANA PET 2L;2;6;6;104;30,67;74;41,83;45,5;32,71;6,56;22,4;4;14;146;24/nov/25
4726;REFRIG FRUKI GUARANA PET 2L;3;6;6;144;143,83;85;49,5;43,5;42,74;23,56;37,48;0;14;146;24/nov/25
4726;REFRIG FRUKI GUARANA PET 2L;4;6;6;76;33;44;16,67;17,83;18,2;12,69;29,62;1;14;146;24/nov/25
4726;REFRIG FRUKI GUARANA PET 2L;5;6;6;72;29,17;44;11,5;19,17;15,71;13;32,6;1;14;146;24/nov/25
4726;REFRIG FRUKI GUARANA PET 2L;6;6;6;113;35,17;79;62;48,33;45,93;5,36;17,4;0;14;146;24/nov/25
4726;REFRIG FRUKI GUARANA PET 2L;7;6;6;66;27,83;39;27;18,5;24,31;8,02;19,25;3;14;146;24/nov/25
4726;REFRIG FRUKI GUARANA PET 2L;8;6;6;40;41,17;37;16;30,17;21,62;13,33;25,31;2;14;146;24/nov/25
4726;REFRIG FRUKI GUARANA PET 2L;11;6;6;40;3,33;40;26,17;25,17;21,16;1,1;14,34;2;14;146;24/nov/25
4726;REFRIG FRUKI GUARANA PET 2L;12;6;6;27;8,17;20;12,17;15,83;11,47;4,98;17,19;2;14;146;24/nov/25
4726;REFRIG FRUKI GUARANA PET 2L;13;6;6;48;45,5;0;22,17;21,67;17,93;17,77;17,77;2;14;146;24/nov/25
4726;REFRIG FRUKI GUARANA PET 2L;14;6;6;60;34;27;16,17;24,67;17,81;13,36;23,97;1,83;14;146;24/nov/25
4726;REFRIG FRUKI GUARANA PET 2L;17;6;6;11;6,5;6;4,17;2,5;2,84;16,03;30,82;2;14;146;24/nov/25
4726;REFRIG FRUKI GUARANA PET 2L;18;6;6;55;33,33;23;13,83;15,17;11,51;20,27;34,26;2;14;146;24/nov/25
60951;REFRIG FRUKI GUARANA PET 600ML;2;6;12;4;3,92;0;2,58;4,5;2,31;11,85;11,85;1,75;14;146;24/nov/25
60951;REFRIG FRUKI GUARANA PET 600ML;3;6;12;6;4,75;2;4,83;3,67;4,73;7,04;10;3,5;14;146;24/nov/25
60951;REFRIG FRUKI GUARANA PET 600ML;4;6;12;5;3,75;2;4,83;3,83;2,68;9,78;15;1,17;14;146;24/nov/25
60951;REFRIG FRUKI GUARANA PET 600ML;17;6;12;1;0,75;1;0,33;0,25;0,47;11,25;26,25;1,75;14;146;24/nov/25
9928688;REFRIG FRUKI GUARANA ZERO PET 2L;2;6;6;16;5,67;11;6,83;7,17;6,14;6,46;18,99;2;14;146;24/nov/25
9928688;REFRIG FRUKI GUARANA ZERO PET 2L;3;6;6;23;5,5;18;9,33;10,17;9,02;4,27;18,23;0;14;146;24/nov/25
9928688;REFRIG FRUKI GUARANA ZERO PET 2L;4;6;6;10;2,83;8;4,33;6,83;5,06;3,92;15;1;14;146;24/nov/25
9928688;REFRIG FRUKI GUARANA ZERO PET 2L;5;6;6;10;1,67;7;3,83;6,83;5,68;2,05;10,68;1;14;146;24/nov/25
9928688;REFRIG FRUKI GUARANA ZERO PET 2L;6;6;6;12;4;9;4,17;3,17;3,03;9,23;30;0;14;146;24/nov/25
9928688;REFRIG FRUKI GUARANA ZERO PET 2L;7;6;6;10;-3,17;11;6,83;8;4,98;-4,45;11,02;2;14;146;24/nov/25
9928688;REFRIG FRUKI GUARANA ZERO PET 2L;8;6;6;10;3,67;7;4;3,33;3,38;7,59;22,07;2;14;146;24/nov/25
9928688;REFRIG FRUKI GUARANA ZERO PET 2L;11;6;6;10;4;7;3,33;6,17;2,96;9,47;26,05;2;14;146;24/nov/25
9928688;REFRIG FRUKI GUARANA ZERO PET 2L;12;6;6;11;5;7;5;6;5,25;6,67;16;2;14;146;24/nov/25
9928688;REFRIG FRUKI GUARANA ZERO PET 2L;13;6;6;7;-1;8;1,83;3;3,42;-2,05;14,32;2;14;146;24/nov/25
9928688;REFRIG FRUKI GUARANA ZERO PET 2L;14;6;6;10;2;6;2,33;8,67;5,41;2,59;10,36;1,83;14;146;24/nov/25
9928688;REFRIG FRUKI GUARANA ZERO PET 2L;18;6;6;18;9;10;5;7,5;5,06;12,46;26,31;2;14;146;24/nov/25
1402253;REFRIG FRUKI LARANJA LT 350ML;5;6;12;2;1,75;0;0,33;0,33;0,29;42;42;2,33;14;146;24/nov/25
1402253;REFRIG FRUKI LARANJA LT 350ML;7;6;12;1;0,75;1;0,42;0,42;0,66;7,94;18,53;3,5;14;146;24/nov/25
1402253;REFRIG FRUKI LARANJA LT 350ML;17;6;12;2;1,92;0;0,08;0;0,14;98,57;98,57;2,33;14;146;24/nov/25
1018342;REFRIG FRUKI LARANJA PET 200ML;2;6;12;4;-0,83;5;4,83;2,08;2,86;-2,04;10,2;2,83;14;146;24/nov/25
1018342;REFRIG FRUKI LARANJA PET 200ML;6;6;12;2;0,67;2;1,75;1,25;1,24;3,75;15;0;14;146;24/nov/25
1018342;REFRIG FRUKI LARANJA PET 200ML;11;6;12;6;5,42;2;4,58;5,5;5,23;7,25;9,93;0;14;146;24/nov/25
1018342;REFRIG FRUKI LARANJA PET 200ML;12;6;12;5;2,42;3;3,58;3,42;2,92;5,8;13;0;14;146;24/nov/25
1018342;REFRIG FRUKI LARANJA PET 200ML;14;6;12;3;2,33;2;2,67;0;0,86;19,09;35,45;0;14;146;24/nov/25
1018342;REFRIG FRUKI LARANJA PET 200ML;17;6;12;4;3,08;4;3,5;0,75;2,08;10,37;23,83;0;14;146;24/nov/25
1018342;REFRIG FRUKI LARANJA PET 200ML;18;6;12;2;0,67;2;1,5;1,08;1,85;2,53;10,11;0;14;146;24/nov/25
17950;REFRIG FRUKI LARANJA PET 2L;2;6;6;11;9,5;0;5,17;3,33;3,58;18,59;18,59;4;14;146;24/nov/25
17950;REFRIG FRUKI LARANJA PET 2L;3;6;6;22;18,17;10;9,67;6,83;4,55;27,95;43,33;0;14;146;24/nov/25
17950;REFRIG FRUKI LARANJA PET 2L;5;6;6;20;12,83;8;8;9,83;7,27;12,35;20,05;5;14;146;24/nov/25
17950;REFRIG FRUKI LARANJA PET 2L;6;6;6;23;21,67;0;8;10,5;7,97;19,02;19,02;2;14;146;24/nov/25
17950;REFRIG FRUKI LARANJA PET 2L;8;6;6;17;12,67;5;3,67;3,83;2,49;35,63;49,69;6;14;146;24/nov/25
17950;REFRIG FRUKI LARANJA PET 2L;11;6;6;10;7,67;0;3,33;0;0,82;65,71;65,71;6;14;146;24/nov/25
17950;REFRIG FRUKI LARANJA PET 2L;12;6;6;9;8,67;0;2,67;4,67;3,38;17,93;17,93;6;14;146;24/nov/25
17950;REFRIG FRUKI LARANJA PET 2L;18;6;6;14;10,17;4;4,33;3,83;3,07;23,16;32,28;6;14;146;24/nov/25
1023173;REFRIG FRUKI LARANJA PET 3L;2;6;4;30;19,5;11;12,5;15,75;15,23;8,97;14,02;12,5;14;146;24/nov/25
1023173;REFRIG FRUKI LARANJA PET 3L;3;6;4;60;60,5;29;13,5;16,75;14,06;30,12;44,56;0;14;146;24/nov/25
1023173;REFRIG FRUKI LARANJA PET 3L;5;6;4;15;10;6;6,5;12,75;8,28;8,45;13,52;0;14;146;24/nov/25
1023173;REFRIG FRUKI LARANJA PET 3L;6;6;4;30;22,25;23;9;17,75;9,86;15,8;32,13;0;14;146;24/nov/25
1023173;REFRIG FRUKI LARANJA PET 3L;7;6;4;15;5,75;10;10;14,75;14,06;2,86;7,84;0;14;146;24/nov/25
1023173;REFRIG FRUKI LARANJA PET 3L;11;6;4;20;7,5;13;9,75;12,5;8,98;5,84;15,97;0;14;146;24/nov/25
1023173;REFRIG FRUKI LARANJA PET 3L;12;6;4;20;14;7;11,25;14;14,18;6,91;10,37;0;14;146;24/nov/25
1023173;REFRIG FRUKI LARANJA PET 3L;13;6;4;20;9,5;11;8,5;10;6,88;9,66;20,85;0;14;146;24/nov/25
1023173;REFRIG FRUKI LARANJA PET 3L;14;6;4;15;12;4;5,75;8;4,26;19,73;26,3;0;14;146;24/nov/25
1023173;REFRIG FRUKI LARANJA PET 3L;17;6;4;15;12,75;5;4;4;7,06;12,64;17,6;0;14;146;24/nov/25
1023173;REFRIG FRUKI LARANJA PET 3L;18;6;4;30;33,5;9;9;12;12,72;18,44;23,39;0;14;146;24/nov/25
1018334;REFRIG FRUKI LARANJINHA PET 200ML;2;6;12;2;1,42;2;1,58;0,25;0,84;11,86;28,6;2,83;14;146;24/nov/25
1018334;REFRIG FRUKI LARANJINHA PET 200ML;6;6;12;2;1,67;0;1,08;0,83;0,84;13,95;13,95;0;14;146;24/nov/25
1018334;REFRIG FRUKI LARANJINHA PET 200ML;7;6;12;1;0,33;2;1,17;0,42;0,56;4,14;28,97;0;14;146;24/nov/25
1018334;REFRIG FRUKI LARANJINHA PET 200ML;11;6;12;2;1,75;1;1,25;0;0,43;28,64;45;0;14;146;24/nov/25
1403384;REFRIG FRUKI LARANJINHA PET 2L;6;6;6;1;0,5;1;1,83;0,83;1,13;3,1;9,31;2;14;146;24/nov/25
1403384;REFRIG FRUKI LARANJINHA PET 2L;7;6;6;2;1,5;1;0,83;1;1,21;8,71;14,52;6;14;146;24/nov/25
1403384;REFRIG FRUKI LARANJINHA PET 2L;11;6;6;2;0,67;2;0,83;1,17;0,62;7,5;30;6;14;146;24/nov/25
1400199;REFRIG FRUKI LIMAO LT 350ML;3;6;12;1;0,83;1;0,42;0,33;0,33;17,65;38,82;3,5;14;146;24/nov/25
1400199;REFRIG FRUKI LIMAO LT 350ML;6;6;12;1;0,5;1;0,58;0,25;0,54;6,43;19,29;1,17;14;146;24/nov/25
1400199;REFRIG FRUKI LIMAO LT 350ML;8;6;12;1;0,67;1;0,92;0,25;0,37;12,63;31,58;2,33;14;146;24/nov/25
1018337;REFRIG FRUKI LIMAO PET 200ML;5;6;12;2;1,83;0;0,25;0,83;0,43;30;30;0;14;146;24/nov/25
1018337;REFRIG FRUKI LIMAO PET 200ML;11;6;12;3;2,42;2;1,58;1,58;1,4;12,08;22,08;0;14;146;24/nov/25
1018337;REFRIG FRUKI LIMAO PET 200ML;14;6;12;2;1,5;0;0,33;1,33;0,62;16,88;16,88;0;14;146;24/nov/25
17920;REFRIG FRUKI LIMAO PET 2L;7;6;6;1;0,83;1;0,5;0;0,47;12,5;27,5;6;14;146;24/nov/25
17920;REFRIG FRUKI LIMAO PET 2L;8;6;6;2;0,5;2;2,17;1,17;1,13;3,1;15,52;6;14;146;24/nov/25
17920;REFRIG FRUKI LIMAO PET 2L;14;6;6;2;1,5;2;1;2,33;2,06;5,09;11,89;6;14;146;24/nov/25
1018340;REFRIG FRUKI UVA PET 200ML;2;6;12;4;1,17;4;2,33;1,83;1,58;5,19;22,96;2,83;14;146;24/nov/25
1018340;REFRIG FRUKI UVA PET 200ML;11;6;12;3;0,83;3;2,92;1,42;2,78;2,1;9,65;0;14;146;24/nov/25
1018340;REFRIG FRUKI UVA PET 200ML;18;6;12;2;0,92;2;1,5;0,58;0,95;6,73;21,43;0;14;146;24/nov/25
55626;REFRIG FRUKI UVA PET 2L;3;6;6;5;2;4;3,67;3;2,76;5,07;15,21;0;14;146;24/nov/25
55626;REFRIG FRUKI UVA PET 2L;4;6;6;2;1,17;2;1,5;0,83;0,66;12,35;33,53;6;14;146;24/nov/25
55626;REFRIG FRUKI UVA PET 2L;5;6;6;2;1;2;2;1,17;1,32;5,29;15,88;5;14;146;24/nov/25
3795;REFRIG PEPSI 600ML;1;6;12;2;1,75;0;0,25;0,92;0,58;21;21;2,33;14;146;24/nov/25
3795;REFRIG PEPSI 600ML;3;6;12;7;3,58;4;3,42;1;1,07;23,45;49,64;5,25;14;146;24/nov/25
3795;REFRIG PEPSI 600ML;8;6;12;3;2,08;2;0,92;1,17;1,23;11,9;23,33;1,75;14;146;24/nov/25
3795;REFRIG PEPSI 600ML;11;6;12;5;2,83;0;3,08;0;1,19;16,72;16,72;1,17;14;146;24/nov/25
3795;REFRIG PEPSI 600ML;13;6;12;3;1,33;3;2,67;0;1,54;6,08;19,75;1,75;14;146;24/nov/25
1004062;REFRIG PEPSI BLACK LT 350ML;3;6;12;69;70,33;20;19,33;21,17;18,39;26,77;34,38;7;14;146;24/nov/25
1004062;REFRIG PEPSI BLACK LT 350ML;5;6;12;5;4,17;0;1,67;1,25;1,3;22,39;22,39;2,33;14;146;24/nov/25
1004062;REFRIG PEPSI BLACK LT 350ML;6;6;12;18;17,33;0;0,83;1,08;1,5;81,04;81,04;4,67;14;146;24/nov/25
1004062;REFRIG PEPSI BLACK LT 350ML;7;6;12;3;2,83;0;0,25;2,58;0,93;21,25;21,25;2,33;14;146;24/nov/25
1004062;REFRIG PEPSI BLACK LT 350ML;8;6;12;5;4,92;0;0,83;0,83;0,84;41,16;41,16;2,33;14;146;24/nov/25
1004062;REFRIG PEPSI BLACK LT 350ML;12;6;12;11;6,83;5;4,42;2,83;3,01;15,87;27,48;2,33;14;146;24/nov/25
1004062;REFRIG PEPSI BLACK LT 350ML;13;6;12;22;20,17;0;2,5;4,08;3,15;44,81;44,81;2,33;14;146;24/nov/25
1004062;REFRIG PEPSI BLACK LT 350ML;14;6;12;10;8,67;3;10,17;7,58;7,19;8,43;11,35;2,33;14;146;24/nov/25
1007009;REFRIG PEPSI BLACK PET 200ML;1;6;12;4;2,67;0;1,17;1,33;1,09;17,14;17,14;4,25;14;146;24/nov/25
1007009;REFRIG PEPSI BLACK PET 200ML;6;6;12;7;10;0;1,33;2,67;1,67;41,86;41,86;4,25;14;146;24/nov/25
1007009;REFRIG PEPSI BLACK PET 200ML;12;6;12;9;8,08;0;1;4,42;3,23;17,53;17,53;2,83;14;146;24/nov/25
1007009;REFRIG PEPSI BLACK PET 200ML;14;6;12;10;5,17;9;6,42;2,33;4,28;8,45;23,18;2,83;14;146;24/nov/25
1007009;REFRIG PEPSI BLACK PET 200ML;18;6;12;10;9,75;1;1,17;0;0,74;92,37;101,84;2,83;14;146;24/nov/25
1402672;REFRIG PEPSI BLACK PET 2L;2;6;8;40;34;26;8,13;26,63;15,25;15,6;27,53;6;14;146;24/nov/25
1402672;REFRIG PEPSI BLACK PET 2L;5;6;8;10;5,75;6;7,13;6,25;5,6;7,19;14,69;0;14;146;24/nov/25
1402672;REFRIG PEPSI BLACK PET 2L;7;6;8;10;8,63;3;3,38;7,13;5,75;10,51;14,16;3;14;146;24/nov/25
1402672;REFRIG PEPSI BLACK PET 2L;8;6;8;10;8,38;0;3,88;4,25;3,47;16,89;16,89;3;14;146;24/nov/25
1402672;REFRIG PEPSI BLACK PET 2L;11;6;8;20;13,75;0;6,25;6,88;5,98;16,1;16,1;0;14;146;24/nov/25
1402672;REFRIG PEPSI BLACK PET 2L;12;6;8;40;29,5;0;8,13;8;4,7;43,98;43,98;0;14;146;24/nov/25
1402672;REFRIG PEPSI BLACK PET 2L;13;6;8;40;25,75;0;17,63;14,63;15,08;11,95;11,95;0;14;146;24/nov/25
1402672;REFRIG PEPSI BLACK PET 2L;17;6;8;40;25,13;35;14,13;18,63;13,68;12,86;30,77;0;14;146;24/nov/25
1019487;REFRIG PEPSI BLACK PET 600ML;1;1;12;1;0,08;2;0;0,67;0,31;1,88;46,88;0;14;146;24/nov/25
1019487;REFRIG PEPSI BLACK PET 600ML;3;6;12;2;0,67;1;2,33;0;0,54;8,57;21,43;0;14;146;24/nov/25
1019487;REFRIG PEPSI BLACK PET 600ML;8;1;12;1;-0,25;2;1;0,33;0,31;-5,63;39,38;0;14;146;24/nov/25
1403033;REFRIG PEPSI COLA PET 200ML;3;6;12;63;56,75;7;6,75;9,25;8,65;45,91;51,57;8,5;14;146;24/nov/25
1403033;REFRIG PEPSI COLA PET 200ML;4;1;12;20;18,58;0;2,5;0,92;2,72;47,79;47,79;2,83;14;146;24/nov/25
1403033;REFRIG PEPSI COLA PET 200ML;6;1;12;23;37,5;0;1,5;6,5;2,92;90;90;8,5;14;146;24/nov/25
1403033;REFRIG PEPSI COLA PET 200ML;7;1;12;20;17,17;0;2;3,25;2,82;42,62;42,62;5,67;14;146;24/nov/25
1403033;REFRIG PEPSI COLA PET 200ML;8;6;12;20;16,17;5;3,83;1,42;2,9;39,06;51,14;5,67;14;146;24/nov/25
1403033;REFRIG PEPSI COLA PET 200ML;11;1;12;20;15,5;0;5,5;0;2,66;40,73;40,73;5,67;14;146;24/nov/25
1403033;REFRIG PEPSI COLA PET 200ML;12;1;12;21;20,83;0;3,17;7,42;5,25;27,78;27,78;5,67;14;146;24/nov/25
1403033;REFRIG PEPSI COLA PET 200ML;14;6;12;24;7,58;17;5,33;17,67;6,67;7,96;25,8;5,67;14;146;24/nov/25
1403033;REFRIG PEPSI COLA PET 200ML;17;1;12;51;43,33;0;1,42;10,25;4,96;61,18;61,18;5,67;14;146;24/nov/25
1403033;REFRIG PEPSI COLA PET 200ML;18;1;12;19;18,75;1;1,25;0;1,01;129,81;136,73;5,67;14;146;24/nov/25
3602;REFRIG PEPSI LT 350ML;2;6;12;15;10,92;0;6;2,75;4,57;16,72;16,72;4,67;14;146;24/nov/25
3602;REFRIG PEPSI LT 350ML;3;6;12;53;42,5;11;11,5;14,25;9,26;32,14;40,46;3,5;14;146;24/nov/25
3602;REFRIG PEPSI LT 350ML;4;6;12;10;9;0;2;3,5;2,04;30,86;30,86;2,33;14;146;24/nov/25
3602;REFRIG PEPSI LT 350ML;5;6;12;10;9,25;0;1,08;1;1,13;57,41;57,41;4,67;14;146;24/nov/25
3602;REFRIG PEPSI LT 350ML;6;6;12;15;14,25;0;2;3,5;2,12;47,06;47,06;4,67;14;146;24/nov/25
3602;REFRIG PEPSI LT 350ML;7;6;12;10;3,25;8;5,17;2,67;2,45;9,29;32,14;4,67;14;146;24/nov/25
3602;REFRIG PEPSI LT 350ML;12;6;12;28;24,33;0;3,33;1,25;3,93;43,37;43,37;4,67;14;146;24/nov/25
3602;REFRIG PEPSI LT 350ML;14;6;12;10;16,83;0;4,83;6,5;4,98;23,67;23,67;4,67;14;146;24/nov/25
3602;REFRIG PEPSI LT 350ML;18;6;12;22;20,42;3;2,75;2,67;3,97;36,03;41,32;4,67;14;146;24/nov/25
3666;REFRIG PEPSI PET 2L;2;6;8;100;71,88;75;22,63;27,5;17,27;29,14;59,54;24;14;146;24/nov/25
3666;REFRIG PEPSI PET 2L;5;6;8;41;29,13;0;6,38;9,38;5,75;35,48;35,48;6;14;146;24/nov/25
3666;REFRIG PEPSI PET 2L;7;6;8;41;30,38;0;5;9,63;5,45;38,98;38,98;12;14;146;24/nov/25
3666;REFRIG PEPSI PET 2L;8;6;8;23;13,88;16;7,13;7,63;6,3;15,42;33,19;4,5;14;146;24/nov/25
3666;REFRIG PEPSI PET 2L;11;6;8;100;90,13;75;15,75;15,88;11,99;52,63;96,42;30;14;146;24/nov/25
3666;REFRIG PEPSI PET 2L;13;6;8;45;41;0;12,25;8;8,58;33,47;33,47;30;14;146;24/nov/25
3666;REFRIG PEPSI PET 2L;18;6;8;38;29;10;11,13;10,13;8,93;22,75;30,59;30;14;146;24/nov/25
1403292;REFRIG PEPSI PET 3L;7;6;4;20;3;21;0;0;4,9;4,29;34,29;13,75;14;146;24/nov/25
1403292;REFRIG PEPSI PET 3L;8;6;4;20;-1;21;0;0;1,4;-5;100;13,75;14;146;24/nov/25
1403292;REFRIG PEPSI PET 3L;12;6;4;52;18,5;34;12,5;9;8,81;14,7;41,72;13,75;14;146;24/nov/25
1403292;REFRIG PEPSI PET 3L;13;6;4;119;20;35;25;33;24,21;5,78;15,9;13,75;14;146;24/nov/25
1403292;REFRIG PEPSI PET 3L;18;6;4;122;1,5;35;35,25;34,5;29,46;0,36;8,67;13,75;14;146;24/nov/25
96385;REFRIG PEPSI TWIST PET 2L;3;6;8;15;4,75;14;11,25;0;4,38;7,6;30;0;14;146;24/nov/25
96385;REFRIG PEPSI TWIST PET 2L;13;6;8;10;7,75;0;4,25;8,13;4,75;11,41;11,41;3;14;146;24/nov/25
96385;REFRIG PEPSI TWIST PET 2L;14;6;8;10;7;4;4,13;7,63;5,05;9,71;15,26;3;14;146;24/nov/25
9955011;REFRIG SARANDI GUARANA 1,5L;2;6;8;75;46,13;51;29,75;29,75;24,68;13,09;27,55;6;14;146;24/nov/25
9955011;REFRIG SARANDI GUARANA 1,5L;3;6;8;55;43,63;12;20;42,88;39;7,83;9,99;0;14;146;24/nov/25
9955011;REFRIG SARANDI GUARANA 1,5L;4;6;8;32;25,25;8;12,25;11,75;20,71;8,54;11,24;3;14;146;24/nov/25
9955011;REFRIG SARANDI GUARANA 1,5L;7;6;8;30;9,88;21;21,38;28,13;23,39;2,96;9,24;1,5;14;146;24/nov/25
9955011;REFRIG SARANDI GUARANA 1,5L;8;6;8;20;14,63;6;7,88;11,25;10,3;9,94;14,02;1,5;14;146;24/nov/25
9955011;REFRIG SARANDI GUARANA 1,5L;11;6;8;112,5;103;75;50,75;130,5;140,99;5,11;8,84;4,5;14;146;24/nov/25
9955011;REFRIG SARANDI GUARANA 1,5L;13;6;8;63;60,63;0;17,25;25,88;29,31;14,48;14,48;4,5;14;146;24/nov/25
9955011;REFRIG SARANDI GUARANA 1,5L;14;6;8;25;22,38;0;15,5;14,13;15,02;10,43;10,43;1,5;14;146;24/nov/25
9955011;REFRIG SARANDI GUARANA 1,5L;17;6;8;24;17,25;8;8,63;19,5;16,68;7,24;10,59;4,5;14;146;24/nov/25
9955011;REFRIG SARANDI GUARANA 1,5L;18;6;8;60;42,38;17;35,5;26,13;50,52;5,87;8,23;4,5;14;146;24/nov/25
9955073;REFRIG SARANDI GUARANA ZERO 1,5L;3;6;8;11;11,25;6;6,88;8,63;8,98;8,77;13,44;0;14;146;24/nov/25
9955073;REFRIG SARANDI GUARANA ZERO 1,5L;7;6;8;3;2,13;2;2;1,25;2,07;7,18;13,94;0,75;14;146;24/nov/25
9955073;REFRIG SARANDI GUARANA ZERO 1,5L;12;6;8;7;6,25;2;5,13;5;7,12;6,15;8,11;1,5;14;146;24/nov/25
1403067;REFRIG SCHWEPPES CITRUS ORIG LT 350ML;3;6;6;8;4,17;5;5,83;5,17;4,47;6,52;14,35;7;14;146;24/nov/25
1403067;REFRIG SCHWEPPES CITRUS ORIG LT 350ML;6;6;6;2;1,5;0;0,67;0,33;0,7;15;15;2,33;14;146;24/nov/25
1403067;REFRIG SCHWEPPES CITRUS ORIG LT 350ML;8;6;6;2;1,67;4;0,83;1;0,93;12,5;42,5;9,33;14;146;24/nov/25
1403067;REFRIG SCHWEPPES CITRUS ORIG LT 350ML;14;6;6;3;1,33;4;3;2;2,84;3,29;13,15;9,33;14;146;24/nov/25
82055;REFRIG SCHWEPPES CITRUS S/A LT 350ML;2;6;6;2;1,5;0;0,5;1;0,66;15,88;15,88;0;14;146;24/nov/25
82055;REFRIG SCHWEPPES CITRUS S/A LT 350ML;5;6;6;2;1,17;2;0,67;0,83;0,78;10,5;28,5;4,67;14;146;24/nov/25
82055;REFRIG SCHWEPPES CITRUS S/A LT 350ML;6;6;6;2;1,33;0;0,33;0;0,08;120;120;0;14;146;24/nov/25
82055;REFRIG SCHWEPPES CITRUS S/A LT 350ML;7;6;6;2;1,5;0;0;0;0,12;90;90;0;14;146;24/nov/25
82055;REFRIG SCHWEPPES CITRUS S/A LT 350ML;17;6;6;2;1;2;1;0;0,47;15;45;9,33;14;146;24/nov/25
12855;REFRIG SODA LIMONADA PET 2L;7;6;8;2;1;2;1;1,38;0,73;9,6;28,8;2,25;14;146;24/nov/25
12855;REFRIG SODA LIMONADA PET 2L;11;6;8;2;-0,25;3;3,63;1,25;1,46;-1,2;13,2;2,25;14;146;24/nov/25
12855;REFRIG SODA LIMONADA PET 2L;13;6;8;2;1,13;2;0,75;0,75;0,61;12,86;35,71;2,25;14;146;24/nov/25
12855;REFRIG SODA LIMONADA PET 2L;17;6;8;2;0,5;2;1,5;1,25;1,05;3,33;16,67;2,25;14;146;24/nov/25
12855;REFRIG SODA LIMONADA PET 2L;18;6;8;2;1,88;0;0,63;0,25;0,47;28,13;28,13;2,25;14;146;24/nov/25
1403137;REFRIG SPRITE FRESH LIMAO 1,5L;3;6;6;4;3,5;1;1,83;2,83;1,98;12,35;15,88;0;14;146;24/nov/25
1403137;REFRIG SPRITE FRESH LIMAO 1,5L;4;6;6;4;3,33;2;1,33;3,83;2,61;8,96;14,33;3;14;146;24/nov/25
1403137;REFRIG SPRITE FRESH LIMAO 1,5L;8;6;6;2;1,5;0;0;1;0,35;30;30;0;14;146;24/nov/25
1403137;REFRIG SPRITE FRESH LIMAO 1,5L;17;6;6;2;1,17;2;1,17;0,67;0,89;9,13;24,78;6;14;146;24/nov/25
1403137;REFRIG SPRITE FRESH LIMAO 1,5L;18;6;6;2;1,33;2;0,67;1,5;0,86;10,91;27,27;6;14;146;24/nov/25
1403093;REFRIG SPRITE FRESH LIMAO 510ML;2;6;12;4;3,17;2;1,42;4,25;2,92;7,6;12,4;1,75;14;146;24/nov/25
1403093;REFRIG SPRITE FRESH LIMAO 510ML;3;6;12;5;3,92;2;2;4,25;1,87;14,69;22,19;1,75;14;146;24/nov/25
1403093;REFRIG SPRITE FRESH LIMAO 510ML;4;6;12;1,5;1,17;0;0,58;1,33;0,76;10,77;10,77;1,17;14;146;24/nov/25
1403093;REFRIG SPRITE FRESH LIMAO 510ML;6;6;12;1,5;0,58;2;0,67;0,5;0,33;12,35;54,71;1,75;14;146;24/nov/25
1403093;REFRIG SPRITE FRESH LIMAO 510ML;7;6;12;1,5;1,42;0;0,75;1,17;0,72;13,78;13,78;1,75;14;146;24/nov/25
1403093;REFRIG SPRITE FRESH LIMAO 510ML;8;6;12;1,5;1,33;0;0,25;0,67;0,58;16;16;1,75;14;146;24/nov/25
1403046;REFRIG SPRITE LT 220ML;3;6;6;9;6,5;3;3,17;2,5;1,79;25,43;37,17;0;14;146;24/nov/25
1403046;REFRIG SPRITE LT 220ML;8;6;6;3;2,33;1;0,83;1,5;1,44;11,35;16,22;5,33;14;146;24/nov/25
1403046;REFRIG SPRITE LT 220ML;13;6;6;12;5,83;7;7,67;6,5;4,74;8,61;18,93;0;14;146;24/nov/25
1403046;REFRIG SPRITE LT 220ML;17;6;6;12;8,17;0;5,5;8,5;5,21;10,97;10,97;0;14;146;24/nov/25
3625;REFRIG SPRITE LT 350ML;2;6;6;10;7,83;3;3;4,33;4,28;12,82;17,73;4,67;14;146;24/nov/25
3625;REFRIG SPRITE LT 350ML;5;6;6;3;1,5;2;1,67;1;1,24;8,44;19,69;9,33;14;146;24/nov/25
3625;REFRIG SPRITE LT 350ML;6;6;6;6;5,33;0;4;5;3,66;10,21;10,21;2,33;14;146;24/nov/25
3625;REFRIG SPRITE LT 350ML;8;6;6;3;6,5;4;2;5,33;3,31;13,76;22,24;4,67;14;146;24/nov/25
3625;REFRIG SPRITE LT 350ML;13;6;6;8;6,83;0;4,83;5,83;4,47;10,7;10,7;4,67;14;146;24/nov/25
3625;REFRIG SPRITE LT 350ML;18;6;6;4;3;2;1;0,5;0,78;27;45;2,33;14;146;24/nov/25
1403043;REFRIG SPRITE PET 200ML;2;6;12;8;5;4;4,67;9,67;7,39;4,74;8,53;5,67;14;146;24/nov/25
1403043;REFRIG SPRITE PET 200ML;3;6;12;15;15,58;6;8,83;8,17;8,65;12,61;17,46;4,25;14;146;24/nov/25
1403043;REFRIG SPRITE PET 200ML;6;6;12;8;3,67;5;16,58;3,5;7,27;3,53;8,34;8,5;14;146;24/nov/25
1403043;REFRIG SPRITE PET 200ML;7;6;12;2;1,42;2;2,67;0,08;2,26;4,4;10,6;5,67;14;146;24/nov/25
1403043;REFRIG SPRITE PET 200ML;8;6;12;2;0,5;2;2,58;0,75;1,52;2,31;11,54;5,67;14;146;24/nov/25
1403043;REFRIG SPRITE PET 200ML;13;6;12;10;2,33;9;9;4,83;6,14;2,66;12,91;5,67;14;146;24/nov/25
1403043;REFRIG SPRITE PET 200ML;14;6;12;2;1,17;3;2;0;1,67;4,88;17,44;5,67;14;146;24/nov/25
1403043;REFRIG SPRITE PET 200ML;17;6;12;10;7,17;4;4,17;6,75;6,88;7,29;11,36;5,67;14;146;24/nov/25
1403043;REFRIG SPRITE PET 200ML;18;6;12;10;9;2;1,75;0,92;3,11;20,25;24,75;5,67;14;146;24/nov/25
3619;REFRIG SPRITE PET 2L;1;6;8;10;5,13;5;4,25;3,88;3,76;9,53;18,84;1,5;14;146;24/nov/25
3619;REFRIG SPRITE PET 2L;3;6;8;100;172,63;121;46,75;41,38;39,43;30,64;52,12;154,13;14;146;24/nov/25
3619;REFRIG SPRITE PET 2L;4;6;8;15;4,38;18;10,63;5,38;8,05;3,8;19,46;4,5;14;146;24/nov/25
3619;REFRIG SPRITE PET 2L;5;6;8;15;4,13;19;11,75;9,88;8,52;3,39;19,01;3;14;146;24/nov/25
3619;REFRIG SPRITE PET 2L;6;6;8;70;33;46;23,13;25,38;18,35;12,59;30,14;1,5;14;146;24/nov/25
3619;REFRIG SPRITE PET 2L;7;6;8;15;4,63;22;9,75;13,38;10,12;3,2;18,41;4,5;14;146;24/nov/25
3619;REFRIG SPRITE PET 2L;8;6;8;15;12,25;9;10,5;7,88;8,37;10,24;17,77;4,5;14;146;24/nov/25
3619;REFRIG SPRITE PET 2L;11;6;8;45;36,63;22;20,75;30;25,52;10,05;16,08;4,5;14;146;24/nov/25
3619;REFRIG SPRITE PET 2L;12;6;8;60;28,75;45;18,88;19,13;23,48;8,57;21,99;6,75;14;146;24/nov/25
3619;REFRIG SPRITE PET 2L;13;6;8;60;33,5;33;15,13;20,25;16,86;13,91;27,61;4,5;14;146;24/nov/25
3619;REFRIG SPRITE PET 2L;14;6;8;30;25;0;8,75;12,25;14,29;12,24;12,24;4,5;14;146;24/nov/25
3619;REFRIG SPRITE PET 2L;17;6;8;60;5,13;61;34,13;37,38;31,79;1,13;14,56;4,5;14;146;24/nov/25
3619;REFRIG SPRITE PET 2L;18;6;8;60;53,38;14;7,5;10,5;10,35;36,08;45,55;4,5;14;146;24/nov/25
5898;REFRIG SPRITE PET 600ML;4;6;6;10;5;6;19,83;11,5;10,23;3,42;7,53;2,33;14;146;24/nov/25
5898;REFRIG SPRITE PET 600ML;5;6;6;8;5,83;0;3,33;6;3,66;11,17;11,17;2,33;14;146;24/nov/25
5898;REFRIG SPRITE PET 600ML;11;6;6;12;3;10;28,83;18,83;14,31;1,47;6,36;2,33;14;146;24/nov/25
5898;REFRIG SPRITE PET 600ML;12;6;6;12;3,67;9;11,67;4,17;7,39;3,47;12;3,5;14;146;24/nov/25
5898;REFRIG SPRITE PET 600ML;13;6;6;12;8,5;4;5,17;6,83;8,83;6,74;9,91;3,5;14;146;24/nov/25
5898;REFRIG SPRITE PET 600ML;18;6;6;12;7;6;6,17;7,5;3,81;12,86;23,88;2,33;14;146;24/nov/25
1403080;REFRIG SPRITE ZERO ACUCAR PET 2L;3;6;8;6;0,25;2;7,75;6,25;4,93;0,36;3,2;0;14;146;24/nov/25
1403080;REFRIG SPRITE ZERO ACUCAR PET 2L;5;6;8;2;0,38;3;2,63;0;1,55;1,7;15,28;3,75;14;146;24/nov/25
1403080;REFRIG SPRITE ZERO ACUCAR PET 2L;7;6;8;2;0,38;3;1,75;1,25;1,08;2,43;21,89;0;14;146;24/nov/25
1403080;REFRIG SPRITE ZERO ACUCAR PET 2L;12;6;8;3;0;4;4;1;1,87;0;15;0;14;146;24/nov/25
1403080;REFRIG SPRITE ZERO ACUCAR PET 2L;14;6;8;3;0,88;3;6,25;1,13;3,33;1,84;8,16;2,25;14;146;24/nov/25
1403080;REFRIG SPRITE ZERO ACUCAR PET 2L;17;6;8;3;2,75;0;1,25;3;1,93;10;10;4,5;14;146;24/nov/25
1403080;REFRIG SPRITE ZERO ACUCAR PET 2L;18;6;8;3;0,5;1;3,5;0,13;2,68;1,3;3,91;4,5;14;146;24/nov/25
3598;REFRIG SUKITA LT 350ML;11;6;12;2;1,67;0;0,58;0,58;0,29;40;40;1,17;14;146;24/nov/25
3598;REFRIG SUKITA LT 350ML;13;6;12;2;1,5;0;0,17;0,17;0,25;41,54;41,54;2,33;14;146;24/nov/25
9918566;REFRIG SUKITA UVA PET 2L;3;6;8;13;11,13;3;3;3,63;2,57;30,34;38,52;0;14;146;24/nov/25
9918566;REFRIG SUKITA UVA PET 2L;8;6;8;3;2,75;0;0,38;0,5;0,38;50,77;50,77;2,25;14;146;24/nov/25
9918566;REFRIG SUKITA UVA PET 2L;12;6;8;8;6,5;0;2;2,25;1,69;26,9;26,9;2,25;14;146;24/nov/25
9918566;REFRIG SUKITA UVA PET 2L;14;6;8;5;4,25;2;0,88;1,5;0,64;46,36;68,18;2,25;14;146;24/nov/25
9918566;REFRIG SUKITA UVA PET 2L;17;6;8;5;3,88;2;1,63;0,25;2,68;10,11;15,33;2,25;14;146;24/nov/25
9918566;REFRIG SUKITA UVA PET 2L;18;6;8;7;6,63;1;1,5;1;1,34;34,57;39,78;2,25;14;146;24/nov/25
1010441;REFRESCO CLIGHT ABACAXI 8G;2;6;150;2;1,81;0;0,3;0,21;0,19;67,19;67,19;1,33;14;147;24/nov/25
1010441;REFRESCO CLIGHT ABACAXI 8G;3;6;150;2;1,02;2;0;0;0,14;49,35;146,13;0,67;14;147;24/nov/25
1010441;REFRESCO CLIGHT ABACAXI 8G;4;6;150;1;-0,57;2;0,01;0,02;0,07;-53,13;134,38;0;14;147;24/nov/25
1010441;REFRESCO CLIGHT ABACAXI 8G;5;6;150;2;-0,23;3;0,15;0,08;0,07;-21,7;265,53;0;14;147;24/nov/25
1010441;REFRESCO CLIGHT ABACAXI 8G;6;6;150;1;-0,19;2;0,03;0,08;0,11;-11,83;114,93;0,67;14;147;24/nov/25
1010441;REFRESCO CLIGHT ABACAXI 8G;7;6;150;1;0,77;0;0,19;0,09;0,09;57,5;57,5;0,67;14;147;24/nov/25
1010441;REFRESCO CLIGHT ABACAXI 8G;8;6;150;1;2,01;2;0,05;0,02;0,03;430;858,57;0,67;14;147;24/nov/25
1010441;REFRESCO CLIGHT ABACAXI 8G;11;6;150;2;0,63;2;0,01;0,01;0,04;108,46;454,62;1,33;14;147;24/nov/25
1010441;REFRESCO CLIGHT ABACAXI 8G;12;6;150;2;0,09;3;0,11;0,09;0,09;6,72;239,48;1,33;14;147;24/nov/25
1010441;REFRESCO CLIGHT ABACAXI 8G;13;6;150;1;0,13;2;0,11;0,11;0,16;5,48;92,02;1,33;14;147;24/nov/25
1010441;REFRESCO CLIGHT ABACAXI 8G;14;6;150;1;0,17;2;0,09;0,26;0,14;8,43;109,55;0;14;147;24/nov/25
1010441;REFRESCO CLIGHT ABACAXI 8G;17;6;150;1;0,79;0;0,23;0,28;0,28;19,67;19,67;0,67;14;147;24/nov/25
1010441;REFRESCO CLIGHT ABACAXI 8G;18;6;150;1;0,25;2;0,21;0,19;0,18;9,82;89,47;2;14;147;24/nov/25
1010710;REFRESCO CLIGHT LARANJA 8G;2;6;150;2;0,09;3;0,06;0,1;0,1;6,19;220,48;1,33;14;147;24/nov/25
1010710;REFRESCO CLIGHT LARANJA 8G;4;6;150;1;-0,68;2;0,01;0,04;0,09;-53,68;104,21;1,33;14;147;24/nov/25
1010710;REFRESCO CLIGHT LARANJA 8G;5;6;150;1;-0,25;2;0,17;0,11;0,09;-19,14;136,03;1,33;14;147;24/nov/25
1010710;REFRESCO CLIGHT LARANJA 8G;6;6;150;2;1,81;0;0,12;0,17;0,07;184,77;184,77;1,33;14;147;24/nov/25
1010710;REFRESCO CLIGHT LARANJA 8G;8;6;150;1;0,09;2;0,09;0,05;0,07;8,3;199,79;1,33;14;147;24/nov/25
1010710;REFRESCO CLIGHT LARANJA 8G;11;6;150;1;-0,05;2;0,07;0,12;0,1;-3,64;132,73;1,33;14;147;24/nov/25
1010710;REFRESCO CLIGHT LARANJA 8G;12;6;150;2;1,39;0;0,04;0,03;0,06;169,46;169,46;1,33;14;147;24/nov/25
1010710;REFRESCO CLIGHT LARANJA 8G;13;6;150;1;0,67;0;0,39;0,2;0,24;19,42;19,42;1,33;14;147;24/nov/25
1010710;REFRESCO CLIGHT LARANJA 8G;14;6;150;1;0,79;0;0,02;0,04;0,04;142,8;142,8;1,33;14;147;24/nov/25
1010710;REFRESCO CLIGHT LARANJA 8G;17;6;150;2;1,52;0;0,32;0,81;0,52;20,48;20,48;2;14;147;24/nov/25
1010443;REFRESCO CLIGHT LIMONADA 8G;2;6;150;1;0,69;0;0,05;0,17;0,08;61,18;61,18;0,67;14;147;24/nov/25
1010443;REFRESCO CLIGHT LIMONADA 8G;3;6;150;1;0,02;2;0;0,03;0,1;1,34;135,67;1,33;14;147;24/nov/25
1010443;REFRESCO CLIGHT LIMONADA 8G;6;6;150;1;0,65;1;0,13;0,05;0,09;53,45;135,27;1,33;14;147;24/nov/25
1010443;REFRESCO CLIGHT LIMONADA 8G;7;6;150;1;0,42;1;0,15;0,08;0,07;41,09;138,91;1,33;14;147;24/nov/25
1010443;REFRESCO CLIGHT LIMONADA 8G;8;6;150;1;2,24;2;0,1;0,15;0,07;210;397,5;1,33;14;147;24/nov/25
1010443;REFRESCO CLIGHT LIMONADA 8G;12;6;150;1;0;2;0,05;0,08;0,09;0;163,64;0,67;14;147;24/nov/25
1010443;REFRESCO CLIGHT LIMONADA 8G;13;6;150;2;0,09;3;0;0;0,06;10,24;339,51;1,33;14;147;24/nov/25
1010443;REFRESCO CLIGHT LIMONADA 8G;17;6;150;1;0,31;2;0,11;0,1;0,07;29,38;216,88;1,33;14;147;24/nov/25
1010443;REFRESCO CLIGHT LIMONADA 8G;18;6;150;1;0,53;1;0,18;0,13;0,19;19,75;57,25;0;14;147;24/nov/25
1010477;REFRESCO CLIGHT MORANGO 8G;4;6;150;2;0,97;1;0,13;0,12;0,09;76,32;155,26;1,33;14;147;24/nov/25
1010477;REFRESCO CLIGHT MORANGO 8G;14;6;150;2;1;1;0;0;0;;;1,33;14;147;24/nov/25
1010477;REFRESCO CLIGHT MORANGO 8G;18;6;150;4;2,04;0;0;0,05;0,03;437,14;437,14;4;14;147;24/nov/25
8026;REFRESCO CLIGHT TANGERINA 8G;2;6;150;2;1,33;0;0,02;0,07;0,06;157,89;157,89;1,33;14;147;24/nov/25
8026;REFRESCO CLIGHT TANGERINA 8G;3;6;150;1;0,15;2;0,37;0,65;0,41;2,53;37,01;1,33;14;147;24/nov/25
8026;REFRESCO CLIGHT TANGERINA 8G;6;6;150;2;0,18;3;0,01;0,04;0,05;27;477;1,33;14;147;24/nov/25
8026;REFRESCO CLIGHT TANGERINA 8G;8;6;150;2;3,18;3;0,03;0,01;0,03;681,43;1.324,29;1,33;14;147;24/nov/25
8026;REFRESCO CLIGHT TANGERINA 8G;11;6;150;1;0,73;1;0,01;0,02;0,02;297,27;706,36;1,33;14;147;24/nov/25
8026;REFRESCO CLIGHT TANGERINA 8G;12;6;150;2;1,35;0;0,01;0,03;0,03;356,47;356,47;1,33;14;147;24/nov/25
8026;REFRESCO CLIGHT TANGERINA 8G;13;6;150;2;0,31;3;0,16;0,04;0,06;34,39;363,66;1,33;14;147;24/nov/25
8026;REFRESCO CLIGHT TANGERINA 8G;14;6;150;1;0,57;1;0,05;0,07;0,08;48,68;133,58;1,33;14;147;24/nov/25
8026;REFRESCO CLIGHT TANGERINA 8G;17;6;150;2;1,92;0;0,12;0,18;0,1;137,14;137,14;1,33;14;147;24/nov/25
1010476;REFRESCO CLIGHT UVA 8G;4;6;150;2;1,95;0;0,23;0,13;0,16;83,43;83,43;1,33;14;147;24/nov/25
1010476;REFRESCO CLIGHT UVA 8G;6;6;150;2;0,97;2;0;0,13;0,08;83,65;256,73;1,33;14;147;24/nov/25
1010476;REFRESCO CLIGHT UVA 8G;7;6;150;2;1,51;0;0,01;0,05;0,02;619,09;619,09;1,33;14;147;24/nov/25
1010476;REFRESCO CLIGHT UVA 8G;12;6;150;1;0,97;0;0,03;0,02;0,02;312,86;312,86;1,33;14;147;24/nov/25
1010476;REFRESCO CLIGHT UVA 8G;14;6;150;2;1,65;1;0,06;0,08;0,07;154,38;248,13;1,33;14;147;24/nov/25
1010476;REFRESCO CLIGHT UVA 8G;18;6;150;4;2;3;0;0;0;;;4;14;147;24/nov/25
1017924;REFRESCO FRISCO LARANJA C/ ACEROLA 18G;2;6;180;2;0,76;1;0,72;0,04;0,18;29,35;68,2;1,11;14;147;24/nov/25
1017933;REFRESCO FRISCO MANGA 18G;7;6;180;1;0,64;1;0,62;0,34;0,3;15,13;38,82;1,11;14;147;24/nov/25
1004288;REFRESCO GLUP ABACAXI 15G;4;6;60;10;9,45;0;1,82;2,97;2,91;22,71;22,71;10;14;147;24/nov/25
1004288;REFRESCO GLUP ABACAXI 15G;6;6;60;19;14,63;5;5,55;5,45;7,15;14,33;19,23;10;14;147;24/nov/25
1004288;REFRESCO GLUP ABACAXI 15G;7;6;60;20;13,77;7;7,92;10,75;8,35;11,55;17,42;10;14;147;24/nov/25
1004288;REFRESCO GLUP ABACAXI 15G;11;6;60;10;6,2;5;3,68;3;4,75;9,13;16,5;10;14;147;24/nov/25
1004288;REFRESCO GLUP ABACAXI 15G;13;6;60;10;8,18;0;1,87;3;2,39;23,99;23,99;10;14;147;24/nov/25
1004288;REFRESCO GLUP ABACAXI 15G;18;6;60;20;19,25;0;2,67;2,85;3,1;43,53;43,53;20;14;147;24/nov/25
1004294;REFRESCO GLUP GUARANA 15G;13;6;60;5;4,88;0;0,82;0,73;1,07;32,08;32,08;5;14;147;24/nov/25
1004294;REFRESCO GLUP GUARANA 15G;14;6;60;5;4,8;1;0,57;1,27;0,81;41,54;50,19;5;14;147;24/nov/25
1004285;REFRESCO GLUP LARANJA 15G;3;6;60;21;19,03;3;3,12;9,4;7,21;18,47;21,38;10;14;147;24/nov/25
1004285;REFRESCO GLUP LARANJA 15G;4;6;60;8;7,62;0;1,13;1,68;2,1;25,39;25,39;6,67;14;147;24/nov/25
1004285;REFRESCO GLUP LARANJA 15G;5;6;60;7;6,8;0;0,97;2,98;2,12;22,5;22,5;6,67;14;147;24/nov/25
1004285;REFRESCO GLUP LARANJA 15G;6;6;60;19;15,72;4;3,95;6,7;6,74;16,31;20,47;6,67;14;147;24/nov/25
1004285;REFRESCO GLUP LARANJA 15G;7;6;60;10;6,68;4;4,03;10,17;5,97;7,84;12,54;6,67;14;147;24/nov/25
1004285;REFRESCO GLUP LARANJA 15G;8;6;60;11;12,37;2;1,98;4,87;2,73;31,71;36,84;6,67;14;147;24/nov/25
1004285;REFRESCO GLUP LARANJA 15G;13;6;60;7;6,08;0;0,57;2,48;2,17;19,59;19,59;6,67;14;147;24/nov/25
1004285;REFRESCO GLUP LARANJA 15G;17;6;60;10;9,15;0;2;3,82;3,29;19,49;19,49;6,67;14;147;24/nov/25
1004285;REFRESCO GLUP LARANJA 15G;18;6;60;20;19,52;0;2,12;4,07;3,34;40,85;40,85;20;14;147;24/nov/25
1004291;REFRESCO GLUP MANGA 15G;3;6;60;40;36,65;4;1,05;2,88;3,29;78,07;86,59;40;14;147;24/nov/25
1004291;REFRESCO GLUP MANGA 15G;4;6;60;7;5,3;0;0,87;2,12;1,33;27,89;27,89;6,67;14;147;24/nov/25
1004291;REFRESCO GLUP MANGA 15G;5;6;60;7;5,77;0;1,08;3;2,66;15,15;15,15;6,67;14;147;24/nov/25
1004291;REFRESCO GLUP MANGA 15G;6;6;60;9;2,03;4;2,77;7,75;4,15;3,43;10,18;6,67;14;147;24/nov/25
1004291;REFRESCO GLUP MANGA 15G;7;6;60;9;2,63;4;4,35;4,43;5,76;3,2;8,06;6,67;14;147;24/nov/25
1004291;REFRESCO GLUP MANGA 15G;11;6;60;10;7,48;4;1,3;3,45;1,98;26,46;40,61;10;14;147;24/nov/25
1004291;REFRESCO GLUP MANGA 15G;12;6;60;10;8,55;0;0,83;2;2,41;24,86;24,86;10;14;147;24/nov/25
1004291;REFRESCO GLUP MANGA 15G;14;6;60;7;2,48;4;1,3;0,9;0,89;19,61;51,18;6,67;14;147;24/nov/25
1004291;REFRESCO GLUP MANGA 15G;18;6;60;20;18,73;0;2;2,03;2;65,48;65,48;20;14;147;24/nov/25
1004287;REFRESCO GLUP UVA 15G;14;6;60;7;12,28;0;1,03;1,85;1,3;66;66;6,67;14;147;24/nov/25
1004287;REFRESCO GLUP UVA 15G;18;6;60;20;18,92;0;2,42;3,63;3,2;41,42;41,42;20;14;147;24/nov/25
1003858;REFRESCO PROMIX DE FRUTAS 100G;8;6;18;1;1,83;1;0,22;0,11;0,1;123,75;191,25;0,56;14;147;24/nov/25
1003858;REFRESCO PROMIX DE FRUTAS 100G;17;6;18;2;1,94;0;0,39;0,5;0,56;24,42;24,42;0,56;14;147;24/nov/25
1003859;REFRESCO PROMIX MANGA 100G;4;6;18;1;0,89;0;0,17;0,06;0,23;26,67;26,67;0,56;14;147;24/nov/25
1003859;REFRESCO PROMIX MANGA 100G;17;6;18;1;0,72;1;0,61;0,83;0,45;11,14;26,57;0,56;14;147;24/nov/25
1003849;REFRESCO PROMIX MARACUJA 100G;18;6;18;3;2,28;0;0,44;0,06;0,18;87,86;87,86;3,33;14;147;24/nov/25
1001307;REFRESCO TANG LARANJA DOCINHA 18G;4;6;180;1;0,38;2;0,64;0;0,29;9,32;57,97;1,11;14;147;24/nov/25
1001307;REFRESCO TANG LARANJA DOCINHA 18G;7;6;180;2;1,78;1;0,83;0,57;0,55;22,5;35,12;1,11;14;147;24/nov/25
1001307;REFRESCO TANG LARANJA DOCINHA 18G;13;6;180;2;1,45;0;0,63;0,43;0,6;17,06;17,06;1,11;14;147;24/nov/25
1001305;REFRESCO TANG MANGA 18G;6;6;180;2;1,06;2;0,79;1,4;0,91;8,15;23,51;1,11;14;147;24/nov/25
1001305;REFRESCO TANG MANGA 18G;7;6;180;1;1,77;1;0,27;0,11;0,22;57,65;90,18;1,11;14;147;24/nov/25
1001313;REFRESCO TANG MORANGO 18G;17;6;180;3;2,14;0;0,84;0,07;0,76;19,78;19,78;1,11;14;147;24/nov/25
1001315;REFRESCO TANG UVA 18G;3;6;180;5;4,19;2;0,05;0,01;0,57;51,71;76,37;2,78;14;147;24/nov/25
1001315;REFRESCO TANG UVA 18G;12;6;180;2,5;1,67;0;0;0,17;0,24;48,29;48,29;2,22;14;147;24/nov/25
1001315;REFRESCO TANG UVA 18G;17;6;180;2,5;1,27;0;0,42;0,46;0,37;24,28;24,28;1,11;14;147;24/nov/25
1001315;REFRESCO TANG UVA 18G;18;6;180;3,33;2,8;0;0,32;0,21;0,41;47,7;47,7;2,78;14;147;24/nov/25
1001311;REFRESCO TANG UVA INTENSA 18G;2;6;180;2;1,73;1;0,63;1,03;0,99;12,32;19,42;1,11;14;147;24/nov/25
1001311;REFRESCO TANG UVA INTENSA 18G;4;6;180;1;0,72;0;0,24;0,22;0,18;27,64;27,64;1,11;14;147;24/nov/25
1001311;REFRESCO TANG UVA INTENSA 18G;6;6;180;2;0,64;2;0;0,52;0,52;8,56;35,36;1,11;14;147;24/nov/25
1001311;REFRESCO TANG UVA INTENSA 18G;11;6;180;1;0,45;2;0,27;0,78;0,41;7,62;41,47;1,11;14;147;24/nov/25
1006900;REFRESCO TRINK ABAC/ HORT 15G;5;6;150;3;2,67;0;0,64;0,77;0,45;41,24;41,24;2,67;14;147;24/nov/25
1006898;REFRESCO TRINK ABACAXI 15G;4;6;150;3;2,47;0;1,03;0,6;0,65;26,63;26,63;2,67;14;147;24/nov/25
1006893;REFRESCO TRINK GUARANA 15G;3;6;150;5;3,92;2;1,77;1,9;1,35;20,35;30,73;5,33;14;147;24/nov/25
1006909;REFRESCO TRINK LARANJA 15G;2;6;150;7;6,09;0;2,23;0,27;0,83;51,54;51,54;4;14;147;24/nov/25
1006909;REFRESCO TRINK LARANJA 15G;7;6;150;4;3,45;2;0,57;0,97;0,72;33,42;52,77;2,67;14;147;24/nov/25
1006909;REFRESCO TRINK LARANJA 15G;8;6;150;3;3,85;1;0,85;0,27;0,37;73,16;92,15;2,67;14;147;24/nov/25
1006909;REFRESCO TRINK LARANJA 15G;12;6;150;12;8,03;0;0;0,01;0,46;122,54;122,54;4;14;147;24/nov/25
1006894;REFRESCO TRINK LARANJA BAHIA 15G;2;6;150;4;2,59;2;0,93;1,79;1,28;14,16;25,08;4;14;147;24/nov/25
1006894;REFRESCO TRINK LARANJA BAHIA 15G;3;6;150;5;1,24;2;4,42;3,71;2,27;3,83;10;5,33;14;147;24/nov/25
1006894;REFRESCO TRINK LARANJA BAHIA 15G;5;6;150;3;2,75;0;0,78;0,97;0,74;25,92;25,92;2,67;14;147;24/nov/25
1006894;REFRESCO TRINK LARANJA BAHIA 15G;6;6;150;3;1,21;3;1,81;1,93;1,23;6,85;23,87;2,67;14;147;24/nov/25
1006894;REFRESCO TRINK LARANJA BAHIA 15G;7;6;150;3;2,47;2;0,21;0,25;0,22;78,94;142,77;2,67;14;147;24/nov/25
1006894;REFRESCO TRINK LARANJA BAHIA 15G;11;6;150;4;3,19;2;4,03;2,54;2,82;7,91;12,88;4;14;147;24/nov/25
1006894;REFRESCO TRINK LARANJA BAHIA 15G;17;6;150;3;2,85;0;1,47;1,89;1,15;17,31;17,31;2,67;14;147;24/nov/25
1006903;REFRESCO TRINK LIMONADA SUICA 15G;3;6;150;5;3,27;3;2,67;2,67;1,84;12,44;23,86;5,33;14;147;24/nov/25
1006903;REFRESCO TRINK LIMONADA SUICA 15G;5;6;150;3;1,99;0;0,43;0,65;0,52;26,85;26,85;2,67;14;147;24/nov/25
1006903;REFRESCO TRINK LIMONADA SUICA 15G;11;6;150;5;4,95;0;2,56;1,59;1,56;22,17;22,17;4;14;147;24/nov/25
1006903;REFRESCO TRINK LIMONADA SUICA 15G;13;6;150;3;2,65;0;1,51;1,95;1,46;12,72;12,72;2,67;14;147;24/nov/25
1006897;REFRESCO TRINK MANGA 15G;1;6;150;1;0,97;0;0,06;0;0,01;486,67;486,67;0;14;147;24/nov/25
1006897;REFRESCO TRINK MANGA 15G;3;6;150;5;4,77;1;1,02;1,09;1,04;32,11;38,83;5,33;14;147;24/nov/25
1006897;REFRESCO TRINK MANGA 15G;5;6;150;3;2,37;0;0,67;0,67;0,52;31,79;31,79;2,67;14;147;24/nov/25
1006897;REFRESCO TRINK MANGA 15G;6;6;150;3;1,67;1;0,87;0,69;0,57;20,33;32,52;2,67;14;147;24/nov/25
1006897;REFRESCO TRINK MANGA 15G;8;6;150;3;3,79;2;0,45;0,31;0,22;118,54;181,04;2,67;14;147;24/nov/25
1006897;REFRESCO TRINK MANGA 15G;11;6;150;4;2,45;3;1,89;1,59;1,48;11,63;25,86;4;14;147;24/nov/25
1006897;REFRESCO TRINK MANGA 15G;12;6;150;6;4,05;0;2,77;1,52;1,82;15,56;15,56;4;14;147;24/nov/25
1006897;REFRESCO TRINK MANGA 15G;17;6;150;3;1,46;3;1,05;0,83;0,76;13,49;41,21;2,67;14;147;24/nov/25
1006890;REFRESCO TRINK MORANGO 15G;5;6;150;3;2,4;0;0,38;0,25;0,4;41,54;41,54;2,67;14;147;24/nov/25
1006890;REFRESCO TRINK MORANGO 15G;8;6;150;3;4,48;2;0,2;0,16;0,13;240;347,14;2,67;14;147;24/nov/25
1006895;REFRESCO TRINK TANGERINA 15G;13;6;150;3;2,75;0;2,23;0,38;0,93;20,6;20,6;2,67;14;147;24/nov/25
1006891;REFRESCO TRINK UVA 15G;2;6;150;4;2,3;1;0,74;0,73;0,58;27,75;39,81;4;14;147;24/nov/25
1006891;REFRESCO TRINK UVA 15G;3;6;150;11;8,82;3;3,49;3,13;2,63;23,46;31,44;10,67;14;147;24/nov/25
1022939;QUENTAO ALCOOLICO 2LT;4;6;6;1;0,17;1;0;0;0;;;0;14;149;24/nov/25
1022939;QUENTAO ALCOOLICO 2LT;17;6;6;1;0,83;1;0;0;0,08;75;165;0;14;149;24/nov/25
28004;VH ARBO TINTO MERLOT 750ML;4;6;6;1;0,67;1;0,33;0;0,12;40;100;0;14;149;24/nov/25
1403244;VH JP 100%  BORDO SUAVE 750ML;14;6;6;1;0,5;1;0;0;0;;;4,67;14;149;24/nov/25
11992;VH SANGUE BOI TT SV 750ML;14;6;6;1;-1;2;0,33;0,5;0,23;-30;30;2,33;14;149;24/nov/25
1200179;VH TRADICAO BRANCO NIAGARA SUAVE 1,4L;6;6;6;1;0,83;1;0,33;0,67;0,54;10,71;23,57;2,5;14;149;24/nov/25
1200180;VH TRADICAO TINTO SECO 1,4L;2;6;6;2;1,83;1;1;1,67;1,52;8,46;13,08;2,5;14;149;24/nov/25
1200180;VH TRADICAO TINTO SECO 1,4L;6;6;6;2;1,67;0;0,33;1;0,7;16,67;16,67;2,5;14;149;24/nov/25
1200181;VH TRADICAO TINTO SUAVE 1,4L;3;6;6;4;3,17;2;1,5;2,33;3,46;6,4;10,45;3,33;14;149;24/nov/25
1200181;VH TRADICAO TINTO SUAVE 1,4L;6;6;6;6;4;0;1,5;2,17;1,63;17,14;17,14;4,17;14;149;24/nov/25
1615969;ABS ALWAYS SECA C/ABAS C/32;2;6;8;1,25;1,13;0;0,13;0;0,12;67,5;67,5;2,5;16;161;24/nov/25
1615969;ABS ALWAYS SECA C/ABAS C/32;13;6;8;0,5;0;0,38;0;0;0;;;0,63;16;161;24/nov/25
1615969;ABS ALWAYS SECA C/ABAS C/32;17;6;8;1,25;0;0,38;0;0;0,32;0;8,18;1,25;16;161;24/nov/25
1615969;ABS ALWAYS SECA C/ABAS C/32;18;6;8;1,25;1,13;0;0,13;0;0,03;270;270;1,25;16;161;24/nov/25
1615723;ABS ALWAYS SUAVE C/ABAS C/16;4;6;12;1;0,58;1;0,25;0;0,06;70;190;1;16;161;24/nov/25
1615723;ABS ALWAYS SUAVE C/ABAS C/16;6;6;12;0,5;0,25;1;0;0;0,04;45;225;2;16;161;24/nov/25
1615723;ABS ALWAYS SUAVE C/ABAS C/16;8;6;12;0,5;0;1;0,08;0,08;0,16;0;45;2;16;161;24/nov/25
1615723;ABS ALWAYS SUAVE C/ABAS C/16;14;6;12;0,5;0;1;0;0;0,06;0;120;0,5;16;161;24/nov/25
1615723;ABS ALWAYS SUAVE C/ABAS C/16;17;6;12;0,67;0;2;0;0;0,08;0;180;2;16;161;24/nov/25
1615725;ABS ALWAYS SUAVE C/ABAS C/8;2;6;18;3;1,78;0;0;0,06;0,09;137,14;137,14;3,33;16;161;24/nov/25
1615725;ABS ALWAYS SUAVE C/ABAS C/8;3;6;18;4;0,17;0,11;0;0,17;0,05;22,5;37,5;3,33;16;161;24/nov/25
1615725;ABS ALWAYS SUAVE C/ABAS C/8;4;6;18;1;0,11;0,11;0,11;0;0,14;5,45;10,91;1,11;16;161;24/nov/25
1615725;ABS ALWAYS SUAVE C/ABAS C/8;6;6;18;2;0;0,11;0;0;0;;;3,33;16;161;24/nov/25
1615725;ABS ALWAYS SUAVE C/ABAS C/8;7;6;18;2;1;0,11;0,06;0;0,04;180;200;3,33;16;161;24/nov/25
1615725;ABS ALWAYS SUAVE C/ABAS C/8;8;6;18;0,89;0;0,11;0,06;0;0,03;0;30;3,33;16;161;24/nov/25
1615725;ABS ALWAYS SUAVE C/ABAS C/8;11;6;18;1;0;0,11;0;0;0,05;0;15;8,89;16;161;24/nov/25
1615725;ABS ALWAYS SUAVE C/ABAS C/8;13;6;18;2;0,72;0,11;0;0,06;0,05;97,5;112,5;4,44;16;161;24/nov/25
1615725;ABS ALWAYS SUAVE C/ABAS C/8;14;6;18;2;1,22;0,11;0,06;0;0,03;330;360;3,33;16;161;24/nov/25
1615725;ABS ALWAYS SUAVE C/ABAS C/8;17;6;18;2;0;0,11;0;0;0;;;1,11;16;161;24/nov/25
1614618;ABS COTTONBABY SUAVE C/ABAS C/8;2;1;48;0,5;1,44;0;0,04;0,04;0,06;159,23;159,23;2,63;16;161;24/nov/25
1004361;ABS DEFINITY SUAVE C/ABAS C/8;17;6;60;2;1;2;1,52;0,87;0,76;9,18;27,55;1,67;16;161;24/nov/25
1004362;ABS DEFINITY SUAVE S/ABAS C/8;2;6;60;1;1,63;0;0,5;0,23;0,36;31,61;31,61;2,33;16;161;24/nov/25
1004362;ABS DEFINITY SUAVE S/ABAS C/8;4;6;60;0,5;0,42;1;0,45;0,15;0,3;9,87;33,55;1,33;16;161;24/nov/25
1004362;ABS DEFINITY SUAVE S/ABAS C/8;7;6;60;0,9;0,77;0;0,23;0;0,05;98,57;98,57;1,33;16;161;24/nov/25
1614410;ABS DIARIO COTTONBABY S/PERF C/15;17;6;72;0,5;0,49;0;0,14;0,04;0,05;65,63;65,63;0,56;16;161;24/nov/25
113198;ABS DIARIO MILI C/15;17;6;24;2,42;2,21;1;1,75;2,04;1,87;8,28;12,03;2;16;161;24/nov/25
1004363;ABS DIARIO NATURALMENTE CAIXA C/120;2;6;12;2;3,75;0;0,33;0,25;0,33;79,41;79,41;5,83;16;161;24/nov/25
1004363;ABS DIARIO NATURALMENTE CAIXA C/120;3;6;12;3;3,83;1;0,33;0,25;0,45;60;75,65;3,5;16;161;24/nov/25
56205;ABS INTERNO INTIMUS SUPER C/8;17;6;24;1;0;0,08;0,13;0,13;0,18;0;3,33;0,83;16;161;24/nov/25
100617;ABS INTIMUS SECA S/ABAS C/8;17;6;60;1;0,57;0;0,08;0,1;0,06;63,75;63,75;0;16;161;24/nov/25
1022491;ABS MILI CONFORTO TOTAL C/ABAS C/8;3;6;36;0,67;0,5;1;0,06;0;0,06;60;180;2,22;16;161;24/nov/25
1022491;ABS MILI CONFORTO TOTAL C/ABAS C/8;6;6;36;0,67;0,22;1;0,03;0;0,08;20;110;2,78;16;161;24/nov/25
1614610;ABS MILI SUAVE C/ABAS C/16;7;6;24;0,83;1,25;2;0,75;0;0,18;50;130;0,5;16;161;24/nov/25
1617230;ABS MILI SUAVE C/ABAS C/32;17;6;16;1;0,81;0;0,44;0,63;0,26;21,67;21,67;0,63;16;161;24/nov/25
1617230;ABS MILI SUAVE C/ABAS C/32;18;6;16;1;0,94;0;0,25;0,44;0,16;40,91;40,91;1,56;16;161;24/nov/25
1614607;ABS MILI SUAVE C/ABAS C/8;6;6;36;3;2,86;0;0,67;0,89;0,83;24,14;24,14;4,44;16;161;24/nov/25
1614607;ABS MILI SUAVE C/ABAS C/8;17;6;36;3;2,5;0;0,42;1;0,7;25;25;2,22;16;161;24/nov/25
1614798;ABS NOTURNO ALWAYS G SECA C/ABAS C/32;2;6;6;2;0,67;0,5;0;0,33;0,08;60;105;0,83;16;161;24/nov/25
1614798;ABS NOTURNO ALWAYS G SECA C/ABAS C/32;3;6;6;0,67;0;0,5;0;0;0;;;0,83;16;161;24/nov/25
1614798;ABS NOTURNO ALWAYS G SECA C/ABAS C/32;12;6;6;1;0,83;0,5;0;0;0,04;150;240;0,83;16;161;24/nov/25
1614798;ABS NOTURNO ALWAYS G SECA C/ABAS C/32;13;6;6;2;0,17;0,5;0;0,17;0,16;7,5;30;1,67;16;161;24/nov/25
1614798;ABS NOTURNO ALWAYS G SECA C/ABAS C/32;17;6;6;2;0;0,5;0;0,17;0,04;0;90;0,83;16;161;24/nov/25
1615539;ABS NOTURNO ALWAYS G SUAVE C/ABAS C/8;17;6;24;1;0,96;0;0,08;0;0,05;138;138;5;16;161;24/nov/25
1616361;ABS NOTURNO MILI DIA&NOITE C/ABAS C/32;3;6;16;1;1,75;1;0,38;0,56;0,55;22,11;34,74;0,63;16;161;24/nov/25
1614609;ABS NOTURNO MILI SUAVE C/ABAS C/16;2;6;24;1;1,67;0;0,38;0,21;0,28;41,38;41,38;0,75;16;161;24/nov/25
1614609;ABS NOTURNO MILI SUAVE C/ABAS C/16;6;6;24;1;0,13;1;0,42;0,25;0,32;2,73;24,55;1,5;16;161;24/nov/25
1617275;ABS NOTURNO MILI SUAVE C/ABAS C/32;17;6;16;0,75;0,25;1;0,69;0;0,29;6;30;0,31;16;161;24/nov/25
1617753;ABS PARTO/OPERATORIO GERIAMAX POS C/20;11;6;6;2;2,17;0;0,5;0,33;0,39;39;39;3,33;16;161;24/nov/25
1617753;ABS PARTO/OPERATORIO GERIAMAX POS C/20;13;6;6;2;2,67;0;0,83;0,17;0,82;22,86;22,86;3,33;16;161;24/nov/25
1617753;ABS PARTO/OPERATORIO GERIAMAX POS C/20;18;6;6;2;2,67;0;0,5;0,33;0,89;20,87;20,87;1,67;16;161;24/nov/25
1023110;ABS PARTO/OPERATORIO MAX POS C/10;4;6;12;0,83;0,75;0;0;0;0,02;270;270;1,67;16;161;24/nov/25
1023110;ABS PARTO/OPERATORIO MAX POS C/10;8;6;12;0,83;0,67;0,75;0,17;0,17;0,25;18,46;39,23;1,67;16;161;24/nov/25
1023110;ABS PARTO/OPERATORIO MAX POS C/10;11;6;12;0,83;0,67;1;0;0,08;0,08;60;150;3,33;16;161;24/nov/25
1023109;ABS PARTO/OPERATORIO MAX POS C/20;17;6;12;1;0,92;0;0,17;0,25;0,19;33;33;0,83;16;161;24/nov/25
1616282;FRALDA DESC BABYSEC JUMBINHO G C/16;6;6;8;1,5;0,75;2;0,75;0,5;0,64;8,18;30;1,5;16;162;24/nov/25
1616282;FRALDA DESC BABYSEC JUMBINHO G C/16;7;6;8;0,5;0,25;1;0,38;0,38;0,18;10;50;4,5;16;162;24/nov/25
1616282;FRALDA DESC BABYSEC JUMBINHO G C/16;13;6;8;0,5;0,38;1;0,25;0,25;0,12;22,5;82,5;1,5;16;162;24/nov/25
1616285;FRALDA DESC BABYSEC JUMBINHO XG C/12;2;6;8;0,5;0,38;1;0,13;0,88;0,47;5,63;20,63;1,5;16;162;24/nov/25
1616285;FRALDA DESC BABYSEC JUMBINHO XG C/12;17;6;8;0,5;0,25;1;0,25;0;0,06;30;150;0,75;16;162;24/nov/25
1616286;FRALDA DESC BABYSEC JUMBINHO XXG C/12;3;6;8;1;1,88;1;0,5;0,38;0,35;37,5;57,5;1,25;16;162;24/nov/25
1616287;FRALDA DESC BABYSEC ULTSEC MEGA G C/32;8;6;6;0,67;0,33;1;0,67;0;0,19;12;48;1,67;16;162;24/nov/25
1616287;FRALDA DESC BABYSEC ULTSEC MEGA G C/32;17;6;6;1;0,5;1;0,83;0,5;0,31;11,25;33,75;1,67;16;162;24/nov/25
1616291;FRALDA DESC BABYSEC ULTSEC MEGA XXG C/28;2;6;6;1,67;1,17;0;0;1,17;0,89;9,13;9,13;6,67;16;162;24/nov/25
1616291;FRALDA DESC BABYSEC ULTSEC MEGA XXG C/28;3;6;6;3;2,17;2;0,33;0,5;0,62;24,38;46,88;3,33;16;162;24/nov/25
1616291;FRALDA DESC BABYSEC ULTSEC MEGA XXG C/28;5;6;6;1,33;1,17;0;0,17;0;0,23;35;35;6,67;16;162;24/nov/25
1019993;FRALDA DESC FERINHA HIPER P C/60;13;6;6;0,67;0,5;1;0,33;0;0,08;45;135;1,67;16;162;24/nov/25
1019994;FRALDA DESC FERINHA JUMBINHO EXG C/14;1;6;12;1;0,42;1;0,25;0,08;0,1;30;102;0;16;162;24/nov/25
1019994;FRALDA DESC FERINHA JUMBINHO EXG C/14;2;6;12;2,17;1,25;0;0,25;0,42;0,37;23,68;23,68;3;16;162;24/nov/25
1019994;FRALDA DESC FERINHA JUMBINHO EXG C/14;3;6;12;1;0,83;1;0,17;0;0,27;21,43;47,14;3;16;162;24/nov/25
1019994;FRALDA DESC FERINHA JUMBINHO EXG C/14;5;6;12;1;0,33;1;0,42;0,67;0,56;4,14;16,55;2;16;162;24/nov/25
1019994;FRALDA DESC FERINHA JUMBINHO EXG C/14;14;6;12;0,67;0,58;0;0,17;0,58;0,27;15;15;2;16;162;24/nov/25
1019994;FRALDA DESC FERINHA JUMBINHO EXG C/14;17;6;12;0,83;0;1;0,67;0,58;0,58;0;12;2;16;162;24/nov/25
1019988;FRALDA DESC FERINHA JUMBINHO P C/20;6;6;12;0,5;0,42;1;0,17;0;0,06;50;170;1;16;162;24/nov/25
1002693;FRALDA DESC HUGGIES JUMBINHO G/14;2;6;12;3;0,42;1,25;0,25;0,25;0,19;15;60;2;16;162;24/nov/25
1002693;FRALDA DESC HUGGIES JUMBINHO G/14;3;6;12;4;0;1,75;0;0;0,06;0;210;1;16;162;24/nov/25
1002693;FRALDA DESC HUGGIES JUMBINHO G/14;7;6;12;0,83;0;1,25;0;0;0;;;2;16;162;24/nov/25
1002693;FRALDA DESC HUGGIES JUMBINHO G/14;12;6;12;2;1,83;0;0,25;0;0,16;82,5;82,5;1,5;16;162;24/nov/25
1002693;FRALDA DESC HUGGIES JUMBINHO G/14;14;6;12;0,83;0,67;0;0;0,17;0,06;80;80;0,5;16;162;24/nov/25
1004264;FRALDA DESC HUGGIES JUMBINHO M C/16;2;6;12;0,5;0;1;0,08;0,08;0,1;0;72;1;16;162;24/nov/25
1004264;FRALDA DESC HUGGIES JUMBINHO M C/16;3;6;12;0,67;0;1;0;0;0;;;2;16;162;24/nov/25
1004264;FRALDA DESC HUGGIES JUMBINHO M C/16;5;6;12;0,5;0;1;0;0;0;;;2;16;162;24/nov/25
1004264;FRALDA DESC HUGGIES JUMBINHO M C/16;6;6;12;0,67;0,17;1;0;0,08;0,04;30;210;0,5;16;162;24/nov/25
1004264;FRALDA DESC HUGGIES JUMBINHO M C/16;7;6;12;0,5;0;1;0;0,17;0,06;0;120;2;16;162;24/nov/25
1004264;FRALDA DESC HUGGIES JUMBINHO M C/16;8;6;12;1;0,5;1;0;0;0;;;0,5;16;162;24/nov/25
1004264;FRALDA DESC HUGGIES JUMBINHO M C/16;14;6;12;0,5;0,17;1;0;0,5;0,14;8,57;60;0;16;162;24/nov/25
1004264;FRALDA DESC HUGGIES JUMBINHO M C/16;17;6;12;1;0,67;0;0,17;0,25;0,18;26,67;26,67;0,5;16;162;24/nov/25
1616770;FRALDA DESC HUGGIES JUMBINHO XXG C/12;3;6;12;0,67;0;0,75;0;0;0;;;1,67;16;162;24/nov/25
1616770;FRALDA DESC HUGGIES JUMBINHO XXG C/12;6;6;12;0,67;0;0,75;0;0,08;0,04;0;135;0,83;16;162;24/nov/25
1616770;FRALDA DESC HUGGIES JUMBINHO XXG C/12;13;6;12;0,5;0;0,75;0;0,08;0,04;0;135;0,42;16;162;24/nov/25
1616770;FRALDA DESC HUGGIES JUMBINHO XXG C/12;14;6;12;0,5;0,08;0;0;0,08;0,04;15;15;0,42;16;162;24/nov/25
1023072;FRALDA DESC HUGGIES MEGUINHA M/36;4;6;6;0,67;0;2;0;0;0,16;0;90;1,67;16;162;24/nov/25
1023072;FRALDA DESC HUGGIES MEGUINHA M/36;17;6;6;0,67;0,33;1;0,33;0,33;0,35;6,67;26,67;5;16;162;24/nov/25
1023069;FRALDA DESC HUGGIES MEGUINHA XG/28;11;6;9;0,44;0,33;1;0,11;0;0,03;90;360;1,11;16;162;24/nov/25
1615073;FRALDA DESC HUGGIES SUPREME XG C/16;13;6;12;0,5;0;0,58;0;0;0;;;1;16;162;24/nov/25
1615073;FRALDA DESC HUGGIES SUPREME XG C/16;17;6;12;0,5;0,08;0,58;0,08;0;0,08;7,5;60;0,5;16;162;24/nov/25
1616185;FRALDA DESC LOOMPIG JUMBINHO P C/18;2;6;8;1,5;0,75;1;0,25;0;0,15;36;84;1,75;16;162;24/nov/25
1616185;FRALDA DESC LOOMPIG JUMBINHO P C/18;6;6;8;0,75;0,5;1;0,25;0,13;0,09;40;120;1,75;16;162;24/nov/25
1616185;FRALDA DESC LOOMPIG JUMBINHO P C/18;7;6;8;0,75;0,38;1;0,25;0;0,09;30;110;1,75;16;162;24/nov/25
1616186;FRALDA DESC LOOMPIG JUMBINHO XG C/12;2;6;8;1,75;0;2;0;0;0,18;0;80;1,88;16;162;24/nov/25
1616186;FRALDA DESC LOOMPIG JUMBINHO XG C/12;7;6;8;1,5;0;2;0;0;0,35;0;40;2,5;16;162;24/nov/25
1616186;FRALDA DESC LOOMPIG JUMBINHO XG C/12;8;6;8;1,5;0;2;0,13;0,25;0,26;0;53,33;0,63;16;162;24/nov/25
1616186;FRALDA DESC LOOMPIG JUMBINHO XG C/12;13;6;8;0,5;0;1;0;0;0,18;0;40;2,5;16;162;24/nov/25
1616186;FRALDA DESC LOOMPIG JUMBINHO XG C/12;14;6;8;1,5;0,13;2;0,13;0,38;0,12;7,5;127,5;2,5;16;162;24/nov/25
1616186;FRALDA DESC LOOMPIG JUMBINHO XG C/12;18;6;8;2;1,25;0;0,25;0,75;0,47;18,75;18,75;5,63;16;162;24/nov/25
1000875;FRALDA DESC MILI GIGA XXG C/58;2;6;4;3;2,5;0;0,5;0,5;0,64;27,27;27,27;2,5;16;162;24/nov/25
1000875;FRALDA DESC MILI GIGA XXG C/58;17;6;4;4;3;0;1,5;2;1,63;12,86;12,86;2,5;16;162;24/nov/25
1614548;FRALDA DESC MILI JUMBINHO G C/20;2;6;9;3,33;2,44;0;2;2,22;1,84;9,3;9,3;1,33;16;162;24/nov/25
1614547;FRALDA DESC MILI JUMBINHO M C/22;7;6;9;1,33;1,22;1;0,89;0,56;0,7;12,22;22,22;1,11;16;162;24/nov/25
1614546;FRALDA DESC MILI JUMBINHO P C/24;17;6;9;1,56;1,22;0;0,89;0,89;0,86;10;10;1,33;16;162;24/nov/25
1614525;FRALDA DESC MILI JUMBINHO XG C/18;2;6;9;2,67;1,11;2;2,33;1,22;1,58;4,92;13,77;1,33;16;162;24/nov/25
1614525;FRALDA DESC MILI JUMBINHO XG C/18;3;6;9;4;2;3;2;1,33;1,5;9,31;23,28;5,33;16;162;24/nov/25
1615737;FRALDA DESC PAMPERS CONFORTSEC P C/50;17;6;3;1;0,67;1;0,33;0,33;0,16;30;75;8;16;162;24/nov/25
113180;FRALDA GERIATRICA MILI VITA G C/8;3;6;8;2;3,38;2;0,88;0,75;0,55;42,63;67,89;0;16;162;24/nov/25
113181;FRALDA GERIATRICA MILI VITA M C/09;2;1;8;1;1,88;0;0,38;0,5;0,41;32,14;32,14;1;16;162;24/nov/25
1022915;FRALDA PAMPERS SUPERSEQUINHA  XXG C/50;17;6;2;4;1,5;3;2;1;1,4;7,5;22,5;6;16;162;24/nov/25
1022917;FRALDA PAMPERS SUPERSEQUINHA G C/60;2;6;4;3;4,5;0;0,25;0,25;0,23;135;135;10;16;162;24/nov/25
1022917;FRALDA PAMPERS SUPERSEQUINHA G C/60;17;6;4;2,5;1,5;2;1;0,25;0,58;18;42;1;16;162;24/nov/25
1022920;FRALDA PAMPERS SUPERSEQUINHA XG C/56;2;6;2;6;6;0;1,5;1;1,4;30;30;5;16;162;24/nov/25
1614415;TOALHA UMED COTTONBABY C.PELE C/50;14;6;24;1;0,83;0;0,29;0,29;0,19;30;30;0;16;162;24/nov/25
1614416;TOALHA UMED COTTONBABY HID INTENSA C/50;2;6;24;1,5;0,83;2;0,71;0,63;0,94;6,19;21,03;0;16;162;24/nov/25
1018851;TOALHA UMED HUGGIES TRIPLA PROT C/88;3;6;12;3;2;2;0,33;0,33;0,29;48;96;0;16;162;24/nov/25
1018851;TOALHA UMED HUGGIES TRIPLA PROT C/88;6;6;12;0,5;0,17;1;0;0,08;0,02;60;420;0;16;162;24/nov/25
1018851;TOALHA UMED HUGGIES TRIPLA PROT C/88;18;6;12;1,5;0,75;2;0,17;0,08;0,06;90;330;0,83;16;162;24/nov/25
1007963;TOALHA UMED HUPPY C/120;3;6;12;8;8,67;3;3,08;4,5;4,69;12,95;17,43;0;16;162;24/nov/25
1616360;TOALHA UMED MILI LOVECARE C/100;3;6;12;3;3,75;2;1,83;2,25;1,98;13,24;20,29;0;16;162;24/nov/25
1616360;TOALHA UMED MILI LOVECARE C/100;6;6;12;1,67;1,5;0;0,83;1,17;0,95;11,02;11,02;0;16;162;24/nov/25
1616360;TOALHA UMED MILI LOVECARE C/100;17;6;12;2;1,33;2;1,67;1,92;1,19;7,87;19,67;0,83;16;162;24/nov/25
1617762;TOALHA UMED NATURAL BABY C/100;3;6;12;10;10,33;4;5,08;6,33;5,43;13,33;18,49;0;16;162;24/nov/25
1617762;TOALHA UMED NATURAL BABY C/100;17;6;12;4;2;3;2,92;2,17;2,33;6;15;2,5;16;162;24/nov/25
1023213;TOALHA UMED SUPERFRAL ADULTO C/50;2;6;12;1;0,92;0;0,08;0,08;0,04;165;165;0;16;162;24/nov/25
1023213;TOALHA UMED SUPERFRAL ADULTO C/50;3;6;12;2;1,92;1;0,25;0,08;0,12;115;175;0;16;162;24/nov/25
1023213;TOALHA UMED SUPERFRAL ADULTO C/50;13;6;12;1;0,92;0;0;0,08;0,08;82,5;82,5;0;16;162;24/nov/25
1023213;TOALHA UMED SUPERFRAL ADULTO C/50;17;6;12;1;0,75;0;0,08;0,17;0,06;90;90;0;16;162;24/nov/25
1614941;BANHEIRA ADOLETA INF 20L ROSA BEBE;12;6;6;1;0,67;0;0;0;0,16;30;30;0;16;163;24/nov/25
1614941;BANHEIRA ADOLETA INF 20L ROSA BEBE;17;6;6;1;0,5;1;0;0;0,04;90;270;0;16;163;24/nov/25
1614941;BANHEIRA ADOLETA INF 20L ROSA BEBE;18;6;6;1;0;2;0;0;0,04;0;360;0;16;163;24/nov/25
1616027;CHUPETA CEFISA RED SIL T2;4;6;24;1;0;1;0;0;0;;;0;16;163;24/nov/25
1616027;CHUPETA CEFISA RED SIL T2;5;6;24;0,75;0,33;1;0;0,04;0,07;34,29;137,14;0;16;163;24/nov/25
1616027;CHUPETA CEFISA RED SIL T2;8;6;24;0,5;0;1;0,04;0;0,04;0;180;0;16;163;24/nov/25
1616027;CHUPETA CEFISA RED SIL T2;11;6;24;0,75;0;1;0;0;0,04;0;180;0;16;163;24/nov/25
1616027;CHUPETA CEFISA RED SIL T2;12;6;24;1;-0,17;1;0,17;0;0,05;-24;120;0;16;163;24/nov/25
1616027;CHUPETA CEFISA RED SIL T2;13;6;24;1;-0,17;1;0,17;0;0,09;-13,33;66,67;0;16;163;24/nov/25
1616027;CHUPETA CEFISA RED SIL T2;14;6;24;1;0;1;0;0;0;;;0;16;163;24/nov/25
1616027;CHUPETA CEFISA RED SIL T2;18;6;24;1;0,42;1;0,04;0,04;0,08;37,5;127,5;0;16;163;24/nov/25
1016756;CHUPETA LOLLY VIVA ROSA SIL ORT T2;2;6;1;6;1;1;0;0;0;;;0;16;163;24/nov/25
1016756;CHUPETA LOLLY VIVA ROSA SIL ORT T2;6;6;1;6;2;0;0;0;0,23;60;60;0;16;163;24/nov/25
1016756;CHUPETA LOLLY VIVA ROSA SIL ORT T2;12;6;1;6;0;1;0;0;0;;;0;16;163;24/nov/25
1016756;CHUPETA LOLLY VIVA ROSA SIL ORT T2;13;6;1;6;3;0;0;1;0,23;90;90;0;16;163;24/nov/25
1016756;CHUPETA LOLLY VIVA ROSA SIL ORT T2;17;6;1;6;2;1;0;0;0;;;0;16;163;24/nov/25
1016756;CHUPETA LOLLY VIVA ROSA SIL ORT T2;18;6;1;6;0;1;0;0;0;;;0;16;163;24/nov/25
1023430;COPO DESENHO FIONA 207ML AZ;4;6;6;1,33;0;2;0;0;0;;;0;16;163;24/nov/25
1023430;COPO DESENHO FIONA 207ML AZ;18;6;6;1,33;0,83;1;0;0;0;;;0;16;163;24/nov/25
1614419;HASTES FLEXIVEIS COTTONBABY C/75UN;2;6;72;1;1,65;0;0,35;0,64;0,58;20,06;20,06;0;16;163;24/nov/25
1614419;HASTES FLEXIVEIS COTTONBABY C/75UN;3;6;72;2;2,61;1;1,32;0;0,9;20,36;28,16;0;16;163;24/nov/25
1614419;HASTES FLEXIVEIS COTTONBABY C/75UN;4;6;72;1;0,94;0;0,04;0,08;0,22;30,45;30,45;0;16;163;24/nov/25
1614419;HASTES FLEXIVEIS COTTONBABY C/75UN;11;6;72;2;1,89;0;0,44;0,74;0,53;24,73;24,73;0;16;163;24/nov/25
1001673;HASTES FLEXIVEIS POTE L150P100;5;6;1;12;9;0;2;9;2,57;24,55;24,55;0;16;163;24/nov/25
1001673;HASTES FLEXIVEIS POTE L150P100;12;6;1;24;21;0;3;0;3,03;48,46;48,46;0;16;163;24/nov/25
1001673;HASTES FLEXIVEIS POTE L150P100;13;6;1;24;20;0;2;4;1,87;75;75;0;16;163;24/nov/25
1002800;MAMAD FIONA CLASSICA SIL RS 240ML 802430;4;6;1;5;0;6;0;0;0;;;0;16;163;24/nov/25
1002800;MAMAD FIONA CLASSICA SIL RS 240ML 802430;18;6;1;5;2;8;0;0;0;;;0;16;163;24/nov/25
1023431;MAMAD FIONA DESENHO RS 240ML;4;6;12;0,42;0;1;0;0;0;;;0;16;163;24/nov/25
1023431;MAMAD FIONA DESENHO RS 240ML;18;6;12;0,67;0;2;0;0;0;;;0;16;163;24/nov/25
1005924;MAMAD SILICONE CEFISA 240ML;14;6;12;0,83;0,58;1;0,33;1,08;0,33;12,35;33,53;0;16;163;24/nov/25
1005924;MAMAD SILICONE CEFISA 240ML;17;6;12;2,5;2,33;0;0,83;0,75;0,99;16,47;16,47;0;16;163;24/nov/25
60513;PENIQUINHO CAJOVIL URSO ROSA;2;6;6;1;0,33;2;0,33;0;0,16;15;105;0;16;163;24/nov/25
60513;PENIQUINHO CAJOVIL URSO ROSA;4;6;6;0,67;0;2;0;0;0;;;0;16;163;24/nov/25
60513;PENIQUINHO CAJOVIL URSO ROSA;8;6;6;1;0,83;1;0;0;0;;;0;16;163;24/nov/25
9949393;SAB HUGGIES CAM/ALOE VERA 75G;3;6;12;2,5;3,08;1;0,5;0,5;0,43;50,45;66,82;17;16;163;24/nov/25
9949393;SAB HUGGIES CAM/ALOE VERA 75G;17;6;12;1,5;1,42;0;0,33;0,17;0,23;42,5;42,5;2,83;16;163;24/nov/25
1006583;SAB LIQ COTTONBABY ALGODAO 200ML;3;6;12;1;0,75;1;0;0,08;0,08;67,5;157,5;5,67;16;163;24/nov/25
1006583;SAB LIQ COTTONBABY ALGODAO 200ML;18;6;12;1;0,33;1;0;0;0;;;4,25;16;163;24/nov/25
1006576;SH/CD COTTONBABY SNOOPY G.CAM 200ML;12;1;6;1;2;0;0;0,33;0,27;51,43;51,43;3,33;16;163;24/nov/25
1006576;SH/CD COTTONBABY SNOOPY G.CAM 200ML;17;1;6;2,33;0,67;3;0,33;0;0,23;20;110;1,67;16;163;24/nov/25
1006576;SH/CD COTTONBABY SNOOPY G.CAM 200ML;18;1;6;1;0;2;0;0;0;;;6,67;16;163;24/nov/25
1023819;CREME DENT CLOSE UP CARVAO ATIVADO 128G;3;6;36;1;1,86;1;0,42;0,33;0,38;34,66;53,28;1,08;16;164;24/nov/25
1615049;CREME DENT CLOSE UP MENTA AMERC 70G;6;6;72;1,11;1,04;1;0,74;0,74;0,46;15,85;31,06;1,63;16;164;24/nov/25
1616000;CREME DENT CLOSE UP PROTECAO BIOAT 70G;6;6;72;0,67;0,28;1;0,69;0,07;0,58;3,37;15,51;0;16;164;24/nov/25
1616000;CREME DENT CLOSE UP PROTECAO BIOAT 70G;13;6;72;1;0,88;0;0,14;0,08;0,19;31,5;31,5;0;16;164;24/nov/25
1615105;CREME DENT CLOSE UP TRIP HORTELA 70G;3;6;72;2,08;3,06;1;0,11;0,21;0,18;115,79;153,68;0,54;16;164;24/nov/25
1614950;CREME DENT CLOSE UP TRIP MENT 70 GR;3;6;72;2,32;3,22;1;0,35;0,82;0,8;28,06;36,77;1,08;16;164;24/nov/25
1617294;CREME DENT COLGATE LUM W C.A 140G;5;6;48;1;0,85;0;0,02;0,13;0,08;72,35;72,35;0,81;16;164;24/nov/25
1617294;CREME DENT COLGATE LUM W C.A 140G;13;6;48;1;0;0,1;0;0,21;0,32;0;2,27;0;16;164;24/nov/25
1617294;CREME DENT COLGATE LUM W C.A 140G;17;6;48;3;0,15;0,1;0,79;1,08;1,23;0,83;1,43;0,81;16;164;24/nov/25
1614433;CREME DENT COLGATE LUMINOUS B WHITE 70G;17;6;48;3;1,02;0;0,33;0,81;0,46;15,47;15,47;0,81;16;164;24/nov/25
1007345;CREME DENT COLGATE M.P.A 120G;17;6;72;4,17;2,46;3;2,89;1,67;2,19;7,84;17,42;0,54;16;164;24/nov/25
44676;CREME DENT COLGATE M.P.A 180G;17;6;72;16,67;14,33;6;2,72;5,9;3,68;27,23;38,63;0,83;16;164;24/nov/25
1511;CREME DENT COLGATE M.P.A 90G;17;6;144;9,03;8,73;2;1,48;3,13;2,12;28,83;35,44;0,54;16;164;24/nov/25
1616380;CREME DENT COLGATE NAT EXT CARVAO 90G;4;6;48;1,25;1,21;0;0,21;0,17;0,23;36,25;36,25;0,81;16;164;24/nov/25
1616380;CREME DENT COLGATE NAT EXT CARVAO 90G;8;6;48;1;0,67;1;0,04;0,15;0,11;43,64;109,09;0,81;16;164;24/nov/25
1616380;CREME DENT COLGATE NAT EXT CARVAO 90G;11;6;48;2,02;0,9;1;0,6;0,73;0,97;6,45;13,65;0,81;16;164;24/nov/25
1616380;CREME DENT COLGATE NAT EXT CARVAO 90G;12;6;48;1,5;0,83;1;0,17;0,17;0,46;12,77;28,09;0,81;16;164;24/nov/25
1616380;CREME DENT COLGATE NAT EXT CARVAO 90G;13;6;48;2;-0,29;1;0,71;0,56;0,84;-2,43;5,9;0;16;164;24/nov/25
1616380;CREME DENT COLGATE NAT EXT CARVAO 90G;14;6;48;1;0,17;1;0,38;0,23;0,36;3,2;22,4;0,81;16;164;24/nov/25
1616380;CREME DENT COLGATE NAT EXT CARVAO 90G;17;6;48;4,21;-1,19;1;1,46;1,42;1,13;-7,37;-1,16;1,63;16;164;24/nov/25
1015514;CREME DENT COLGATE SENSITIVE XTREME 140G;17;6;48;1;0,71;0;0,35;0,54;0,46;10,74;10,74;1,25;16;164;24/nov/25
9982000;CREME DENT COLGATE T.ACAO 180G;3;6;60;4,8;6,43;2;0,37;1,22;0,73;61,93;81,18;0,5;16;164;24/nov/25
9982000;CREME DENT COLGATE T.ACAO 180G;13;6;60;3,33;3,18;0;0,77;0;0,86;25,93;25,93;0;16;164;24/nov/25
9982000;CREME DENT COLGATE T.ACAO 180G;14;6;60;30;9,37;23;0,48;21,57;11,35;5,78;19,96;0,5;16;164;24/nov/25
82681;CREME DENT COLGATE T.ACAO ORIG. 90G;4;6;72;2,78;0,88;4;0,15;0,26;0,24;25,89;144,25;0,54;16;164;24/nov/25
82681;CREME DENT COLGATE T.ACAO ORIG. 90G;17;6;72;13,33;7,5;0;2,08;3,44;2,64;19,9;19,9;0,54;16;164;24/nov/25
1019497;CREME DENT COLGATE T.ACAO XTRA W 120G;3;6;72;1,67;3,03;2;1;0,49;0,5;42,75;70,98;0,42;16;164;24/nov/25
1019497;CREME DENT COLGATE T.ACAO XTRA W 120G;8;6;72;1;0,88;1;1;0,68;0,61;10,11;21,66;0,83;16;164;24/nov/25
1019497;CREME DENT COLGATE T.ACAO XTRA W 120G;14;6;72;0,81;-0,01;2;1,58;0,5;0,92;-0,11;15,11;0,42;16;164;24/nov/25
1615887;CREME DENT ORAL B MICKEY 50G;6;6;24;0,5;0,46;1;0,08;0,25;0,16;20,63;65,63;0;16;164;24/nov/25
1615887;CREME DENT ORAL B MICKEY 50G;7;6;24;1;0,42;2;0,04;0,17;0,09;33,33;193,33;0;16;164;24/nov/25
1615887;CREME DENT ORAL B MICKEY 50G;8;6;24;0,83;0,17;2;0,42;0,04;0,15;8;104;0;16;164;24/nov/25
1615887;CREME DENT ORAL B MICKEY 50G;12;6;24;1;0,33;2;0;0,08;0,07;34,29;240;0;16;164;24/nov/25
1615887;CREME DENT ORAL B MICKEY 50G;13;6;24;2;0;2;0;0;0;;;0;16;164;24/nov/25
1615887;CREME DENT ORAL B MICKEY 50G;17;6;24;1;0;2;0;0;0,01;0;1.440,00;0;16;164;24/nov/25
1616674;CREME DENT ORAL- B EXT. BRANCO 70G;2;6;48;1;0;1;0;0;0;;;1,63;16;164;24/nov/25
1616674;CREME DENT ORAL- B EXT. BRANCO 70G;3;6;48;1;0,56;1;0,19;0,25;0,24;16,53;45,92;0,81;16;164;24/nov/25
1616674;CREME DENT ORAL- B EXT. BRANCO 70G;5;6;48;1;0,33;1;0,02;0;0,01;240;960;1,63;16;164;24/nov/25
1616674;CREME DENT ORAL- B EXT. BRANCO 70G;6;6;48;0,5;0;1;0;0;0;0;1.440,00;0,81;16;164;24/nov/25
1616674;CREME DENT ORAL- B EXT. BRANCO 70G;7;6;48;1;0;1;0;0,02;0,02;0;288;0,81;16;164;24/nov/25
1616674;CREME DENT ORAL- B EXT. BRANCO 70G;8;6;48;1;0,15;1;0,19;0,02;0,11;9,55;75;0,81;16;164;24/nov/25
1616674;CREME DENT ORAL- B EXT. BRANCO 70G;12;6;48;1;0;1;0;0;0;;;0,81;16;164;24/nov/25
1616674;CREME DENT ORAL- B EXT. BRANCO 70G;13;6;48;1;0;1;0;0;0,01;0;720;0;16;164;24/nov/25
1616674;CREME DENT ORAL- B EXT. BRANCO 70G;17;6;48;1;0;1;0;0;0;;;1,63;16;164;24/nov/25
1616762;CREME DENT ORAL-B EXTRAFRESH 70G;1;6;48;1;0;1;0;0;0;;;0;16;164;24/nov/25
1616762;CREME DENT ORAL-B EXTRAFRESH 70G;11;6;48;1;0;1;0;0;0;;;2,44;16;164;24/nov/25
1616762;CREME DENT ORAL-B EXTRAFRESH 70G;12;6;48;1;0,54;1;0,08;0;0,03;111,43;317,14;0,81;16;164;24/nov/25
1616762;CREME DENT ORAL-B EXTRAFRESH 70G;14;6;48;0,5;0,06;1;0;0,02;0,01;30;510;0,81;16;164;24/nov/25
1616762;CREME DENT ORAL-B EXTRAFRESH 70G;17;6;48;1;0;1;0;0;0,01;0;480;1,63;16;164;24/nov/25
1615938;CREME DENT SENSODYNE BRANQUEADOR EF 90G;12;6;36;1;0,92;0;0,08;0;0,03;198;198;1,42;16;164;24/nov/25
1615938;CREME DENT SENSODYNE BRANQUEADOR EF 90G;17;6;36;1;0,5;0,69;0,33;0,03;0,08;41,54;99,23;1,42;16;164;24/nov/25
1615235;CREME DENT SENSODYNE RAPIDO ALIVIO 90G;12;6;36;1;0,67;0;0,08;0,11;0,13;36;36;1,42;16;164;24/nov/25
1617641;CREME DENT SORRISO CARVAO AT 90G;2;6;72;4;0,15;1;0,1;0,17;0,1;10,31;77,81;1,08;16;164;24/nov/25
1617641;CREME DENT SORRISO CARVAO AT 90G;4;6;72;0,83;0,17;1;0,06;0,04;0,09;12,41;86,9;0,54;16;164;24/nov/25
1617641;CREME DENT SORRISO CARVAO AT 90G;5;6;72;0,83;0,01;1;0;0;0;;;0,54;16;164;24/nov/25
1617641;CREME DENT SORRISO CARVAO AT 90G;7;6;72;0,83;0;1;0;0;0;;;0,54;16;164;24/nov/25
1617641;CREME DENT SORRISO CARVAO AT 90G;11;6;72;1;0;1;0;0;0;;;1,63;16;164;24/nov/25
1617641;CREME DENT SORRISO CARVAO AT 90G;12;6;72;4;0,49;1;0,15;0,69;0,48;7,09;21,69;0,54;16;164;24/nov/25
1617641;CREME DENT SORRISO CARVAO AT 90G;17;6;72;4;0,07;1;0,42;0,85;0,49;1;15,4;0,54;16;164;24/nov/25
1617641;CREME DENT SORRISO CARVAO AT 90G;18;6;72;4;3,18;0;0,15;0,44;0,3;74,67;74,67;0,54;16;164;24/nov/25
1617276;CREME DENT SORRISO TRIPLA LIMP COMP 120G;3;6;72;3;2,13;2;1,26;0,71;0,99;15,05;29,21;1,08;16;164;24/nov/25
1617276;CREME DENT SORRISO TRIPLA LIMP COMP 120G;12;6;72;3;1,17;2;2,4;1,29;1,48;5,51;14,97;1,08;16;164;24/nov/25
1617276;CREME DENT SORRISO TRIPLA LIMP COMP 120G;18;6;72;3;2,47;1;0,75;0,33;0,65;26,44;37,13;1,08;16;164;24/nov/25
1017502;ENXAG BUCAL ABOVE 500ML;3;6;12;2,17;1,92;1;0,75;0,5;0,49;27,6;42;2,5;16;164;24/nov/25
1017502;ENXAG BUCAL ABOVE 500ML;5;6;12;1;0,5;1;0,17;0,5;0,25;13,85;41,54;3,33;16;164;24/nov/25
1017502;ENXAG BUCAL ABOVE 500ML;12;6;12;1;0,75;1;0,33;0,25;0,25;20,77;48,46;1,67;16;164;24/nov/25
1017502;ENXAG BUCAL ABOVE 500ML;17;6;12;2;1,58;0;0,33;0,33;0,23;47,5;47,5;9,17;16;164;24/nov/25
1004994;ENXAG BUCAL COLGAT PLAX FRESH MINT 750ML;2;6;12;1;0,58;1;0,08;0,08;0,12;35;95;3,33;16;164;24/nov/25
1004994;ENXAG BUCAL COLGAT PLAX FRESH MINT 750ML;6;6;12;0,67;0,58;1;0,08;0;0,06;70;190;3,33;16;164;24/nov/25
1004994;ENXAG BUCAL COLGAT PLAX FRESH MINT 750ML;12;6;12;1;0,92;0;0,58;0;0,35;18,33;18,33;0,83;16;164;24/nov/25
1004994;ENXAG BUCAL COLGAT PLAX FRESH MINT 750ML;17;6;12;3;0;1;1;2,75;1,54;0;4,56;5;16;164;24/nov/25
1614501;ENXAG BUCAL COLGATE INFIN L500P350;2;6;12;1;0,33;1;0;0;0,04;60;240;1,67;16;164;24/nov/25
1614501;ENXAG BUCAL COLGATE INFIN L500P350;13;6;12;2;0;1;0;0;0,06;0;120;0;16;164;24/nov/25
1614501;ENXAG BUCAL COLGATE INFIN L500P350;17;6;12;2;0;1;0;0;0;;;1,67;16;164;24/nov/25
12074;ENXAG BUCAL COLGATE PLAX 250ML;4;6;12;1;0;1,5;0;0;0;;;0;16;164;24/nov/25
12074;ENXAG BUCAL COLGATE PLAX 250ML;5;6;12;0,5;0,08;1;0;0;0;;;3,33;16;164;24/nov/25
12074;ENXAG BUCAL COLGATE PLAX 250ML;8;6;12;1;0,92;0;0;0,17;0,06;110;110;0,83;16;164;24/nov/25
12074;ENXAG BUCAL COLGATE PLAX 250ML;12;6;12;1;0,83;0;0,17;0,25;0,12;50;50;0,83;16;164;24/nov/25
12074;ENXAG BUCAL COLGATE PLAX 250ML;13;6;12;1;0,67;1;0,08;0,08;0,16;30;75;0;16;164;24/nov/25
12074;ENXAG BUCAL COLGATE PLAX 250ML;17;6;12;1;0,08;1,5;0,33;0,75;0,43;1,36;25,91;1,67;16;164;24/nov/25
12153;ESC DENT COLGATE CLASSIC L.MED R.8460;6;1;12;1;0,42;2;0,67;0,25;0,53;5,56;32,22;0;16;164;24/nov/25
12153;ESC DENT COLGATE CLASSIC L.MED R.8460;13;1;12;2;1,83;0;1,08;0,08;0,45;28,7;28,7;0;16;164;24/nov/25
8000066;ESC DENT COLGATE ESSENCIAL;2;6;6;10;9,17;0;1,33;2,5;2,37;27,05;27,05;0;16;164;24/nov/25
8000066;ESC DENT COLGATE ESSENCIAL;17;6;6;3;1,67;2;0,5;6,17;2,76;4,23;9,3;0;16;164;24/nov/25
1611830;ESC DENT CONDOR PLUS L3P2;12;6;12;1,5;0,25;1;0;0,17;0,12;15;75;0;16;164;24/nov/25
24082;ESC DENT ORAL-B CLASSIC BRILHANTE;2;6;12;2;0;1;0;0;0,04;0;180;0;16;164;24/nov/25
24082;ESC DENT ORAL-B CLASSIC BRILHANTE;3;6;12;3;1;1;0;0;0;;;0;16;164;24/nov/25
24082;ESC DENT ORAL-B CLASSIC BRILHANTE;4;1;12;2;2;0;0;0;0,21;65,45;65,45;0;16;164;24/nov/25
24082;ESC DENT ORAL-B CLASSIC BRILHANTE;5;1;12;0,5;0;1;0;0;0;;;0;16;164;24/nov/25
24082;ESC DENT ORAL-B CLASSIC BRILHANTE;6;1;12;0,67;0;2;0;0,92;0,23;0;60;0;16;164;24/nov/25
24082;ESC DENT ORAL-B CLASSIC BRILHANTE;7;6;12;0,5;0;1;0;0;0;;;0;16;164;24/nov/25
24082;ESC DENT ORAL-B CLASSIC BRILHANTE;8;6;12;1;0,17;1;0;0,33;0,14;8,57;60;0;16;164;24/nov/25
24082;ESC DENT ORAL-B CLASSIC BRILHANTE;11;1;12;2;0;2;0;0;0;;;0;16;164;24/nov/25
24082;ESC DENT ORAL-B CLASSIC BRILHANTE;12;1;12;3;1,17;0;0,08;0,33;0,43;19,09;19,09;0;16;164;24/nov/25
24082;ESC DENT ORAL-B CLASSIC BRILHANTE;13;1;12;3;0;4;0;0;0;;;0;16;164;24/nov/25
24082;ESC DENT ORAL-B CLASSIC BRILHANTE;14;6;12;1;0,08;1;0;0;0;;;0;16;164;24/nov/25
24082;ESC DENT ORAL-B CLASSIC BRILHANTE;17;1;12;1;0;2;0;0,08;0,02;0;720;0;16;164;24/nov/25
1614768;ESC DENT ORAL-B MICKEY;6;6;36;0,5;0;1;0;0;0;;;0;16;164;24/nov/25
1614768;ESC DENT ORAL-B MICKEY;7;6;36;0,5;0,22;1;0,08;0,03;0,03;60;330;0;16;164;24/nov/25
1614768;ESC DENT ORAL-B MICKEY;8;6;36;0,5;0;1;0;0;0;;;0;16;164;24/nov/25
1614768;ESC DENT ORAL-B MICKEY;12;6;36;1;0,33;1;0;0;0,01;360;1.440,00;0;16;164;24/nov/25
1614768;ESC DENT ORAL-B MICKEY;13;6;36;1;-0,03;1;0,03;0,03;0,03;-6;210;0;16;164;24/nov/25
1614768;ESC DENT ORAL-B MICKEY;14;6;36;0,72;0;1;0;0;0;;;0;16;164;24/nov/25
1614768;ESC DENT ORAL-B MICKEY;17;6;36;1;0;1;0;0;0;;;0;16;164;24/nov/25
1616070;ESC DENT ORAL-B PRO;2;6;72;1;0;2;0;0;0;0;4.320,00;0;16;164;24/nov/25
1616070;ESC DENT ORAL-B PRO;4;6;72;0,89;0;2;0;0;0;;;0;16;164;24/nov/25
1616070;ESC DENT ORAL-B PRO;5;6;72;0,5;0;1;0;0;0;;;0;16;164;24/nov/25
1616070;ESC DENT ORAL-B PRO;7;6;72;1;0,67;1;0;0;0;;;0;16;164;24/nov/25
1616070;ESC DENT ORAL-B PRO;11;6;72;1;0;2;0;0;0;;;0;16;164;24/nov/25
1616070;ESC DENT ORAL-B PRO;12;6;72;1;0;2;0,11;0,06;0,05;0;308,57;0;16;164;24/nov/25
1616070;ESC DENT ORAL-B PRO;13;6;72;1;0;2;0;0;0;;;0;16;164;24/nov/25
1616070;ESC DENT ORAL-B PRO;14;6;72;0,5;0,01;1;0;0;0;;;0;16;164;24/nov/25
1616070;ESC DENT ORAL-B PRO;17;6;72;1;-0,04;2;0,17;0,06;0,12;-2,43;114,32;0;16;164;24/nov/25
1616070;ESC DENT ORAL-B PRO;18;6;72;1;0,81;1;0,03;0,08;0,04;145;325;0;16;164;24/nov/25
17701;ESC DENT SORRISO  MEDIA R.1650;2;6;12;2;1,92;0;0,42;0,33;0,56;23,79;23,79;0;16;164;24/nov/25
17701;ESC DENT SORRISO  MEDIA R.1650;17;6;12;4;3,67;0;1,33;2,5;1,61;15,9;15,9;0;16;164;24/nov/25
17700;ESC DENT SORRISO MACIA R.1649;3;6;12;2;2,75;1;0,83;0,58;0,47;41,25;56,25;0;16;164;24/nov/25
17700;ESC DENT SORRISO MACIA R.1649;4;6;12;1;0,58;1;0,42;0;0,21;19,09;51,82;0;16;164;24/nov/25
5865;ESC DENT SORRISO R.1651;3;6;72;1;0,5;1;0,11;0,19;0,15;23,48;70,43;0;16;164;24/nov/25
5865;ESC DENT SORRISO R.1651;12;6;72;1;0,25;2;0,04;0,08;0,07;24,55;220,91;0;16;164;24/nov/25
5865;ESC DENT SORRISO R.1651;18;6;72;1;0,49;2;0,04;0,13;0,1;32,81;167,81;0;16;164;24/nov/25
1014422;ESC DENT SORRISO TRIPLA 2PK;3;6;18;1;0;0,33;0;0;0,01;0;180;0;16;164;24/nov/25
1014422;ESC DENT SORRISO TRIPLA 2PK;8;6;18;1;0,67;0,33;0,11;0,28;0,13;36;54;0;16;164;24/nov/25
1014422;ESC DENT SORRISO TRIPLA 2PK;11;6;18;1;0;0,33;0;0,06;0,16;0;15;0;16;164;24/nov/25
1014422;ESC DENT SORRISO TRIPLA 2PK;14;6;18;0,5;0,28;0,33;0;0,06;0,01;150;330;0;16;164;24/nov/25
1014422;ESC DENT SORRISO TRIPLA 2PK;17;6;18;2,22;0;0,33;0;0,33;0,23;0;10;0;16;164;24/nov/25
9340;FIO DENTAL COLGATE 50M;4;6;48;0,21;0;1;0;0;0;;;0;16;164;24/nov/25
9340;FIO DENTAL COLGATE 50M;8;6;48;0,5;0,27;1;0;0,02;0,01;130;610;0;16;164;24/nov/25
9340;FIO DENTAL COLGATE 50M;12;6;48;1;0,75;0;0,04;0;0,01;540;540;0;16;164;24/nov/25
9340;FIO DENTAL COLGATE 50M;13;6;48;0,5;0,4;0;0;0,04;0,03;95;95;0;16;164;24/nov/25
9340;FIO DENTAL COLGATE 50M;17;6;48;1;0;1;0;0;0;;;0;16;164;24/nov/25
111440;FIO DENTAL COLGATE MENTA 50M;3;6;12;4;2,92;2;0,67;0,25;0,45;45,65;76,96;0;16;164;24/nov/25
111440;FIO DENTAL COLGATE MENTA 50M;6;6;12;2;1,08;0;0;0,17;0,04;195;195;0;16;164;24/nov/25
111440;FIO DENTAL COLGATE MENTA 50M;7;6;12;2;0,33;3;0;0,08;0,19;12;120;0;16;164;24/nov/25
111440;FIO DENTAL COLGATE MENTA 50M;12;6;12;3;2,5;0;0,08;0,08;0,23;75;75;0;16;164;24/nov/25
111440;FIO DENTAL COLGATE MENTA 50M;13;6;12;2;1,5;0;0,17;0,17;0,1;108;108;0;16;164;24/nov/25
111440;FIO DENTAL COLGATE MENTA 50M;14;6;12;3;0,75;3;0;0;0;;;0;16;164;24/nov/25
111440;FIO DENTAL COLGATE MENTA 50M;17;6;12;3;0;4;0;0;0;;;0;16;164;24/nov/25
1616565;FIO DENTAL CONDOR LV50M PG25M MENTA;3;6;24;1;0,71;1;0,04;0,08;0,11;46,36;111,82;0;16;164;24/nov/25
1616565;FIO DENTAL CONDOR LV50M PG25M MENTA;8;6;24;1;0,58;1;0;0,13;0,06;70;190;0;16;164;24/nov/25
1616565;FIO DENTAL CONDOR LV50M PG25M MENTA;17;6;24;1,04;0,42;1;0,08;0,83;0,41;7,14;24,29;0;16;164;24/nov/25
80585;GEL DENT SORRISO FRESH EXP HORTELA 90G;2;6;12;3;1,75;0;0,25;0;0,06;210;210;6,5;16;164;24/nov/25
80585;GEL DENT SORRISO FRESH EXP HORTELA 90G;3;6;12;4;4,92;4;0,08;0;0,02;1.770,00;3.210,00;3,25;16;164;24/nov/25
80585;GEL DENT SORRISO FRESH EXP HORTELA 90G;4;6;12;2;1,08;1;0,58;0,17;0,33;22,94;44,12;3,25;16;164;24/nov/25
80585;GEL DENT SORRISO FRESH EXP HORTELA 90G;5;6;12;3;1,42;0;0,08;0,67;0,31;31,88;31,88;3,25;16;164;24/nov/25
80585;GEL DENT SORRISO FRESH EXP HORTELA 90G;7;6;12;2;0,58;2;0;0,33;0,41;10;44,29;3,25;16;164;24/nov/25
80585;GEL DENT SORRISO FRESH EXP HORTELA 90G;11;6;12;2;1,42;0;0,33;0,42;0,31;31,88;31,88;9,75;16;164;24/nov/25
80585;GEL DENT SORRISO FRESH EXP HORTELA 90G;18;6;12;4;3,67;0;0,25;0,58;0,58;44;44;3,25;16;164;24/nov/25
120807;GEL DENT SORRISO FRESH XTRA MINT 90G;2;6;12;13;12,17;0;1,67;1,25;1,34;63,48;63,48;6,5;16;164;24/nov/25
120807;GEL DENT SORRISO FRESH XTRA MINT 90G;3;6;12;13;13,92;2;1,75;2,58;1,85;52,74;60,32;3,25;16;164;24/nov/25
5873;GEL DENT TANDY COLGATE TUTTI-FRUTT 50G;6;6;72;1;0;0,33;0;0;0;;;0;16;164;24/nov/25
5873;GEL DENT TANDY COLGATE TUTTI-FRUTT 50G;8;6;72;0,33;0,13;0,33;0;0,01;0,01;135;495;0;16;164;24/nov/25
5873;GEL DENT TANDY COLGATE TUTTI-FRUTT 50G;17;6;72;0,67;0,29;0,33;0,32;0,25;0,17;12,35;26,47;0;16;164;24/nov/25
5873;GEL DENT TANDY COLGATE TUTTI-FRUTT 50G;18;6;72;1;0,6;0,33;0;0,01;0;1.290,00;2.010,00;0;16;164;24/nov/25
1616759;CREME  DI HELLEN P/ROSTO COLAGENO 120G;3;6;12;1,5;2,75;2;0,17;0,33;0,16;123,75;213,75;0;16;165;24/nov/25
1616759;CREME  DI HELLEN P/ROSTO COLAGENO 120G;6;6;12;0,5;0,17;1;0;0;0,02;60;420;0;16;165;24/nov/25
1616759;CREME  DI HELLEN P/ROSTO COLAGENO 120G;14;6;12;0,5;0;1;0;0;0;;;0;16;165;24/nov/25
1616759;CREME  DI HELLEN P/ROSTO COLAGENO 120G;17;6;12;1;0;2;0,17;0,25;0,37;0;37,89;0;16;165;24/nov/25
1616759;CREME  DI HELLEN P/ROSTO COLAGENO 120G;18;6;12;1;0;2;0;0;0;;;0;16;165;24/nov/25
26724;CREME DI HELLEN P/RESSECADOS 120G;2;6;12;1;0,5;1;0;0,08;0,02;180;540;0;16;165;24/nov/25
26724;CREME DI HELLEN P/RESSECADOS 120G;3;6;12;1;1,75;1;0,25;0;0,12;105;165;0;16;165;24/nov/25
26724;CREME DI HELLEN P/RESSECADOS 120G;12;6;12;1;0,75;0;0;0;0,04;135;135;0;16;165;24/nov/25
26724;CREME DI HELLEN P/RESSECADOS 120G;17;6;12;1;0,83;0;0,17;0,17;0,12;50;50;0;16;165;24/nov/25
26724;CREME DI HELLEN P/RESSECADOS 120G;18;6;12;1;0,42;2;0;0;0,04;75;435;0;16;165;24/nov/25
1022623;DESOD AERO ABOVE BLACK PROMO 200ML;11;6;12;1,5;0;2;0,17;0,83;0,47;0;30;0;16;165;24/nov/25
1022623;DESOD AERO ABOVE BLACK PROMO 200ML;12;6;12;1,5;3,17;0;0,08;0,75;0,41;54,29;54,29;0;16;165;24/nov/25
1022623;DESOD AERO ABOVE BLACK PROMO 200ML;14;6;12;1;0,5;1;0,42;0;0,25;13,85;41,54;0;16;165;24/nov/25
1005670;DESOD AERO ABOVE BLACK SERIES MARI 100ML;3;6;12;2;0,58;1;0;0,5;0,47;8,75;23,75;0;16;165;24/nov/25
1005670;DESOD AERO ABOVE BLACK SERIES MARI 100ML;4;1;12;0,83;0;2;0;0;0,23;0;60;0;16;165;24/nov/25
1005670;DESOD AERO ABOVE BLACK SERIES MARI 100ML;5;1;12;0,5;0,08;1;0;0,33;0,12;5;65;0;16;165;24/nov/25
1005670;DESOD AERO ABOVE BLACK SERIES MARI 100ML;6;1;12;0,67;0,08;2;1,17;0,08;0,37;1,58;39,47;0;16;165;24/nov/25
1005670;DESOD AERO ABOVE BLACK SERIES MARI 100ML;7;6;12;1;0;1;0;0;0;;;0;16;165;24/nov/25
1005670;DESOD AERO ABOVE BLACK SERIES MARI 100ML;11;1;12;1,5;1,08;0;0,25;0,67;0,21;35,45;35,45;0;16;165;24/nov/25
1005670;DESOD AERO ABOVE BLACK SERIES MARI 100ML;12;1;12;1,5;1;1;0,08;0,42;0,29;24;48;0;16;165;24/nov/25
1005670;DESOD AERO ABOVE BLACK SERIES MARI 100ML;13;1;12;1,5;0;1;0;0,17;0,25;0;27,69;0;16;165;24/nov/25
1005670;DESOD AERO ABOVE BLACK SERIES MARI 100ML;14;6;12;0,5;0,25;1;0;0;0;;;0;16;165;24/nov/25
1005670;DESOD AERO ABOVE BLACK SERIES MARI 100ML;17;1;12;2;0;3;0;0,67;0,49;0;43,2;0;16;165;24/nov/25
1017506;DESOD AERO ABOVE EXTREME BLACK 72H 150ML;2;6;24;1;0,96;0;0,04;0;0,03;230;230;0;16;165;24/nov/25
1017506;DESOD AERO ABOVE EXTREME BLACK 72H 150ML;7;6;24;0,5;0,42;1;0,04;0;0,02;150;510;0;16;165;24/nov/25
1017506;DESOD AERO ABOVE EXTREME BLACK 72H 150ML;12;6;24;1;0,5;1;0,29;0,13;0,12;30;90;0;16;165;24/nov/25
1024403;DESOD AERO ABOVE MAX HURRICAN 250ML;11;6;12;1,17;0;1;0;0;0,47;0;15;0;16;165;24/nov/25
1024403;DESOD AERO ABOVE MAX HURRICAN 250ML;12;6;12;1,17;0;1;0,17;0,67;0,47;0;15;0;16;165;24/nov/25
1024403;DESOD AERO ABOVE MAX HURRICAN 250ML;13;6;12;1,17;0;1;0;0;0;;;0;16;165;24/nov/25
1024403;DESOD AERO ABOVE MAX HURRICAN 250ML;17;6;12;1,5;0;1;0;0;0,7;0;10;0;16;165;24/nov/25
1024404;DESOD AERO ABOVE MAX SAVAGE 250ML;4;6;12;1;0;2;0;0;0;;;0;16;165;24/nov/25
1024404;DESOD AERO ABOVE MAX SAVAGE 250ML;7;6;12;1;0;2;0;0;0;;;0;16;165;24/nov/25
1017656;DESOD AERO ABOVE MAXX ELEMEN PROMO 250ML;3;6;12;3;3,67;1;1,25;0,83;0,86;30;38,18;0;16;165;24/nov/25
1017656;DESOD AERO ABOVE MAXX ELEMEN PROMO 250ML;4;6;12;1;0;2;0;0;0;;;0;16;165;24/nov/25
1017656;DESOD AERO ABOVE MAXX ELEMEN PROMO 250ML;8;6;12;2;1,75;1;0,25;0,25;0,19;63;99;0;16;165;24/nov/25
1615960;DESOD AERO ABOVE WOMEN FRESH 150ML;6;6;24;0,5;0,08;1;0,25;0,17;0,16;3,75;48,75;0;16;165;24/nov/25
1615960;DESOD AERO ABOVE WOMEN FRESH 150ML;7;6;24;0,5;0,38;1;0,13;0,17;0,27;9,64;35,36;0;16;165;24/nov/25
1615960;DESOD AERO ABOVE WOMEN FRESH 150ML;8;6;24;1;0,21;1;0;0,04;0,05;30;174;0;16;165;24/nov/25
1616419;DESOD AERO ABOVE WOMEN SPORT ENERG 150ML;13;6;24;1;0,17;2;0,17;0,08;0,2;5,71;74,29;0;16;165;24/nov/25
1616419;DESOD AERO ABOVE WOMEN SPORT ENERG 150ML;18;6;24;1;0,58;1;0,21;0,29;0,32;12,73;34,55;0;16;165;24/nov/25
1023345;DESOD AERO AXE AP VETIVER E MANDAR 200ML;3;6;12;3;4,33;3;2,92;1,5;2,53;12;20,31;0;16;165;24/nov/25
1023345;DESOD AERO AXE AP VETIVER E MANDAR 200ML;7;6;12;1,5;1,17;1;2,67;2,25;2,24;3,65;6,78;0;16;165;24/nov/25
1023345;DESOD AERO AXE AP VETIVER E MANDAR 200ML;13;6;12;2;1,58;1;3,58;1,83;1,46;7,6;12,4;0;16;165;24/nov/25
1023345;DESOD AERO AXE AP VETIVER E MANDAR 200ML;14;6;12;0,83;0,67;1;0,17;0;0,04;120;300;0;16;165;24/nov/25
1023344;DESOD AERO AXE BLACK ALECRIM/CEDRO 200ML;3;6;12;3;3;2;1,75;2,58;2,22;9,47;15,79;0;16;165;24/nov/25
1614112;DESOD AERO AXE BODY APOLLO 150ML;3;6;12;3,33;4,17;1;0,67;0,92;0,74;39,47;48,95;0;16;165;24/nov/25
1614112;DESOD AERO AXE BODY APOLLO 150ML;5;6;12;0,5;0,25;1;0,67;0,17;0,39;4,5;22,5;0;16;165;24/nov/25
1614112;DESOD AERO AXE BODY APOLLO 150ML;6;6;12;4;3,25;2;2,08;2,33;1,38;16,48;26,62;0;16;165;24/nov/25
1614112;DESOD AERO AXE BODY APOLLO 150ML;17;6;12;2,5;2,25;0;1,75;1,42;1,15;13,73;13,73;0;16;165;24/nov/25
1614052;DESOD AERO AXE BS DARK TEMPTAT 150ML;7;6;12;2;1,83;1;1,17;0,25;0,88;14,67;22,67;0;16;165;24/nov/25
1614052;DESOD AERO AXE BS DARK TEMPTAT 150ML;17;6;12;3;0,83;3;2,25;1,83;1,28;4,55;20,91;0;16;165;24/nov/25
1617510;DESOD AERO AXE MARINE 150ML;7;6;12;0,83;0;2;0;0,33;0,47;0;30;0;16;165;24/nov/25
1617509;DESOD AERO AXE MUSK 150ML;3;6;12;4;5,42;2;1,58;0,75;1,54;24,68;33,8;0;16;165;24/nov/25
1614361;DESOD AERO AXE URBAN 150ML;2;6;12;3;2,67;0;0,83;0,58;0,72;25,95;25,95;0;16;165;24/nov/25
1614361;DESOD AERO AXE URBAN 150ML;7;6;12;0,5;0,42;1;0,58;0;0,14;21,43;72,86;0;16;165;24/nov/25
1614361;DESOD AERO AXE URBAN 150ML;13;6;12;3,67;3,33;0;1,25;0,42;1,11;21,05;21,05;0;16;165;24/nov/25
1617714;DESOD AERO BOZZANO ANTI DRY 150ML;17;6;12;2;1,58;0;0,33;0;0,08;142,5;142,5;0;16;165;24/nov/25
1023015;DESOD AERO BOZZANO ANTI DRY 200ML;3;6;12;2,5;3,33;1;0,42;0,17;0,37;63,16;82,11;0;16;165;24/nov/25
1023015;DESOD AERO BOZZANO ANTI DRY 200ML;12;1;12;1,5;1,25;0;0,33;0,25;0,14;64,29;64,29;0;16;165;24/nov/25
1023015;DESOD AERO BOZZANO ANTI DRY 200ML;17;1;12;2,33;2;0;0,58;0,67;0,95;14,69;14,69;0;16;165;24/nov/25
1023015;DESOD AERO BOZZANO ANTI DRY 200ML;18;1;12;1,5;1,25;0;0,25;0,42;0,21;40,91;40,91;0;16;165;24/nov/25
1615663;DESOD AERO BOZZANO EXTREME 150ML;12;6;12;1;0,92;1;0,08;0;0,1;66;138;0;16;165;24/nov/25
1023014;DESOD AERO BOZZANO EXTREME SPORT 200ML;13;6;12;2;1,5;0;0,58;0,08;0,41;25,71;25,71;0;16;165;24/nov/25
1615730;DESOD AERO DOVE BEAUTI FINISH 150ML;5;6;12;0,5;0,42;1;0,08;0,08;0,1;30;102;0;16;165;24/nov/25
1615730;DESOD AERO DOVE BEAUTI FINISH 150ML;13;6;12;1;0,92;0;0,33;1;0,51;12,69;12,69;0;16;165;24/nov/25
1615730;DESOD AERO DOVE BEAUTI FINISH 150ML;18;6;12;1;0,92;1;0,08;0,17;0,12;55;115;0;16;165;24/nov/25
1615731;DESOD AERO DOVE GO FRESH 150ML;12;6;12;1;1,92;1;0,08;0;0,02;690;1.050,00;0;16;165;24/nov/25
1615023;DESOD AERO DOVE ORIGINAL 150ML;3;6;12;3;3,83;1;0,75;0,42;0,54;49,29;62,14;0;16;165;24/nov/25
1616904;DESOD AERO MONANGE DETOX FRESH 150ML;7;6;12;1;1,58;1;0,33;0;0,08;142,5;232,5;0;16;165;24/nov/25
1616904;DESOD AERO MONANGE DETOX FRESH 150ML;13;6;12;1;0,83;0;0,58;0,25;0,23;25;25;0;16;165;24/nov/25
1616150;DESOD AERO MONANGE FRUTAS VERMELHAS 150M;13;6;12;1,5;0,92;1;0,42;0,5;0,27;23,57;49,29;0;16;165;24/nov/25
1615751;DESOD AERO MONANGE INVISIVEL 150ML;3;6;12;3;3,5;1;1,33;1;0,74;33,16;42,63;0;16;165;24/nov/25
1616342;DESOD AERO REXONA CLINICAL CLASSIC 150ML;3;6;12;6;7,42;2;1;1,33;0,91;56,81;72,13;0;16;165;24/nov/25
1616342;DESOD AERO REXONA CLINICAL CLASSIC 150ML;13;6;12;1,5;1,42;0;1,75;0,33;0,84;11,86;11,86;0;16;165;24/nov/25
1616342;DESOD AERO REXONA CLINICAL CLASSIC 150ML;17;6;12;2;1,17;2;0,58;1,42;0,8;10,24;27,8;0;16;165;24/nov/25
1616237;DESOD AERO REXONA CLINICAL CLEAN M 150ML;3;6;12;7;7,92;1;0,5;0,42;0,43;129,55;145,91;0;16;165;24/nov/25
1616237;DESOD AERO REXONA CLINICAL CLEAN M 150ML;17;6;12;2;1,25;0;0,67;1;0,39;22,5;22,5;0;16;165;24/nov/25
1616573;DESOD AERO REXONA CLINICAL S/PERF 150ML;2;6;12;2;1,83;0;0,5;0,08;0,18;73,33;73,33;0;16;165;24/nov/25
1616573;DESOD AERO REXONA CLINICAL S/PERF 150ML;3;6;12;3;3,75;1;0,33;0,42;0,49;54;68,4;0;16;165;24/nov/25
1616573;DESOD AERO REXONA CLINICAL S/PERF 150ML;13;6;12;1;0,42;2;0,58;0;0,25;11,54;66,92;0;16;165;24/nov/25
9932630;DESOD AERO REXONA INVIS FEM 150ML;3;6;12;3;2,25;1;0,08;0,42;0,29;54;78;0;16;165;24/nov/25
9932630;DESOD AERO REXONA INVIS FEM 150ML;6;1;12;1;0,92;1;0;0,08;0,18;36,67;76,67;0;16;165;24/nov/25
1612875;DESOD AERO REXONA MEN ACTIVE 150ML;2;6;12;2;1,5;0;0,67;0,83;0,53;20;20;0;16;165;24/nov/25
1612875;DESOD AERO REXONA MEN ACTIVE 150ML;3;6;12;4;3,67;1;0,83;0,58;0,6;42,58;54,19;0;16;165;24/nov/25
1612875;DESOD AERO REXONA MEN ACTIVE 150ML;13;1;12;1,5;1,33;0;0,5;0,17;0,45;20,87;20,87;0;16;165;24/nov/25
1612875;DESOD AERO REXONA MEN ACTIVE 150ML;17;1;12;1,5;1,25;0;0,5;0,17;0,41;21,43;21,43;0;16;165;24/nov/25
1614979;DESOD AERO REXONA WM ANT INV 150ML;3;6;12;6;6,92;1;0,17;0,58;0,41;118,57;135,71;0;16;165;24/nov/25
1023923;DESOD AERO SUAVE MEN PROTECAO INT 150ML;2;6;12;1;0,67;1;0,33;0,42;0,47;10;25;0;16;165;24/nov/25
1017494;DESOD CREME ABOVE CANDY 50G;5;6;12;1,5;-0,5;2;0,5;0,08;0,27;-12,86;38,57;0;16;165;24/nov/25
1017494;DESOD CREME ABOVE CANDY 50G;7;6;12;1,5;0;2;0,33;0,58;0,47;0;30;0;16;165;24/nov/25
1017494;DESOD CREME ABOVE CANDY 50G;12;6;12;2,5;0,75;3;0,58;1;0,6;8,71;43,55;0;16;165;24/nov/25
1017494;DESOD CREME ABOVE CANDY 50G;13;6;12;2;0,25;3;0,67;1,08;0,41;4,29;55,71;0;16;165;24/nov/25
1017493;DESOD CREME ABOVE ELEMENTS OCEAN 50G;4;6;12;1;0,42;2;0,17;0,17;0,14;21,43;124,29;0;16;165;24/nov/25
1017493;DESOD CREME ABOVE ELEMENTS OCEAN 50G;13;6;12;1,5;0,25;2;0,75;0;0,18;10;90;0;16;165;24/nov/25
1017509;DESOD CREME ABOVE SPORT  50ML;1;6;12;1;-1;2;0,17;0,83;0,6;-11,61;11,61;0;16;165;24/nov/25
1017509;DESOD CREME ABOVE SPORT  50ML;4;6;12;1;0,92;0;0,25;0,17;0,16;41,25;41,25;0;16;165;24/nov/25
1017509;DESOD CREME ABOVE SPORT  50ML;7;6;12;1;0,58;1;0,25;0,5;0,43;9,55;25,91;0;16;165;24/nov/25
1017509;DESOD CREME ABOVE SPORT  50ML;8;6;12;1;0,58;1;0,17;0,17;0,16;26,25;71,25;0;16;165;24/nov/25
1017509;DESOD CREME ABOVE SPORT  50ML;14;6;12;0,5;0,25;1;1;0,58;0,49;3,6;18;0;16;165;24/nov/25
1017508;DESOD CREME ABOVE SPORT ENERGY MEN 50ML;7;6;12;1;0,58;1;0,25;0,17;0,29;14;38;0;16;165;24/nov/25
1017508;DESOD CREME ABOVE SPORT ENERGY MEN 50ML;12;6;12;1;0,75;1;0,25;0,08;0,25;20,77;48,46;0;16;165;24/nov/25
1021513;DESOD CREME ABOVE SPORT WOMEN 50G;7;6;12;1;0;2;0;0,25;0,23;0;60;0;16;165;24/nov/25
1021513;DESOD CREME ABOVE SPORT WOMEN 50G;8;6;12;1;0,75;1;0,67;0,17;0,23;22,5;52,5;0;16;165;24/nov/25
1021513;DESOD CREME ABOVE SPORT WOMEN 50G;14;6;12;0,5;0,42;1;0,17;0,25;0,14;21,43;72,86;0;16;165;24/nov/25
18125;DESOD CREME DI HELLEN FEM 55G;2;6;12;1;0,5;1;0,08;0,08;0,14;25,71;77,14;0;16;165;24/nov/25
18125;DESOD CREME DI HELLEN FEM 55G;12;6;12;1,5;0,75;2;0,25;0;0,06;90;330;0;16;165;24/nov/25
18125;DESOD CREME DI HELLEN FEM 55G;17;6;12;1;0;2;0;0;0;;;0;16;165;24/nov/25
18124;DESOD CREME DI HELLEN MASC 55G;7;6;12;1;0,5;1;0,17;0,25;0,23;15;45;0;16;165;24/nov/25
18124;DESOD CREME DI HELLEN MASC 55G;17;6;12;1,83;0,42;2;0,25;0,58;0,35;8,33;48,33;0;16;165;24/nov/25
1023104;DESOD CREME DOVE PREV ESCURECIMENTO 50ML;3;6;12;2;2,92;1;0,25;0,67;0,37;55,26;74,21;0,92;16;165;24/nov/25
1023105;DESOD CREME DOVE PREV IRRITACAO 50ML;17;6;12;2;1,83;0;0,92;1,17;0,62;20,63;20,63;0;16;165;24/nov/25
1023107;DESOD CREME DOVE REP DIARIA 50ML;12;6;12;1,5;1,42;0;0,08;0,08;0,08;127,5;127,5;0;16;165;24/nov/25
1017174;DESOD ROLLON ABOVE  S/PERFUME  80ML;4;6;12;0,83;0,75;1;0,25;0,25;0,18;30;70;0;16;165;24/nov/25
1017174;DESOD ROLLON ABOVE  S/PERFUME  80ML;13;6;12;2;1,25;0;0;0,33;0,19;45;45;0;16;165;24/nov/25
1017174;DESOD ROLLON ABOVE  S/PERFUME  80ML;17;6;12;2;1,25;0;0,42;0,67;0,43;20,45;20,45;0;16;165;24/nov/25
1021511;DESOD ROLLON ABOVE CREAN ORIG 50ML;8;6;12;1;0,75;1;0;0,08;0,04;135;315;0;16;165;24/nov/25
1021511;DESOD ROLLON ABOVE CREAN ORIG 50ML;13;6;12;2;-0,42;3;0,33;0,17;0,25;-11,54;71,54;0;16;165;24/nov/25
1017175;DESOD ROLLON ABOVE SPORT ENERGY 50ML;3;6;12;3;3,67;2;0,33;0,17;0,29;88;136;0;16;165;24/nov/25
1017175;DESOD ROLLON ABOVE SPORT ENERGY 50ML;4;6;12;1;0;2;0;0;0,12;0;120;0;16;165;24/nov/25
1017175;DESOD ROLLON ABOVE SPORT ENERGY 50ML;5;6;12;0,5;0,42;1;0,33;0,08;0,29;10;34;0;16;165;24/nov/25
1017175;DESOD ROLLON ABOVE SPORT ENERGY 50ML;12;6;12;1,5;0,67;2;0;0,5;0,19;24;96;0;16;165;24/nov/25
36758;DESOD ROLLON DI HELLEN FEM 55ML;2;6;12;1;1,75;0;0,25;0;0,06;210;210;0;16;165;24/nov/25
36758;DESOD ROLLON DI HELLEN FEM 55ML;3;6;12;1,5;2,25;1;0,33;0,42;0,25;62,31;90;0;16;165;24/nov/25
36758;DESOD ROLLON DI HELLEN FEM 55ML;13;6;12;1;0,92;0;0,25;0,08;0,18;36,67;36,67;0;16;165;24/nov/25
8136;DESOD ROLLON DI HELLEN MASC EXTREME 55M;12;6;12;1;0,92;1;0;0,08;0,06;110;230;0;16;165;24/nov/25
8136;DESOD ROLLON DI HELLEN MASC EXTREME 55M;13;6;12;1;0,92;0;0,08;0;0,02;330;330;0;16;165;24/nov/25
8136;DESOD ROLLON DI HELLEN MASC EXTREME 55M;17;6;12;1,5;1,08;0;0,67;0,17;0,21;35,45;35,45;0;16;165;24/nov/25
9991989;DESOD ROLLON DI HELLEN UNISSEX 55ML;2;6;12;1;0,42;2;0;0;0,04;75;435;0;16;165;24/nov/25
9991989;DESOD ROLLON DI HELLEN UNISSEX 55ML;12;6;12;1;0,75;1;0;0,08;0,04;135;315;0;16;165;24/nov/25
9991989;DESOD ROLLON DI HELLEN UNISSEX 55ML;17;6;12;1;0,92;0;0;0,67;0,19;33;33;0;16;165;24/nov/25
94781;DESOD ROLLON DOVE 50ML;3;6;12;3;3,67;1;0,75;0,67;0,76;33,85;43,08;0;16;165;24/nov/25
94781;DESOD ROLLON DOVE 50ML;17;6;12;2;0;3;1,67;0,75;0,62;0;33,75;0;16;165;24/nov/25
1614792;DESOD ROLLON DOVE ROMA E VERBENA 50ML;7;6;12;1;1,42;2;0,58;0;0,14;72,86;175,71;0;16;165;24/nov/25
1614792;DESOD ROLLON DOVE ROMA E VERBENA 50ML;13;6;12;1;2,83;0;0,17;0;0,04;510;510;0;16;165;24/nov/25
1614792;DESOD ROLLON DOVE ROMA E VERBENA 50ML;17;6;12;1,5;1;0;1;0;0,23;30;30;0;16;165;24/nov/25
1612776;DESOD ROLLON NIVEA B&W CLEAR INV 50ML;12;6;12;1;0,83;1;0,25;0,08;0,16;37,5;82,5;0;16;165;24/nov/25
1612776;DESOD ROLLON NIVEA B&W CLEAR INV 50ML;13;6;12;1,5;1,25;0;0,5;0,42;0,33;26,47;26,47;0;16;165;24/nov/25
3490;DESOD ROLLON REXONA ACT EMOT 50ML 70G;2;6;12;3;0,33;1;0,17;1,17;0,64;3,64;14,55;0;16;165;24/nov/25
3490;DESOD ROLLON REXONA ACT EMOT 50ML 70G;3;6;12;7;-1;1;1;1,17;1,09;-6,43;0;0;16;165;24/nov/25
3490;DESOD ROLLON REXONA ACT EMOT 50ML 70G;4;6;12;0,83;-0,25;1;0,25;0;0,27;-6,43;19,29;0;16;165;24/nov/25
3490;DESOD ROLLON REXONA ACT EMOT 50ML 70G;6;6;12;1;-0,92;1;1,17;0,75;0,66;-9,71;0,88;0;16;165;24/nov/25
3490;DESOD ROLLON REXONA ACT EMOT 50ML 70G;7;6;12;1;0;1;0,42;0,42;0,53;0;13,33;0;16;165;24/nov/25
3490;DESOD ROLLON REXONA ACT EMOT 50ML 70G;8;6;12;0,83;0,08;1;0,08;0,17;0,21;2,73;35,45;0;16;165;24/nov/25
3490;DESOD ROLLON REXONA ACT EMOT 50ML 70G;12;6;12;1,5;-0,08;1;0;0,42;0,29;-2;22;0;16;165;24/nov/25
3490;DESOD ROLLON REXONA ACT EMOT 50ML 70G;13;6;12;1,5;0;1;0;0,75;0,35;0;20;0;16;165;24/nov/25
3490;DESOD ROLLON REXONA ACT EMOT 50ML 70G;14;6;12;0,5;0;1;0;0;0,18;0;40;0;16;165;24/nov/25
3490;DESOD ROLLON REXONA ACT EMOT 50ML 70G;17;6;12;1;-0,5;1;1,17;0,83;0,7;-5;5;0;16;165;24/nov/25
3490;DESOD ROLLON REXONA ACT EMOT 50ML 70G;18;6;12;1,5;0,33;1;0,58;0,58;0,39;6;24;0;16;165;24/nov/25
53814;DESOD ROLLON REXONA V8 50ML;3;6;12;5;5,83;2;0,92;1,42;1,19;34,43;46,23;0;16;165;24/nov/25
53814;DESOD ROLLON REXONA V8 50ML;6;1;12;3;2,92;0;0,67;0,75;1,09;18,75;18,75;0;16;165;24/nov/25
53814;DESOD ROLLON REXONA V8 50ML;13;1;12;2;1,42;0;1,08;0,58;0,78;12,75;12,75;0;16;165;24/nov/25
53814;DESOD ROLLON REXONA V8 50ML;17;1;12;3;2,92;0;0,25;0,75;0,23;87,5;87,5;0;16;165;24/nov/25
29539;DESOD ROLLON VINI LADY FEM 50G;3;6;24;1;1,88;1;0,25;0;0,08;168,75;258,75;0;16;165;24/nov/25
1023816;DESOD STICK REXONA TROPICAL CITRUS 45G;14;6;12;1;0;2;0;0;0;;;0;16;165;24/nov/25
1023816;DESOD STICK REXONA TROPICAL CITRUS 45G;17;6;12;1;0,5;0;0,08;0,17;0,29;12;12;0;16;165;24/nov/25
9962941;HID DI HELLEN ALFACE 30G;2;6;12;0,67;2;2;0;0;0;;;0;16;165;24/nov/25
9962941;HID DI HELLEN ALFACE 30G;3;6;12;1;2,17;2;0;0,08;0,1;156;300;0;16;165;24/nov/25
9962941;HID DI HELLEN ALFACE 30G;12;6;12;1;0;2;0;0,08;0,02;0;720;0;16;165;24/nov/25
9962941;HID DI HELLEN ALFACE 30G;14;6;12;1;0;2;0;0;0;;;0;16;165;24/nov/25
9962941;HID DI HELLEN ALFACE 30G;17;6;12;1;0,67;0;0,17;0,08;0,06;80;80;0;16;165;24/nov/25
9962941;HID DI HELLEN ALFACE 30G;18;6;12;1;0;2;0;0;0;;;0;16;165;24/nov/25
9962958;HID DI HELLEN AVEIA 30G;3;6;12;1;1,5;1;0,08;0,5;0,16;67,5;112,5;0;16;165;24/nov/25
9962958;HID DI HELLEN AVEIA 30G;18;6;12;1;0,83;1;0,17;0;0,04;150;330;0;16;165;24/nov/25
9962965;HID DI HELLEN PEPINO 30G;3;6;12;1;2;2;0;0;0;;;0;16;165;24/nov/25
9962965;HID DI HELLEN PEPINO 30G;6;6;12;0,67;0;2;0;0;0;;;0;16;165;24/nov/25
9962965;HID DI HELLEN PEPINO 30G;12;6;12;1;0,25;2;0,08;0,08;0,08;22,5;202,5;0;16;165;24/nov/25
9962965;HID DI HELLEN PEPINO 30G;14;6;12;1;0;2;0;0;0;;;0;16;165;24/nov/25
9962965;HID DI HELLEN PEPINO 30G;17;6;12;1;0,17;2;0;0,08;0,06;20;260;0;16;165;24/nov/25
9962965;HID DI HELLEN PEPINO 30G;18;6;12;1;0;2;0;0;0,06;0;240;0;16;165;24/nov/25
1001666;HID PAIXAO FRAMBOESA NEGRA 200ML;3;6;24;0,75;0,38;1;0,13;0;0,03;90;330;0;16;165;24/nov/25
1001666;HID PAIXAO FRAMBOESA NEGRA 200ML;5;1;24;0,42;0,29;1;0,21;0;0,05;42;186;0;16;165;24/nov/25
1001666;HID PAIXAO FRAMBOESA NEGRA 200ML;12;1;24;0,75;1,42;0;0,08;0;0,12;85;85;0;16;165;24/nov/25
1001666;HID PAIXAO FRAMBOESA NEGRA 200ML;13;1;24;0,5;0,46;0;0,21;0,08;0,11;30;30;0;16;165;24/nov/25
1001666;HID PAIXAO FRAMBOESA NEGRA 200ML;17;1;24;0,75;0,38;1;0,29;0,17;0,18;14,21;52,11;0;16;165;24/nov/25
1616961;LC HID DENOMAX COLAGENO E VIT E 470G;14;6;12;0,83;0,42;1;0,25;0,17;0,12;25;85;0;16;165;24/nov/25
1616960;LC HID DENOMAX OLEO DE UVA/ROMA 470G;11;6;12;0,67;0,33;1;0,5;0,17;0,16;15;60;0;16;165;24/nov/25
1616960;LC HID DENOMAX OLEO DE UVA/ROMA 470G;13;6;12;1;0,92;0;0,08;0,25;0,21;30;30;0;16;165;24/nov/25
1616959;LC HID DENOMAX ROSA MOSQ E ARGAN 470G;6;6;12;0,67;0,5;1;0,17;0,42;0,27;12,86;38,57;0;16;165;24/nov/25
1616959;LC HID DENOMAX ROSA MOSQ E ARGAN 470G;13;6;12;0,67;0,58;0;0,25;0,17;0,16;26,25;26,25;0;16;165;24/nov/25
1023099;MASC TRAT SEDA TOQUE DE SEDA  300G;3;6;6;3;3,83;1;0,5;0,33;0,31;86,25;108,75;0;16;165;24/nov/25
1023099;MASC TRAT SEDA TOQUE DE SEDA  300G;18;6;6;3;2,33;0;0,17;0,17;0,16;105;105;0;16;165;24/nov/25
1613956;TALCO POLVILHO ANT. GRANADO PINK 100G;6;6;12;0,67;0,58;1;0,08;0,08;0,04;105;285;0;16;165;24/nov/25
1613956;TALCO POLVILHO ANT. GRANADO PINK 100G;17;6;12;1;0,83;1;0,17;0;0,18;33,33;73,33;0;16;165;24/nov/25
1613581;TALCO TENYS PE BARUEL PO WOMAN 100G;18;1;12;2;2,67;0;0,17;0;0,14;137,14;137,14;0;16;165;24/nov/25
1617342;AP GILLETTE COOL COMFORTFRESH C/4;17;6;6;3,33;3;1;1,17;1;1,13;18,62;24,83;4,17;16;166;24/nov/25
1616366;AP GILLETTE MACH3 ACQUA GRIP REG;2;6;1;24;21;0;3;1;1,63;90;90;0;16;166;24/nov/25
1616366;AP GILLETTE MACH3 ACQUA GRIP REG;11;6;1;30;26;0;3;2;2,33;78;78;0;16;166;24/nov/25
1616366;AP GILLETTE MACH3 ACQUA GRIP REG;14;6;1;24;19;10;7;3;3,03;43,85;66,92;24;16;166;24/nov/25
1615611;AP GILLETTE PREST 3 FEM L4P3;17;6;6;3,33;2,5;2;1,5;2,17;1,75;10;18;4,17;16;166;24/nov/25
26802;AP GILLETTE PREST U.GRIP C/2;2;6;12;8;5,75;0;2,75;1,58;1,61;24,94;24,94;0;16;166;24/nov/25
26802;AP GILLETTE PREST U.GRIP C/2;5;6;12;4;3,58;0;0,92;0,83;0,68;36,86;36,86;0;16;166;24/nov/25
26802;AP GILLETTE PREST U.GRIP C/2;17;6;12;15;13,67;0;3;4,42;3,56;26,89;26,89;16;16;166;24/nov/25
22863;AP GILLETTE PROBAK C/2;3;6;14;7,14;8,07;2;6,57;4,43;4,3;13,14;16,4;0;16;166;24/nov/25
22863;AP GILLETTE PROBAK C/2;17;6;14;12,71;11,07;3;1,79;2,14;1,82;42,66;54,22;13,71;16;166;24/nov/25
1020913;AP PRESTO REGULAR GILETTE LV8 PG6;17;6;3;7,33;3,67;4;4;1,33;3,19;8,05;16,83;8,33;16;166;24/nov/25
1610215;AP PRESTOBARBA 3 CARBONO PROMO C/6;8;6;4;6;5,25;0;1;0,75;0,58;63;63;0;16;166;24/nov/25
1693;CREME BARB BOZZANO 65G MENTOL;11;6;6;0,83;0,67;1;0,17;0,33;0,16;30;75;0;16;166;24/nov/25
1693;CREME BARB BOZZANO 65G MENTOL;13;6;6;3;2,67;0;0,33;0,33;0,23;80;80;0;16;166;24/nov/25
1693;CREME BARB BOZZANO 65G MENTOL;17;6;6;1;0,83;0;0,17;0;0,04;150;150;0;16;166;24/nov/25
1616651;TINTURA BELA&COR 1.0 PRETO ONIX 147G;2;6;6;2;1,83;0;0,33;0,17;0,12;110;110;0;16;167;24/nov/25
1616651;TINTURA BELA&COR 1.0 PRETO ONIX 147G;4;6;6;1;0,5;1;0;0;0;;;0;16;167;24/nov/25
1616651;TINTURA BELA&COR 1.0 PRETO ONIX 147G;12;6;6;1;0,83;0;0;0,17;0,08;75;75;0;16;167;24/nov/25
1616620;TINTURA BELA&COR 3.0 CASTANHO ESC 147G;7;6;6;1;0;1;0,33;0;0,12;0;60;0;16;167;24/nov/25
48258;TINTURA COR&TON 2.0 PRETO;3;6;6;2;1,83;1;0;0,5;0,27;47,14;72,86;0;16;167;24/nov/25
48258;TINTURA COR&TON 2.0 PRETO;8;6;6;2;1;1;0;0;0,08;90;180;0;16;167;24/nov/25
48258;TINTURA COR&TON 2.0 PRETO;18;6;6;2;1;1;0;0,17;0,04;180;360;0;16;167;24/nov/25
46705;TINTURA COR&TON 3.0 CAST.ESC;2;6;6;2;0;2;0;0,33;0,39;0;36;0;16;167;24/nov/25
46705;TINTURA COR&TON 3.0 CAST.ESC;8;6;6;2;1;2;0;0;0,04;180;540;0;16;167;24/nov/25
46705;TINTURA COR&TON 3.0 CAST.ESC;13;6;6;1,33;0,5;2;0;0;0,12;30;150;0;16;167;24/nov/25
46706;TINTURA COR&TON 4.0 CASTANHO MEDIO;12;6;6;2;1;2;0;0,33;0,16;45;135;0;16;167;24/nov/25
46706;TINTURA COR&TON 4.0 CASTANHO MEDIO;13;6;6;2;0,5;2;0;0;0;;;0;16;167;24/nov/25
46706;TINTURA COR&TON 4.0 CASTANHO MEDIO;17;6;6;1,83;0;3;0;0;0;;;0;16;167;24/nov/25
46708;TINTURA COR&TON 6.0 LOURO ESCURO;2;6;6;2;0;3;0;0;0,04;0;540;0;16;167;24/nov/25
46708;TINTURA COR&TON 6.0 LOURO ESCURO;4;6;6;1,67;0,5;2;0;0,17;0,19;18;90;0;16;167;24/nov/25
46708;TINTURA COR&TON 6.0 LOURO ESCURO;8;6;6;1,67;1,17;1;0,17;0;0,08;105;195;0;16;167;24/nov/25
46708;TINTURA COR&TON 6.0 LOURO ESCURO;12;6;6;2;0,5;2;0;0,5;0,23;15;75;0;16;167;24/nov/25
46708;TINTURA COR&TON 6.0 LOURO ESCURO;13;6;6;2;0;3;0,5;0,17;0,23;0;90;0;16;167;24/nov/25
46708;TINTURA COR&TON 6.0 LOURO ESCURO;17;6;6;2;0;3;0;0;0,08;0;270;0;16;167;24/nov/25
48261;TINTURA COR&TON 7.0 LOURO MEDIO;8;6;6;2;1,33;2;0,17;0;0,08;120;300;0;16;167;24/nov/25
48261;TINTURA COR&TON 7.0 LOURO MEDIO;12;6;6;2;1,17;0;0,17;0,33;0,19;42;42;0;16;167;24/nov/25
48261;TINTURA COR&TON 7.0 LOURO MEDIO;17;6;6;1;-0,67;2;0,67;0;0,31;-15;30;0;16;167;24/nov/25
46710;TINTURA COR&TON 8.1 LOURO CZ CL;5;6;6;1;0,5;1;0;0;0,04;90;270;0;16;167;24/nov/25
46710;TINTURA COR&TON 8.1 LOURO CZ CL;6;6;6;1;0,67;1;0,33;0;0,08;60;150;0;16;167;24/nov/25
46710;TINTURA COR&TON 8.1 LOURO CZ CL;7;6;6;0,83;0,33;1;0;0;0;;;0;16;167;24/nov/25
46710;TINTURA COR&TON 8.1 LOURO CZ CL;8;6;6;2;1,83;0;0;0,17;0,12;110;110;0;16;167;24/nov/25
46710;TINTURA COR&TON 8.1 LOURO CZ CL;11;6;6;1;0,17;1;0;0;0,04;30;210;0;16;167;24/nov/25
46710;TINTURA COR&TON 8.1 LOURO CZ CL;13;6;6;1;0;1;0;0;0;;;0;16;167;24/nov/25
46710;TINTURA COR&TON 8.1 LOURO CZ CL;17;6;6;2;0;1;0;0;0;;;0;16;167;24/nov/25
46710;TINTURA COR&TON 8.1 LOURO CZ CL;18;6;6;1;0,83;1;0;0;0;;;0;16;167;24/nov/25
92439;TINTURA FLEURY COLOR 1.0 PRETO 120G;12;6;6;4;2,67;0;1;0,67;1,01;18,46;18,46;0;16;167;24/nov/25
92439;TINTURA FLEURY COLOR 1.0 PRETO 120G;13;6;6;3;0;1;1,33;0,17;1,28;0;5,45;0;16;167;24/nov/25
92439;TINTURA FLEURY COLOR 1.0 PRETO 120G;14;6;6;0,5;0;1;0,33;0,33;0,27;0;25,71;0;16;167;24/nov/25
92439;TINTURA FLEURY COLOR 1.0 PRETO 120G;17;6;6;1,17;0;1;0,83;0,67;0,47;0;15;0;16;167;24/nov/25
92439;TINTURA FLEURY COLOR 1.0 PRETO 120G;18;6;6;3;2;0;0,67;0,33;0,35;40;40;0;16;167;24/nov/25
9916159;TINTURA MAXTON POUCH 8.0 LOURO CLARO;2;6;6;3;0,67;2;0;0;0,12;40;160;0;16;167;24/nov/25
9916159;TINTURA MAXTON POUCH 8.0 LOURO CLARO;3;6;6;3;0,83;2;0,5;0,67;0,43;13,64;46,36;0;16;167;24/nov/25
9916159;TINTURA MAXTON POUCH 8.0 LOURO CLARO;4;6;6;1;0,33;2;0;0;0,12;20;140;0;16;167;24/nov/25
9916159;TINTURA MAXTON POUCH 8.0 LOURO CLARO;13;6;6;2;1,33;0;0,33;0;0,16;60;60;0;16;167;24/nov/25
9916159;TINTURA MAXTON POUCH 8.0 LOURO CLARO;18;6;6;2;0,5;2;0,17;0;0,04;90;450;0;16;167;24/nov/25
1614409;ALGODAO COTTONBABY ROLO 25G;11;6;20;1;0,7;1;0,45;0,55;0,47;10,5;25,5;0;16;169;24/nov/25
1614409;ALGODAO COTTONBABY ROLO 25G;17;6;20;1,5;1,35;0;0,35;0,35;0,43;21,89;21,89;0;16;169;24/nov/25
1020136;POMADA MASSAG BIO FISIOFORT 150ML;1;6;12;1;-0,25;2;0;0,25;0,18;-10;70;0;16;169;24/nov/25
1020136;POMADA MASSAG BIO FISIOFORT 150ML;3;6;12;2;0,5;2;0,5;0,33;0,35;10;50;0;16;169;24/nov/25
1020136;POMADA MASSAG BIO FISIOFORT 150ML;4;6;12;1;-0,08;2;0,08;0,08;0,08;-7,5;172,5;0;16;169;24/nov/25
1020136;POMADA MASSAG BIO FISIOFORT 150ML;5;6;12;0,5;0,08;1;0,08;0,33;0,21;2,73;35,45;0;16;169;24/nov/25
1020136;POMADA MASSAG BIO FISIOFORT 150ML;6;6;12;0,5;0;1;0;0;0;;;0;16;169;24/nov/25
1020136;POMADA MASSAG BIO FISIOFORT 150ML;8;6;12;1;0,08;2;0;0,42;0,19;3;75;0;16;169;24/nov/25
1020136;POMADA MASSAG BIO FISIOFORT 150ML;11;6;12;0,67;0,08;2;0,58;1,17;0,6;0,97;24,19;0;16;169;24/nov/25
1020136;POMADA MASSAG BIO FISIOFORT 150ML;12;6;12;1,92;-0,17;3;0;0,75;0,62;-1,88;31,88;0;16;169;24/nov/25
1020136;POMADA MASSAG BIO FISIOFORT 150ML;13;6;12;1,5;0;1;0;0;0,27;0;25,71;0;16;169;24/nov/25
1020136;POMADA MASSAG BIO FISIOFORT 150ML;14;6;12;0,5;0;1;0;0;0;;;0;16;169;24/nov/25
1020137;POMADA MASSAG BIO FISIOFORT PREMIUM150ML;2;6;12;1,5;0,5;1;0,42;0,42;0,31;11,25;33,75;0;16;169;24/nov/25
1020137;POMADA MASSAG BIO FISIOFORT PREMIUM150ML;3;6;12;2;0;1;0;0;0,16;0;45;0;16;169;24/nov/25
1020137;POMADA MASSAG BIO FISIOFORT PREMIUM150ML;4;6;12;1;0,67;1;0,25;0,17;0,18;26,67;66,67;0;16;169;24/nov/25
1020137;POMADA MASSAG BIO FISIOFORT PREMIUM150ML;6;6;12;0,67;0;1;0;0,08;0,21;0;32,73;0;16;169;24/nov/25
1020137;POMADA MASSAG BIO FISIOFORT PREMIUM150ML;7;6;12;0,5;0,25;1;0,25;0,17;0,16;11,25;56,25;0;16;169;24/nov/25
1020137;POMADA MASSAG BIO FISIOFORT PREMIUM150ML;13;6;12;2;0,08;1;0,67;0,25;0,37;1,58;20,53;0;16;169;24/nov/25
1020137;POMADA MASSAG BIO FISIOFORT PREMIUM150ML;17;6;12;2;0;1;0;0;0,7;0;10;0;16;169;24/nov/25
1020137;POMADA MASSAG BIO FISIOFORT PREMIUM150ML;18;6;12;1;0,5;1;0,17;0,42;0,21;16,36;49,09;0;16;169;24/nov/25
9962453;BATOM DI HELLEN BL 18;2;6;1;5;0;2;0;0;0;;;0;16;170;24/nov/25
9962453;BATOM DI HELLEN BL 18;11;6;1;5;0;2;0;0;0;;;0;16;170;24/nov/25
9962453;BATOM DI HELLEN BL 18;12;6;1;6;0;2;0;0;0;;;0;16;170;24/nov/25
9962453;BATOM DI HELLEN BL 18;14;6;1;2;0;2;0;0;0;;;0;16;170;24/nov/25
9962453;BATOM DI HELLEN BL 18;17;6;1;6;0;2;0;0;0;;;0;16;170;24/nov/25
9962453;BATOM DI HELLEN BL 18;18;6;1;5;0;2;0;0;0;;;0;16;170;24/nov/25
9962699;MANTEIGA DE CACAU BASTAO DI HELLEN;2;6;1;5;0;4;0;0;0;;;0;16;170;24/nov/25
9962699;MANTEIGA DE CACAU BASTAO DI HELLEN;3;6;1;5;0;2;0;0;0;;;0;16;170;24/nov/25
9962699;MANTEIGA DE CACAU BASTAO DI HELLEN;4;6;1;9;0;4;0;0;0;;;0;16;170;24/nov/25
9962699;MANTEIGA DE CACAU BASTAO DI HELLEN;6;6;1;5;0;4;0;0;0;;;0;16;170;24/nov/25
9962699;MANTEIGA DE CACAU BASTAO DI HELLEN;8;6;1;5;0;4;0;0;0;;;0;16;170;24/nov/25
9962699;MANTEIGA DE CACAU BASTAO DI HELLEN;11;6;1;5;1;4;0;1;0,23;30;150;0;16;170;24/nov/25
9962699;MANTEIGA DE CACAU BASTAO DI HELLEN;12;6;1;5;0;4;0;0;0;;;0;16;170;24/nov/25
9962699;MANTEIGA DE CACAU BASTAO DI HELLEN;13;6;1;5;2;4;0;0;0;;;0;16;170;24/nov/25
9962699;MANTEIGA DE CACAU BASTAO DI HELLEN;14;6;1;9;0;4;0;0;0;;;0;16;170;24/nov/25
9962699;MANTEIGA DE CACAU BASTAO DI HELLEN;17;6;1;9;0;4;0;0;0;;;0;16;170;24/nov/25
9945630;PEDRA POMES STA CLARA R.199;2;6;6;2;3;2;0,33;0,67;0,39;54;90;0;16;170;24/nov/25
9945630;PEDRA POMES STA CLARA R.199;3;6;6;2;3;3;0,17;0;0,08;270;540;0;16;170;24/nov/25
9945630;PEDRA POMES STA CLARA R.199;4;6;6;1;-0,17;2;0,17;0;0,12;-10;110;0;16;170;24/nov/25
9945630;PEDRA POMES STA CLARA R.199;6;6;6;1;0,17;2;0,5;0,33;0,19;6;78;0;16;170;24/nov/25
9945630;PEDRA POMES STA CLARA R.199;11;6;6;1;0;2;0,33;0;0,16;0;90;0;16;170;24/nov/25
9945630;PEDRA POMES STA CLARA R.199;12;6;6;1;0,5;1;0,67;0;0,27;12,86;38,57;0;16;170;24/nov/25
9945630;PEDRA POMES STA CLARA R.199;17;6;6;2;1;2;0;0;0;;;0;16;170;24/nov/25
1616867;PROT LABIAL NIVEA ORIGINAL CARE 4.8G;3;6;24;1;0;0,04;0;0;0;;;0;16;170;24/nov/25
1616867;PROT LABIAL NIVEA ORIGINAL CARE 4.8G;12;6;24;1;0;0,04;0;0;0;;;0;16;170;24/nov/25
1616867;PROT LABIAL NIVEA ORIGINAL CARE 4.8G;14;6;24;1;0;0,04;0;0;0;;;0;16;170;24/nov/25
1616867;PROT LABIAL NIVEA ORIGINAL CARE 4.8G;18;6;24;1;0;0,04;0;0;0;;;0;16;170;24/nov/25
1019039;REMOVEDOR ESMALTE AMAZONIA 80ML;2;6;12;4;3,25;0;0,92;0,83;0,68;33,43;33,43;0;16;170;24/nov/25
1019039;REMOVEDOR ESMALTE AMAZONIA 80ML;3;6;12;5;5,92;1;1,42;1,42;1,13;36,72;42,93;0;16;170;24/nov/25
1019039;REMOVEDOR ESMALTE AMAZONIA 80ML;5;6;12;3;2,5;0;0,58;0,58;0,6;29,03;29,03;0;16;170;24/nov/25
1019039;REMOVEDOR ESMALTE AMAZONIA 80ML;6;6;12;4;3,92;0;0,67;0,58;0,47;58,75;58,75;0;16;170;24/nov/25
1019039;REMOVEDOR ESMALTE AMAZONIA 80ML;13;6;12;2,5;1,58;2;1,25;1,58;1,36;8,14;18,43;0;16;170;24/nov/25
1019942;REMOVEDOR ESMALTE BELEZA AMAZONIA 100ML;3;6;12;6;6,92;1;0,83;0,33;0,43;113,18;129,55;0;16;170;24/nov/25
1019942;REMOVEDOR ESMALTE BELEZA AMAZONIA 100ML;11;6;12;2;1,92;0;0,25;0,42;0,43;31,36;31,36;0;16;170;24/nov/25
1615846;REMOVEDOR ESMALTE JAY LUC 100ML;3;6;24;3,33;4;1;0,88;0,92;1,03;27,17;33,96;0;16;170;24/nov/25
1613254;AGUA OXIG BUTTERF 40V 100ML;8;6;12;1;0,92;0;0,17;0,33;0,12;55;55;0;16;171;24/nov/25
1613254;AGUA OXIG BUTTERF 40V 100ML;12;6;12;1;0,67;1;0,5;0,17;0,19;24;60;0;16;171;24/nov/25
40272;CD DARLING CERAMIDAS 350ML;3;6;6;1,33;2;1;0,33;0,17;0,16;90;135;0;16;171;24/nov/25
1616544;CD NEUTROX CLASSICO 300ML;2;6;12;2;1,83;0;0,17;0;0,1;132;132;0;16;171;24/nov/25
1616544;CD NEUTROX CLASSICO 300ML;13;6;12;2;1,92;0;0,75;0,17;0,29;46;46;0;16;171;24/nov/25
1023642;CD SEDA 425ML CERAMIDAS;3;6;12;3;3,75;1;0,5;0,42;0,31;84,38;106,88;0;16;171;24/nov/25
1023642;CD SEDA 425ML CERAMIDAS;6;6;12;1,5;1,42;0;0,42;0,17;0,14;72,86;72,86;0;16;171;24/nov/25
1023642;CD SEDA 425ML CERAMIDAS;7;6;12;1,5;1,33;0;0,5;0,75;0,51;18,46;18,46;0;16;171;24/nov/25
1023642;CD SEDA 425ML CERAMIDAS;8;6;12;1,5;1,42;0;0,5;0,25;0,21;46,36;46,36;0;16;171;24/nov/25
1023642;CD SEDA 425ML CERAMIDAS;17;6;12;3;1,58;2;1,33;2,67;1,93;5,76;13,03;0;16;171;24/nov/25
1023641;CD SEDA 425ML LISO PERFEITO;3;6;12;2,5;3,42;1;1,08;0,67;0,68;35,14;45,43;0;16;171;24/nov/25
1023641;CD SEDA 425ML LISO PERFEITO;6;6;12;1,5;1,08;0;0,5;0,67;0,41;18,57;18,57;0;16;171;24/nov/25
1023641;CD SEDA 425ML LISO PERFEITO;7;6;12;1,5;1,08;1;1;0,5;0,62;12,19;23,44;0;16;171;24/nov/25
1023641;CD SEDA 425ML LISO PERFEITO;13;6;12;1;0,75;0;0,83;0,42;0,29;18;18;0;16;171;24/nov/25
1023641;CD SEDA 425ML LISO PERFEITO;17;6;12;3;2,25;2;2;2,75;1,85;8,53;16,11;0;16;171;24/nov/25
1614230;CD SEDA CERAMIDAS 325ML;17;6;12;2;1,83;0;0,33;0,92;0,29;44;44;0;16;171;24/nov/25
1614232;CD SEDA LISO PERFEITO 325ML;11;6;12;1,5;1,33;0;0,25;0,5;0,33;28,24;28,24;0;16;171;24/nov/25
1614232;CD SEDA LISO PERFEITO 325ML;17;6;12;4;3,83;0;0,67;0,42;0,51;53,08;53,08;0;16;171;24/nov/25
1022260;CD SEDA LUMINOUS UV 425ML;8;6;12;1;0,92;0;0,33;0,42;0,31;20,63;20,63;0;16;171;24/nov/25
148047;CREME P/PENT SEDA BOOM DEF FLEX 350ML;7;6;12;0,5;1,42;0;0,25;0;0,06;170;170;0;16;171;24/nov/25
148047;CREME P/PENT SEDA BOOM DEF FLEX 350ML;14;6;12;1;0,92;1;0,08;0;0,02;330;690;0;16;171;24/nov/25
21169;CREME P/PENT SEDA CACHOS COMPORT.300ML;3;6;12;1;1,58;1;0,75;0,5;0,33;33,53;54,71;0;16;171;24/nov/25
25089;CREME P/PENT SEDA CERAMIDAS 300ML;18;6;12;1,5;1,33;0;0,33;0,33;0,16;60;60;0;16;171;24/nov/25
1617572;CREME P/PENT SEDA JUNT. BRILHO 300ML;13;6;12;1;0,92;0;0,08;0;0,02;330;330;0;16;171;24/nov/25
1617572;CREME P/PENT SEDA JUNT. BRILHO 300ML;17;6;12;1;0,92;0;0,08;0;0,02;330;330;0;16;171;24/nov/25
96843;CREME P/PENT SEDA LISO PERFEITO 300ML;2;6;12;2;1,42;0;0,92;0,25;0,43;23,18;23,18;0;16;171;24/nov/25
96843;CREME P/PENT SEDA LISO PERFEITO 300ML;7;6;12;1;0,92;0;0,42;0,5;0,43;15;15;0;16;171;24/nov/25
96843;CREME P/PENT SEDA LISO PERFEITO 300ML;17;6;12;1,75;1,67;0;0,25;0,92;0,66;17,65;17,65;0;16;171;24/nov/25
48064;CREME P/PENT SEDA PRETOS LUMINOSOS 300ML;2;6;12;1;1,58;0;0,5;0,42;0,35;31,67;31,67;0;16;171;24/nov/25
48064;CREME P/PENT SEDA PRETOS LUMINOSOS 300ML;4;6;12;1;0,75;0;0,25;0,08;0,18;30;30;0;16;171;24/nov/25
48064;CREME P/PENT SEDA PRETOS LUMINOSOS 300ML;6;6;12;0,67;0,5;1;0,25;0,5;0,27;12,86;38,57;0;16;171;24/nov/25
48064;CREME P/PENT SEDA PRETOS LUMINOSOS 300ML;7;6;12;1;0,92;0;0,5;0,25;0,39;16,5;16,5;0;16;171;24/nov/25
1014788;CREME P/PENT SEDA SUPER HIDRATACAO 1KG;13;6;6;1;0,83;0;0,17;0,33;0,27;21,43;21,43;0;16;171;24/nov/25
1014788;CREME P/PENT SEDA SUPER HIDRATACAO 1KG;18;6;6;1;1,67;0;0,5;0,17;0,23;50;50;0;16;171;24/nov/25
1023097;CREME P/PENT SEDA TOQUE DE SEDA 300ML;11;6;12;1,5;1,42;0;0,08;0,25;0,12;85;85;0;16;171;24/nov/25
1023097;CREME P/PENT SEDA TOQUE DE SEDA 300ML;17;6;12;2;1,5;0;0,17;0,33;0,12;90;90;0;16;171;24/nov/25
1003948;CREME P/PENT SEDA VOLUME MAX 350ML;2;6;12;1;0,92;0;0,5;0,17;0,23;27,5;27,5;0;16;171;24/nov/25
112482;CREME P/PENTEAR SEDA LUMINOUS UV 300ML;2;6;12;1;1,92;0;0,08;0,42;0,23;57,5;57,5;0;16;171;24/nov/25
112482;CREME P/PENTEAR SEDA LUMINOUS UV 300ML;4;6;12;0,83;0,67;0;0,17;0,17;0,12;40;40;0;16;171;24/nov/25
112482;CREME P/PENTEAR SEDA LUMINOUS UV 300ML;5;6;12;1;0,92;0;0,25;0,67;0,27;23,57;23,57;0;16;171;24/nov/25
112482;CREME P/PENTEAR SEDA LUMINOUS UV 300ML;17;6;12;1,5;1,42;0;0,42;0,17;0,14;72,86;72,86;0;16;171;24/nov/25
1016219;CREME TRAT HEDERA BABOSA 960G;3;6;6;6;7;2;0,83;0,5;0,66;74,12;95,29;0;16;171;24/nov/25
1016219;CREME TRAT HEDERA BABOSA 960G;6;6;6;4;3,33;0;1,5;0,17;0,39;60;60;0;16;171;24/nov/25
1016219;CREME TRAT HEDERA BABOSA 960G;7;6;6;2;1,17;2;1;0,67;0,66;12,35;33,53;0;16;171;24/nov/25
1016219;CREME TRAT HEDERA BABOSA 960G;12;6;6;4;3,83;0;0,17;1;0,43;62,73;62,73;0;16;171;24/nov/25
1006758;CREME TRAT HEDERA BABOSA 960G SH;2;6;6;4;3,83;0;0;0,17;0,08;345;345;0;16;171;24/nov/25
1006762;CREME TRAT HEDERA BOMBA 960G SH;11;6;6;4;3,83;0;0,5;0,5;0,35;76,67;76,67;0;16;171;24/nov/25
1006762;CREME TRAT HEDERA BOMBA 960G SH;13;6;6;4;3,67;0;0,5;0,5;0,39;66;66;0;16;171;24/nov/25
1016222;CREME TRAT HEDERA CERAMIDAS 960G;3;6;6;4;4,67;1;0,83;0,5;0,74;44,21;53,68;0;16;171;24/nov/25
1016222;CREME TRAT HEDERA CERAMIDAS 960G;5;6;6;2;1,5;0;0,83;0,67;0,51;20,77;20,77;0;16;171;24/nov/25
1016222;CREME TRAT HEDERA CERAMIDAS 960G;6;6;6;4;1,67;3;2,33;1,17;1,24;9,38;26,25;0;16;171;24/nov/25
1016222;CREME TRAT HEDERA CERAMIDAS 960G;8;6;6;4;2,83;2;1,17;0,83;0,66;30;51,18;0;16;171;24/nov/25
1016222;CREME TRAT HEDERA CERAMIDAS 960G;12;6;6;4;3,83;0;0,5;0,67;0,62;43,13;43,13;0;16;171;24/nov/25
1016222;CREME TRAT HEDERA CERAMIDAS 960G;17;6;6;4;3;0;1,67;2,17;1,4;15;15;0;16;171;24/nov/25
1016221;CREME TRAT HEDERA LISS PERFEITO 960G;1;6;6;1,67;5,33;0;0,67;0;0,16;240;240;0;16;171;24/nov/25
1016221;CREME TRAT HEDERA LISS PERFEITO 960G;5;6;6;4;3,5;0;0,67;0,67;0,89;27,39;27,39;0;16;171;24/nov/25
1016221;CREME TRAT HEDERA LISS PERFEITO 960G;8;6;6;4;3;2;1,33;0,83;0,7;30;50;0;16;171;24/nov/25
1016221;CREME TRAT HEDERA LISS PERFEITO 960G;12;6;6;4;3,83;0;0,83;0,67;0,51;53,08;53,08;0;16;171;24/nov/25
1016221;CREME TRAT HEDERA LISS PERFEITO 960G;14;6;6;2;1,83;1;0,33;0,33;0,39;33;51;0;16;171;24/nov/25
1016221;CREME TRAT HEDERA LISS PERFEITO 960G;17;6;6;5;4,67;0;0,83;1,67;1,4;23,33;23,33;0;16;171;24/nov/25
1016221;CREME TRAT HEDERA LISS PERFEITO 960G;18;6;6;5;4,67;0;0,83;0,5;0,43;76,36;76,36;0;16;171;24/nov/25
1016220;CREME TRAT HEDERA OLEO D ARGAN 960G;1;6;6;4;5;0;0,83;1,5;0,74;47,37;47,37;0;16;171;24/nov/25
1016220;CREME TRAT HEDERA OLEO D ARGAN 960G;2;6;6;4;2,5;0;1,5;0,83;0,93;18,75;18,75;0;16;171;24/nov/25
1016220;CREME TRAT HEDERA OLEO D ARGAN 960G;3;6;6;6;6,67;1;1;0,17;0,47;100;115;0;16;171;24/nov/25
1016220;CREME TRAT HEDERA OLEO D ARGAN 960G;12;6;6;4;2,5;2;1,17;1;0,7;25;45;0;16;171;24/nov/25
1016220;CREME TRAT HEDERA OLEO D ARGAN 960G;17;6;6;6;5;0;1,83;2,17;1,48;23,68;23,68;0;16;171;24/nov/25
1615298;CREME TRAT VINI LADY COCO NUTRICAO 900G;3;6;6;4;4,67;1;0,33;0,67;0,35;93,33;113,33;0;16;171;24/nov/25
1614917;CREME TRAT VINI LADY SH BRILHO INT 700G;2;6;6;2;1,83;0;0,17;0;0,12;110;110;0;16;171;24/nov/25
1615300;CREME TRAT VINI LADY SH COCO NUTRIC 700G;7;6;6;1;0,67;1;1,17;0,33;0,58;8;20;0;16;171;24/nov/25
1614923;CREME TRAT VINI LADY SH REPAR TOTAL 700G;17;6;6;5;4,83;0;0,33;0,67;0,39;87;87;0;16;171;24/nov/25
1614570;ESC BANHO LIMPAMANIA SPA;17;6;1;8;3;6;1;6;1,63;12,86;38,57;0;16;171;24/nov/25
18118;GEL FIX DI HELLEN BRI/M ERV/DIA DIA 240G;2;6;12;1;0,67;1;0;0;0;;;0;16;171;24/nov/25
18118;GEL FIX DI HELLEN BRI/M ERV/DIA DIA 240G;3;6;12;1;1,92;1;0;0;0;;;0;16;171;24/nov/25
18118;GEL FIX DI HELLEN BRI/M ERV/DIA DIA 240G;4;6;12;1;0,5;1;0,08;0,17;0,12;30;90;0;16;171;24/nov/25
18118;GEL FIX DI HELLEN BRI/M ERV/DIA DIA 240G;11;6;12;0,67;0;2;0;0;0;;;0;16;171;24/nov/25
18118;GEL FIX DI HELLEN BRI/M ERV/DIA DIA 240G;14;6;12;0,5;0;1;0;0;0,02;0;360;0;16;171;24/nov/25
18118;GEL FIX DI HELLEN BRI/M ERV/DIA DIA 240G;17;6;12;1;0,17;2;0,33;0,33;0,39;3;39;0;16;171;24/nov/25
1614003;GEL JAY LUC BRILHO MOLHADO INC 240G.N.3;13;6;24;1;0,92;0;0,08;0,13;0,12;55;55;0;16;171;24/nov/25
1023804;KIT SH CD DOVE AMINOACIDO 350ML 175ML;2;1;8;2,5;2;1;0;0;0;;;0;16;171;24/nov/25
1023804;KIT SH CD DOVE AMINOACIDO 350ML 175ML;3;6;8;3,75;0;1;0;0;0;;;0;16;171;24/nov/25
1023804;KIT SH CD DOVE AMINOACIDO 350ML 175ML;13;1;8;1,25;0;1;1;0;0,23;0;30;0;16;171;24/nov/25
1023804;KIT SH CD DOVE AMINOACIDO 350ML 175ML;14;1;8;1,25;0,5;2;0,25;0;0,06;60;300;0;16;171;24/nov/25
1023806;KIT SH CD DOVE HIALURON VIT 350ML 175ML;14;6;8;1,25;0,88;1;0,13;0;0,03;210;450;0;16;171;24/nov/25
1023806;KIT SH CD DOVE HIALURON VIT 350ML 175ML;17;6;8;1,25;0,63;2;1,63;0,63;0,53;8,33;35;0;16;171;24/nov/25
1616247;KIT SH+CD ELSEVE REP TOTAL 375+170ML;1;6;6;1;0,5;2;0,17;0,17;0,19;18;90;0;16;171;24/nov/25
1616247;KIT SH+CD ELSEVE REP TOTAL 375+170ML;2;6;6;1;0;2;0;0;0;;;0;16;171;24/nov/25
1616247;KIT SH+CD ELSEVE REP TOTAL 375+170ML;8;6;6;0,83;0;2;0;0;0;;;0;16;171;24/nov/25
1616247;KIT SH+CD ELSEVE REP TOTAL 375+170ML;11;6;6;1;0,83;1;0,17;0,17;0,12;50;110;0;16;171;24/nov/25
1616247;KIT SH+CD ELSEVE REP TOTAL 375+170ML;12;6;6;1;0;2;0;0;0;;;0;16;171;24/nov/25
1616247;KIT SH+CD ELSEVE REP TOTAL 375+170ML;13;6;6;1,33;0;2;0;0;0;;;0;16;171;24/nov/25
1616247;KIT SH+CD ELSEVE REP TOTAL 375+170ML;14;6;6;0,83;0;2;0;0;0;;;0;16;171;24/nov/25
1616247;KIT SH+CD ELSEVE REP TOTAL 375+170ML;17;6;6;3;0;2;0;0;0;;;0;16;171;24/nov/25
1617670;KIT SH+CD NEUTROX CLASSICO 300ML+200ML;12;6;12;1,5;1,25;0;0,25;0,08;0,14;64,29;64,29;0;16;171;24/nov/25
1617670;KIT SH+CD NEUTROX CLASSICO 300ML+200ML;17;6;12;4;3,58;0;0,25;0,58;0,33;75,88;75,88;0;16;171;24/nov/25
1615577;KIT SH+CD NIELY GOLD COM+FORT 300+200ML;17;6;12;1,75;1,58;0;0,08;0,42;0,27;40,71;40,71;0;16;171;24/nov/25
1006614;KIT SH+CD PANTENE COLAGENO 300+150ML;2;6;6;4;2,67;0;0;0,17;0,19;96;96;0;16;171;24/nov/25
1006614;KIT SH+CD PANTENE COLAGENO 300+150ML;3;6;6;8;8,67;4;1;1,33;1,59;38,05;55,61;0;16;171;24/nov/25
1006614;KIT SH+CD PANTENE COLAGENO 300+150ML;14;6;6;2;0,33;3;0,67;0;0,19;12;120;0;16;171;24/nov/25
1006614;KIT SH+CD PANTENE COLAGENO 300+150ML;17;6;6;6;3,33;0;1;2,67;1,48;15,79;15,79;0;16;171;24/nov/25
1006910;KIT SH+CD PANTENE EQUILIBRIO 300+150ML;17;6;6;4,17;3,83;0;0,67;2,5;1,4;19,17;19,17;0;16;171;24/nov/25
1617466;KIT SH+CD PANTENE LISO EXTREMO 350+175ML;2;6;6;3;2,67;0;0,67;0,33;0,51;36,92;36,92;0;16;171;24/nov/25
1617466;KIT SH+CD PANTENE LISO EXTREMO 350+175ML;17;6;6;2;1,5;1;2,17;0,67;1,21;8,71;14,52;0;16;171;24/nov/25
9000554;KIT SH+CD PANTENE QUERATINA 300+150ML;13;6;6;3;2,83;0;0,83;0,67;0,89;22,17;22,17;0;16;171;24/nov/25
9000554;KIT SH+CD PANTENE QUERATINA 300+150ML;17;6;6;3;2,33;2;1,83;1,33;1,87;8,75;16,25;0;16;171;24/nov/25
1617537;KIT SH+CD PANTENE RESTAURACAO 350+175ML;13;6;6;2;1,83;0;0,5;1,33;0,58;22;22;0;16;171;24/nov/25
1617537;KIT SH+CD PANTENE RESTAURACAO 350+175ML;18;6;6;4;3,83;0;0,17;0;0,12;230;230;0;16;171;24/nov/25
1020727;KIT SH+CD SEDA BABOSA 300ML+190ML;13;6;15;3;2,33;2;1,87;2,47;1,98;8,27;15,35;0;16;171;24/nov/25
1020727;KIT SH+CD SEDA BABOSA 300ML+190ML;17;6;15;2;1,73;1;0,53;1;1,37;8,86;13,98;0;16;171;24/nov/25
1020728;KIT SH+CD SEDA CERAMIDAS 300ML+190ML;3;6;15;6,67;7,53;2;2,53;2,2;2,3;22,91;28,99;0;16;171;24/nov/25
1020728;KIT SH+CD SEDA CERAMIDAS 300ML+190ML;7;6;15;2,67;2,4;0;1;1,53;1,51;11,13;11,13;0;16;171;24/nov/25
1020728;KIT SH+CD SEDA CERAMIDAS 300ML+190ML;13;6;15;7,07;6,53;0;6;0,47;4,04;11,31;11,31;0;16;171;24/nov/25
1020728;KIT SH+CD SEDA CERAMIDAS 300ML+190ML;17;6;15;6,67;5,73;2;4,27;1,73;4,18;9,59;12,94;0;16;171;24/nov/25
1023098;KIT SH+CD SEDA TOQUE DE SEDA 300ML+190ML;13;6;15;4;2,8;1;3,53;2,87;3,76;5,21;7,07;0;16;171;24/nov/25
1609691;REPARADOR PONTAS DI HELLEN ALIZ QUIM 30M;2;6;12;1,5;2;2;0;0;0;;;0;16;171;24/nov/25
1609691;REPARADOR PONTAS DI HELLEN ALIZ QUIM 30M;3;6;12;1;2,33;2;0,08;0;0,1;168;312;0;16;171;24/nov/25
1609691;REPARADOR PONTAS DI HELLEN ALIZ QUIM 30M;13;6;12;1,92;0;3;0;0;0;;;0;16;171;24/nov/25
1609691;REPARADOR PONTAS DI HELLEN ALIZ QUIM 30M;14;6;12;1;0;2;0;0;0;;;0;16;171;24/nov/25
1609691;REPARADOR PONTAS DI HELLEN ALIZ QUIM 30M;17;6;12;1;0;2;0;0;0;;;0;16;171;24/nov/25
1609691;REPARADOR PONTAS DI HELLEN ALIZ QUIM 30M;18;6;12;1;0;2;0;0;0;;;0;16;171;24/nov/25
1609707;REPARADOR PONTAS DI HELLEN PROT TERM 30M;2;6;12;1;0;2;0;0;0;;;0;16;171;24/nov/25
1609707;REPARADOR PONTAS DI HELLEN PROT TERM 30M;3;6;12;1,5;2,75;2;0;0,08;0,1;198;342;0;16;171;24/nov/25
1609707;REPARADOR PONTAS DI HELLEN PROT TERM 30M;11;6;12;1;0;2;0;0;0;;;0;16;171;24/nov/25
1609707;REPARADOR PONTAS DI HELLEN PROT TERM 30M;12;6;12;1;0,17;2;0,08;0,25;0,31;3,75;48,75;0;16;171;24/nov/25
1609707;REPARADOR PONTAS DI HELLEN PROT TERM 30M;13;6;12;1;0;2;0;0,33;0,14;0;102,86;0;16;171;24/nov/25
1609707;REPARADOR PONTAS DI HELLEN PROT TERM 30M;14;6;12;1;0;2;0;0;0;;;0;16;171;24/nov/25
1609707;REPARADOR PONTAS DI HELLEN PROT TERM 30M;17;6;12;1;0;2;0;0;0,21;0;65,45;0;16;171;24/nov/25
1018037;SH CLEAR A.CASP MENT MEN LV200PG170ML;14;6;12;0,83;0,75;0;0,25;0,08;0,16;33,75;33,75;0;16;171;24/nov/25
1616056;SH CLEAR A.CASP. 2X1 LV400MLPG330ML70GTS;17;1;12;2;1;0;1;0;0,23;30;30;0;16;171;24/nov/25
127318;SH CLEAR MEN HIDRATACAO CAMPEA 200ML;3;6;12;1;1,92;1;0,08;0;0,02;690;1.050,00;0;16;171;24/nov/25
127318;SH CLEAR MEN HIDRATACAO CAMPEA 200ML;6;1;12;0,67;0,58;1;0,33;0,08;0,16;26,25;71,25;0;16;171;24/nov/25
40258;SH DARLING 2X1 350ML;3;6;6;3,17;4;1;1;2,17;1,56;18;22,5;0;16;171;24/nov/25
40258;SH DARLING 2X1 350ML;6;1;6;0,67;0,5;1;0,17;1,17;0,58;6;18;0;16;171;24/nov/25
40258;SH DARLING 2X1 350ML;8;6;6;2;1,67;1;0,5;0,17;0,35;33,33;53,33;0;16;171;24/nov/25
40258;SH DARLING 2X1 350ML;14;6;6;1;0,83;1;0,17;0;0,04;150;330;0;16;171;24/nov/25
1000557;SH DARLING 2X1 650ML;6;6;6;0,67;0,5;1;0,33;0,17;0,12;30;90;0;16;171;24/nov/25
40257;SH DARLING CERAMIDAS 350ML;4;6;6;1,33;1,17;0;0,17;0;0,19;42;42;0;16;171;24/nov/25
40257;SH DARLING CERAMIDAS 350ML;7;6;6;0,5;0,33;1;0,5;0,17;0,27;8,57;34,29;0;16;171;24/nov/25
40257;SH DARLING CERAMIDAS 350ML;14;6;6;1;0,67;1;0,33;0;0,08;60;150;0;16;171;24/nov/25
1022676;SH DARLING CERAMIDAS 650ML;3;6;6;4;4,83;1;0,5;0,67;0,39;87;105;0;16;171;24/nov/25
40259;SH DARLING TILIA 350ML;3;6;6;2;2,5;1;1,17;1,5;0,93;18,75;26,25;0;16;171;24/nov/25
40259;SH DARLING TILIA 350ML;6;6;6;0,67;0,33;1;0,33;0,33;0,19;12;48;0;16;171;24/nov/25
8001223;SH DOVE BOND INTENSE REPAIR 350ML;3;6;12;1;1,92;1;0,08;0;0,08;172,5;262,5;0;16;171;24/nov/25
8001223;SH DOVE BOND INTENSE REPAIR 350ML;17;6;12;1;0,92;0;0,67;0,33;0,23;27,5;27,5;0;16;171;24/nov/25
1614944;SH JAY LUC CERAMIDAS S SAL C VALV 1L;17;6;12;2,17;2,08;0;0,58;1,17;1,07;13,64;13,64;0;16;171;24/nov/25
1616359;SH JAY LUC PROF PLUS MICELAR S/SAL 1L;8;6;12;1;0,75;1;0,67;0;0,21;24,55;57,27;0;16;171;24/nov/25
1616359;SH JAY LUC PROF PLUS MICELAR S/SAL 1L;13;6;12;1,17;0,83;0;0,33;0,33;0,27;21,43;21,43;0;16;171;24/nov/25
1614943;SH JAYLUC PROF NEUTRO S/S C/VALV 1L;14;6;12;0,83;0,75;1;0,33;0,5;0,29;18;42;0;16;171;24/nov/25
1614943;SH JAYLUC PROF NEUTRO S/S C/VALV 1L;17;6;12;3;2,75;0;0,5;1,83;0,93;20,63;20,63;0;16;171;24/nov/25
1617868;SH MONANGE CACHOS QUE TAL 325ML;17;6;12;1;0,83;0;0,17;0;0,18;33,33;33,33;0;16;171;24/nov/25
1617870;SH MONANGE HIDRATA COM PODER 325ML;11;6;12;1,17;1;0;0,67;0,67;0,6;11,61;11,61;0;16;171;24/nov/25
1617870;SH MONANGE HIDRATA COM PODER 325ML;13;6;12;1;0,83;0;0,67;0,25;0,37;15,79;15,79;0;16;171;24/nov/25
1617870;SH MONANGE HIDRATA COM PODER 325ML;17;6;12;1;0,67;1;0,67;0,92;0,74;6,32;15,79;0;16;171;24/nov/25
1616545;SH NEUTROX CLASSICO 300ML;11;6;12;0,83;0,58;1;0,33;0,25;0,35;11,67;31,67;0;16;171;24/nov/25
40265;SH PALMOLIVE NAT CERAMIDAS 350ML;3;6;6;4;4,67;1;0,83;0,17;0,47;70;85;0;16;171;24/nov/25
40444;SH PALMOLIVE NATURALS LISS 350ML;2;6;6;2;1,67;0;0,5;0;0,31;37,5;37,5;0;16;171;24/nov/25
40267;SH PALMOLIVE NATURALS NEUTRO 350ML;3;6;6;2;2,83;1;0,83;1,17;0,93;21,25;28,75;0;16;171;24/nov/25
40267;SH PALMOLIVE NATURALS NEUTRO 350ML;6;6;6;0,67;0,5;1;0,67;0,33;0,31;11,25;33,75;0;16;171;24/nov/25
1000554;SH PALMOLIVE NEUTRO LIMP 650ML;18;6;6;2;1,83;0;0,5;0,33;0,51;25,38;25,38;0;16;171;24/nov/25
171457;SH PANTENE HIDROCAUTERIZACAO 350ML;17;6;6;1;0,67;1;0,83;0,5;0,31;15;37,5;0;16;171;24/nov/25
1016597;SH PANTENE QUERATINA 175ML;3;6;6;2;3,67;2;0,33;0,5;0,93;27,5;42,5;0;16;171;24/nov/25
1017486;SH PANTENE QUERATINA 300ML;2;6;6;1;0,83;0;0,17;0;0,04;150;150;0;16;171;24/nov/25
1017486;SH PANTENE QUERATINA 300ML;12;6;6;1;0,83;1;0,17;0;0,12;50;110;0;16;171;24/nov/25
1023632;SH SEDA 425ML CACHOS DEFINIDOS;6;6;12;1,5;1,25;0;0,33;0,33;0,29;30;30;0;16;171;24/nov/25
1023632;SH SEDA 425ML CACHOS DEFINIDOS;7;6;12;1,5;1,33;0;0,33;0,17;0,25;36,92;36,92;0;16;171;24/nov/25
1023632;SH SEDA 425ML CACHOS DEFINIDOS;17;6;12;3;2,75;0;0,92;1,33;0,78;24,75;24,75;0;16;171;24/nov/25
1023634;SH SEDA 425ML CERAMIDAS;3;6;12;6;6,75;1;0,92;1;0,95;49,59;56,94;0;16;171;24/nov/25
1023634;SH SEDA 425ML CERAMIDAS;17;6;12;5;2;4;2;0,08;0,93;15;45;0;16;171;24/nov/25
1023634;SH SEDA 425ML CERAMIDAS;18;6;12;7;6,83;0;0,25;1,25;0,8;60;60;0;16;171;24/nov/25
1023635;SH SEDA 425ML CHA VERDE E CITRICOS;3;6;12;2;2,5;1;0,83;1;0,78;22,5;31,5;0;16;171;24/nov/25
1023635;SH SEDA 425ML CHA VERDE E CITRICOS;18;6;12;1;1,75;0;0,25;0,25;0,25;48,46;48,46;0;16;171;24/nov/25
1023637;SH SEDA 425ML COLAGENO E VIT;6;6;12;1;0,5;1;0,5;0,08;0,31;11,25;33,75;0;16;171;24/nov/25
1023638;SH SEDA 425ML LISO PERFEITO;3;6;12;7;7,92;1;1,5;1,75;1,59;34,76;39,15;0;16;171;24/nov/25
1023639;SH SEDA 425ML LUMINOSO UV;2;6;12;1;0,92;0;0,08;0;0,25;25,38;25,38;0;16;171;24/nov/25
1023631;SH SEDA 425ML PRETOS LUMINOSOS;17;6;12;3;2,83;0;0,92;1,33;1,21;16,45;16,45;0;16;171;24/nov/25
173032;SH SEDA ANT CASP HIDRATACAO DIARIA 325ML;14;6;12;0,5;0,33;1;0,42;0,5;0,33;7,06;28,24;0;16;171;24/nov/25
1614238;SH SEDA CACHOS DEFINIDOS 325ML;11;6;12;1;0,83;0;0,67;0,25;0,37;15,79;15,79;0;16;171;24/nov/25
1614238;SH SEDA CACHOS DEFINIDOS 325ML;17;6;12;2,25;2;0;0,83;0,33;0,45;31,3;31,3;0;16;171;24/nov/25
1614273;SH SEDA CERAMIDAS 325ML;2;6;12;3;2,42;0;0,83;0,75;0,74;22,89;22,89;0;16;171;24/nov/25
1617425;SH SEDA COLAGENO VITAMINA C 325ML;2;6;12;1;0,83;0;0,17;0,42;0,19;30;30;0;16;171;24/nov/25
1614234;SH SEDA LISO PERFEITO 325ML;2;6;12;2;1,58;0;0,67;0,08;0,27;40,71;40,71;0;16;171;24/nov/25
1614234;SH SEDA LISO PERFEITO 325ML;3;6;12;3;3,92;1;0,58;0,83;0,72;38,11;47,84;0;16;171;24/nov/25
1022262;SH SEDA LUMINOUS UV 300ML;4;6;12;1;0,58;1;0,42;0;0,1;42;114;0;16;171;24/nov/25
1022262;SH SEDA LUMINOUS UV 300ML;12;6;12;1;0,83;1;0,25;0,17;0,1;60;132;0;16;171;24/nov/25
1022262;SH SEDA LUMINOUS UV 300ML;17;6;12;3,42;3;0;0,67;1,92;1,3;16,12;16,12;0;16;171;24/nov/25
1614243;SH SEDA PRETOS LUMINOSOS 325ML;14;6;12;0,5;0,42;1;0,5;0,08;0,19;15;51;0;16;171;24/nov/25
1614237;SH SEDA PUREZA REFRESCANTE 325ML;11;6;12;1,5;1,17;0;0,25;0,17;0,18;46,67;46,67;0;16;171;24/nov/25
1023102;SH SEDA TOQUE DE SEDA 300ML;5;6;12;1;0,83;0;0,17;0;0,08;75;75;0;16;171;24/nov/25
1023102;SH SEDA TOQUE DE SEDA 300ML;11;6;12;1;0,83;0;0,25;0,08;0,12;50;50;0;16;171;24/nov/25
1023102;SH SEDA TOQUE DE SEDA 300ML;17;6;12;1,08;1;0;0,33;0,83;0,54;12,86;12,86;0;16;171;24/nov/25
1023102;SH SEDA TOQUE DE SEDA 300ML;18;6;12;1;1,92;0;0,08;0,5;0,23;57,5;57,5;0;16;171;24/nov/25
1614830;SH VINI LADY BRILHO INTENSO 325ML;13;6;12;1;0,92;0;0,08;0,08;0,14;47,14;47,14;0;16;171;24/nov/25
1021328;SAB ABOVE CANDY WOMEN 75G;2;6;72;1;0,9;0;0,19;0,1;0,13;47,56;47,56;0;16;181;24/nov/25
1021328;SAB ABOVE CANDY WOMEN 75G;8;6;72;1,39;1,24;1;0,18;0,15;0,12;72,16;130,54;0;16;181;24/nov/25
1021328;SAB ABOVE CANDY WOMEN 75G;13;6;72;1;0,93;0;0,17;0,06;0,17;37,92;37,92;0;16;181;24/nov/25
1022927;SAB CLOY MANGA 80G;17;6;72;0,83;0,61;0;0,21;0,92;0,39;11;11;0;16;181;24/nov/25
54080;SAB DOVE 90G;3;6;48;7,96;8,69;3;2,44;1,46;1,97;30,89;41,56;0;16;181;24/nov/25
54080;SAB DOVE 90G;13;6;48;10,42;7,35;0;3,52;0,13;1,78;28,86;28,86;0;16;181;24/nov/25
54080;SAB DOVE 90G;17;6;48;75,77;120,38;16;34,94;14,31;30,36;27,75;31,44;0;16;181;24/nov/25
9800294;SAB DOVE PELE SENSIVEL 90G;14;6;48;2,08;1,73;1;0,31;1,83;0,76;15,86;25,03;0;16;181;24/nov/25
9800294;SAB DOVE PELE SENSIVEL 90G;17;6;48;6,25;6,1;0;1,27;3,88;2,29;18,62;18,62;0;16;181;24/nov/25
1616912;SAB DOVE PROTEGE CUIDA 90G;14;6;48;1;0,96;0;0,04;0;0,01;690;690;0;16;181;24/nov/25
1616912;SAB DOVE PROTEGE CUIDA 90G;17;6;48;6,56;5,9;0;1,13;1,69;1,52;27,21;27,21;0;16;181;24/nov/25
1006764;SAB FARNESE AVEIA E ESFOLIANTE 180G;3;6;36;5,22;6,25;2;1,06;2,03;1,79;24,46;32,28;0;16;181;24/nov/25
1021321;SAB FARNESE CEREJEIRA E VANILA 180G;17;6;36;5,56;5,03;0;1,31;2,36;1,5;23,41;23,41;0;16;181;24/nov/25
1006768;SAB FARNESE E DOCE E VERB 180G;2;6;36;4;3,31;0;0,89;1,11;1,07;21,64;21,64;0;16;181;24/nov/25
1006768;SAB FARNESE E DOCE E VERB 180G;17;6;36;4;3,89;0;0,89;1,97;1,24;21,88;21,88;0;16;181;24/nov/25
1006767;SAB FARNESE LAVANDA E MENTA 180G;3;6;36;4;4,58;1;0,44;1,47;1,34;24,03;29,27;0;16;181;24/nov/25
1006767;SAB FARNESE LAVANDA E MENTA 180G;14;6;36;2,78;2,72;0;0,58;1,11;0,88;21,78;21,78;0;16;181;24/nov/25
1006765;SAB FARNESE PIT E FRAMB 180G;17;6;36;3,83;2,22;3;1,78;1,5;1,15;13,56;31,86;0;16;181;24/nov/25
1021323;SAB FARNESE PURO HIDRATANTE 180G;3;6;36;6;6,81;2;1,36;1,72;1,56;30,5;39,46;0;16;181;24/nov/25
1617306;SAB FLOR DE YPE GL ROSAS AVELA 85G;13;1;72;1,39;1,38;0;0,06;0,07;0,05;185,63;185,63;0;16;181;24/nov/25
1017181;SAB FONTANA SENSUS AMANHECER PERSIA  80G;7;6;108;1;1,74;0;0,44;0,7;1;12,21;12,21;0;16;181;24/nov/25
1018142;SAB FONTANA SENSUS AMANHECER PERSIA 150G;6;6;72;1;0,9;1;0,57;0,54;0,32;19,5;41,1;0;16;181;24/nov/25
1018142;SAB FONTANA SENSUS AMANHECER PERSIA 150G;18;6;72;1,5;1,39;0;0,38;0,4;0,39;24,79;24,79;0;16;181;24/nov/25
1017182;SAB FONTANA SENSUS BOSQUES OCIDENT 80G;3;6;108;2;2,71;1;0,74;0,52;0,75;25,48;34,87;0;16;181;24/nov/25
1021337;SAB FONTANA SENSUS FLORESCER 150G;4;6;72;0,83;0,72;0;0,4;0,28;0,29;17,73;17,73;0;16;181;24/nov/25
1021337;SAB FONTANA SENSUS FLORESCER 150G;18;6;72;1,67;1,57;0;0,36;0,36;0,35;31,68;31,68;0;16;181;24/nov/25
1018141;SAB FONTANA SENSUS FOR MEN 150G;3;6;72;1,67;2,36;1;0,42;0,82;0,79;20,9;29,75;0;16;181;24/nov/25
1017179;SAB FONTANA SENSUS FOR MEN 80G;6;6;108;1;0,83;1;0,86;0,92;0,94;6,21;13,66;0;16;181;24/nov/25
1017183;SAB FONTANA SENSUS JARDINS TURQUIA 80G;2;6;108;1,33;1,14;0;0,24;0,41;0,29;27,33;27,33;0;16;181;24/nov/25
1017183;SAB FONTANA SENSUS JARDINS TURQUIA 80G;4;6;108;0,46;0,44;0;0,28;0,06;0,08;38,92;38,92;0;16;181;24/nov/25
1017183;SAB FONTANA SENSUS JARDINS TURQUIA 80G;17;6;108;1;0,97;0;0,33;0,24;0,21;33,16;33,16;0;16;181;24/nov/25
1017180;SAB FONTANA SENSUS LIMA LIMAO ORIENT 80G;14;6;108;1;0,76;0;0,18;0,06;0,06;82;82;0;16;181;24/nov/25
1018140;SAB FONTANA SENSUS LIMA-LIMAO ORIEN 150G;3;6;72;2;2,89;1;0,94;0,76;0,96;21,15;28,47;0;16;181;24/nov/25
1018140;SAB FONTANA SENSUS LIMA-LIMAO ORIEN 150G;7;6;72;0,5;0,46;0;0,17;0,15;0,13;25,38;25,38;0;16;181;24/nov/25
1007540;SAB LIFE BEL ATRACAO ROSA 80G;3;6;108;4;4,81;2;1,56;1,44;1,51;22,34;31,64;0;16;181;24/nov/25
1007540;SAB LIFE BEL ATRACAO ROSA 80G;6;6;108;3;2,72;0;1,39;1;1,26;15,13;15,13;0;16;181;24/nov/25
1007540;SAB LIFE BEL ATRACAO ROSA 80G;13;6;108;3;2,93;0;2,01;1,06;0,95;21,55;21,55;0;16;181;24/nov/25
1007543;SAB LIFE BEL DESEJO VERDE  80G;3;6;108;4,12;5,07;2;1,38;1,33;1,25;28,39;39,59;0;16;181;24/nov/25
1007543;SAB LIFE BEL DESEJO VERDE  80G;8;6;108;1,39;2,28;1;0,49;0,99;0,68;23,58;33,93;0;16;181;24/nov/25
1007543;SAB LIFE BEL DESEJO VERDE  80G;17;6;108;2,78;2,67;0;0,22;0,53;0,43;43,2;43,2;0;16;181;24/nov/25
1007544;SAB LIFE BEL SENSUAL BRANCO  80G;3;6;108;4,35;4,87;1;1,63;1,38;1,43;23,91;28,82;0;16;181;24/nov/25
1007544;SAB LIFE BEL SENSUAL BRANCO  80G;6;6;108;2;1,81;0;1,12;0,9;1,21;10,43;10,43;0;16;181;24/nov/25
1006535;SAB LIQ BELEZA AMAZO FRUT.VER 370ML;3;6;12;2;2,83;1;0,92;1,33;0,8;24,88;33,66;0;16;181;24/nov/25
1006535;SAB LIQ BELEZA AMAZO FRUT.VER 370ML;11;1;12;1;0,58;1;0,5;0,33;0,33;12,35;33,53;0;16;181;24/nov/25
1020426;SAB LIQ BEM ESTAR CEREJA RF 300ML;2;6;12;1,5;1,42;0;0,08;0;0,02;510;510;0;16;181;24/nov/25
1020427;SAB LIQ BEM ESTAR LAVANDA RF 300ML;3;6;12;1,5;0,67;2;0,08;0,17;0,33;14,12;56,47;0;16;181;24/nov/25
1020427;SAB LIQ BEM ESTAR LAVANDA RF 300ML;6;6;12;0,67;0,33;1;0,17;0;0,04;60;240;0;16;181;24/nov/25
1020427;SAB LIQ BEM ESTAR LAVANDA RF 300ML;12;6;12;1;0,75;0;0,08;0,08;0,12;45;45;0;16;181;24/nov/25
1617494;SAB LIQ HEDERA ARGAN RF 370ML;12;6;12;1,5;1,33;0;0,17;0,5;0,16;60;60;0;16;181;24/nov/25
1617149;SAB LIQ HEDERA AVEIA RF 370ML;17;6;12;2;1,42;0;0,17;0,17;0,18;56,67;56,67;0;16;181;24/nov/25
1617125;SAB LIQ HEDERA ERVA DOCE RF 370 ML;2;6;12;1,5;1,17;0;0,33;0,5;0,33;24,71;24,71;0;16;181;24/nov/25
1617125;SAB LIQ HEDERA ERVA DOCE RF 370 ML;17;6;12;2;1,67;0;0,42;0,67;0,39;30;30;0;16;181;24/nov/25
1023575;SAB LIQ MADE IN BRAZIL AMEIXA 1L;1;6;12;2;5,83;0;0,17;0;0,04;1.050,00;1.050,00;0;16;181;24/nov/25
1023576;SAB LIQ MADE IN BRAZIL CEREJA 1L;14;6;12;1;0,58;1;0,42;0;0,1;42;114;0;16;181;24/nov/25
1023576;SAB LIQ MADE IN BRAZIL CEREJA 1L;18;6;12;3;3,25;0;0,75;0;0,18;130;130;0;16;181;24/nov/25
1023573;SAB LIQ MADE IN BRAZIL ERVA DOCE 1L;3;6;12;3;3,5;1;1,5;0;0,35;70;90;0;16;181;24/nov/25
1023573;SAB LIQ MADE IN BRAZIL ERVA DOCE 1L;6;6;12;1,5;1,42;0;0,58;0;0,14;72,86;72,86;0;16;181;24/nov/25
1023577;SAB LIQ MADE IN BRAZIL PESSEGO 1L;3;6;12;3;3,58;1;0,83;0,5;0,31;80,63;103,13;0;16;181;24/nov/25
1023577;SAB LIQ MADE IN BRAZIL PESSEGO 1L;5;6;12;1;0,75;0;0,25;0;0,06;90;90;0;16;181;24/nov/25
1023577;SAB LIQ MADE IN BRAZIL PESSEGO 1L;14;6;12;1;0,92;0;0,08;0;0,02;330;330;0;16;181;24/nov/25
1614937;SAB LIQ SENSUS ERVA DOCE RF 220ML;3;6;18;2;2,61;1;1;1,5;1,15;15,84;21,91;0;16;181;24/nov/25
1614937;SAB LIQ SENSUS ERVA DOCE RF 220ML;7;6;18;0,5;1,28;1;0,28;0,11;0,21;43,13;76,88;0;16;181;24/nov/25
1614935;SAB LIQ SENSUS LUXO ERVA DOCE 220ML;14;6;12;0,5;0,42;1;0,08;0;0,04;75;255;0;16;181;24/nov/25
1616517;SAB LIQ SENSUS LUXO HIDRATE 220ML;13;6;12;1;0,83;0;0,17;0;0,06;100;100;0;16;181;24/nov/25
1614934;SAB LIQ SENSUS LUXO SEDUCAO 220ML;8;6;12;1;0,92;0;0,17;0,08;0,06;110;110;0;16;181;24/nov/25
1614936;SAB LIQ SENSUS SEDUCAO RF 220ML;17;6;18;1,11;1;0;0,11;0,17;0,09;77,14;77,14;0;16;181;24/nov/25
1615770;SAB LUX BUQUE DE JASMIM 125G;17;6;72;2;1,46;0;0,75;0,58;0,73;14;14;0;16;181;24/nov/25
1615697;SAB LUX BUQUE DE JASMIM 85G;2;6;108;1,39;1,22;0;0,24;0,3;0,29;29,12;29,12;0;16;181;24/nov/25
1615697;SAB LUX BUQUE DE JASMIM 85G;11;6;108;0,67;0,61;0;0,16;0,31;0,2;21,76;21,76;0;16;181;24/nov/25
1615700;SAB LUX FLOR DE VERBENA 85G;6;6;108;1;0,63;1;0,37;0;0,09;51;132;0;16;181;24/nov/25
1615701;SAB LUX LAVANDA 85G;14;6;108;0,6;0,5;1;0,22;0,18;0,16;21,6;64,8;0;16;181;24/nov/25
1615699;SAB LUX LIRIO AZUL 85G;6;6;108;1;0,81;1;0,19;0;0,04;132;294;0;16;181;24/nov/25
1615766;SAB LUX ORQUIDEA NEGRA 85G;6;6;108;1;0,93;1;0,33;0,53;0,45;14,42;30;0;16;181;24/nov/25
1615766;SAB LUX ORQUIDEA NEGRA 85G;8;6;108;0,67;0,55;1;0,17;0,25;0,24;16,24;45,96;0;16;181;24/nov/25
1615855;SAB NIVEA HID PROTEINAS DO LEITE 85G;2;6;96;1;0,75;0;0,24;0;0,17;30,86;30,86;0;16;181;24/nov/25
1615855;SAB NIVEA HID PROTEINAS DO LEITE 85G;6;6;96;0,88;0,79;0;0,09;0,11;0,05;114;114;0;16;181;24/nov/25
1615855;SAB NIVEA HID PROTEINAS DO LEITE 85G;8;6;96;0,88;0,8;1;0,22;0,23;0,19;29,24;65,7;0;16;181;24/nov/25
1615744;SAB NIVEA LAVANDA E OLEOS 85G;14;6;96;0,88;0,72;1;0,38;0,31;0,38;13,18;31,53;0;16;181;24/nov/25
1615744;SAB NIVEA LAVANDA E OLEOS 85G;18;6;96;0,5;0,38;1;0,27;0,09;0,29;9,15;33,56;0;16;181;24/nov/25
1007346;SAB PALM.NUTRI FRAMB AMORA 85G LV6PG5;13;6;72;1;0,94;0;0,06;0;0,01;510;510;0;16;181;24/nov/25
1614497;SAB PALMOLIVE OLEO NUTRITIVO 150G;3;6;72;2;2,9;1;0,24;0,35;0,36;57;76,64;0;16;181;24/nov/25
1614497;SAB PALMOLIVE OLEO NUTRITIVO 150G;7;6;72;0,69;0,21;1;0,76;0,01;0,18;7,89;45,79;0;16;181;24/nov/25
1617757;SAB PHEBO TOQUE DE LAVANDA 90G;3;6;12;6,67;7,5;1;0,67;1,17;0,84;62,79;71,16;0;16;181;24/nov/25
1615803;SAB PROTEX ERVA DOCE 85GR;11;6;72;0,5;0,44;0;0,14;0,31;0,21;14,77;14,77;0;16;181;24/nov/25
1615818;SAB PROTEX MACADAMIA 85G;2;6;12;5;4,75;0;0,75;0,5;0,51;65,77;65,77;0;16;181;24/nov/25
1615818;SAB PROTEX MACADAMIA 85G;3;6;12;6;7,33;2;1;0,75;0,89;57,39;73,04;0;16;181;24/nov/25
1615818;SAB PROTEX MACADAMIA 85G;4;6;12;3;2,92;0;1,5;1;0,72;28,38;28,38;0;16;181;24/nov/25
1615818;SAB PROTEX MACADAMIA 85G;12;6;12;3;2,92;0;0,58;0,17;0,53;38,89;38,89;0;16;181;24/nov/25
1615818;SAB PROTEX MACADAMIA 85G;17;6;12;4;3,42;0;1,25;1,5;1,03;23,21;23,21;0;16;181;24/nov/25
52955;GUARD PAPEL ASTORIA CHEF 22X22;4;6;100;0,7;-0,13;2;0;0,01;0,27;-3,39;48,78;0;17;172;24/nov/25
52955;GUARD PAPEL ASTORIA CHEF 22X22;6;6;100;1,5;-0,35;2;0,35;0;0,11;-23,33;110;0;17;172;24/nov/25
52955;GUARD PAPEL ASTORIA CHEF 22X22;11;6;100;2;0;3;0,48;0,99;0,47;0;45;0;17;172;24/nov/25
52955;GUARD PAPEL ASTORIA CHEF 22X22;12;7;100;2;1,17;2;0,02;0,04;0,09;87,75;237,75;0;17;172;24/nov/25
52955;GUARD PAPEL ASTORIA CHEF 22X22;13;6;100;2;0;3;0;0;0;;;0;17;172;24/nov/25
52955;GUARD PAPEL ASTORIA CHEF 22X22;14;6;100;2;-0,13;3;0,3;0,45;0,36;-2,5;55,19;0;17;172;24/nov/25
52955;GUARD PAPEL ASTORIA CHEF 22X22;17;6;100;3;0,23;2;0;0;0,09;18,16;176,05;0;17;172;24/nov/25
52955;GUARD PAPEL ASTORIA CHEF 22X22;18;7;100;4;3,89;1;0,1;0,01;0,03;1.060,91;1.333,64;0;17;172;24/nov/25
109499;GUARD PAPEL ASTORIA CHEF 30X30;1;6;60;0,7;0,13;2;0,02;0,15;0,06;15;240;0;17;172;24/nov/25
109499;GUARD PAPEL ASTORIA CHEF 30X30;3;6;60;4;3,67;1;0,6;0,98;0,6;42,58;54,19;0;17;172;24/nov/25
109499;GUARD PAPEL ASTORIA CHEF 30X30;4;6;60;1;-0,1;2;0,27;0,47;0,33;-2,12;40,24;0;17;172;24/nov/25
109499;GUARD PAPEL ASTORIA CHEF 30X30;5;6;60;2;0,7;2;0,02;0,02;0,02;210;810;0;17;172;24/nov/25
109499;GUARD PAPEL ASTORIA CHEF 30X30;6;6;60;2;0;3;0,13;0,35;0,26;0;81,82;0;17;172;24/nov/25
109499;GUARD PAPEL ASTORIA CHEF 30X30;11;6;60;1,67;1,58;1;0,23;0,18;0,24;46,72;76,23;0;17;172;24/nov/25
109499;GUARD PAPEL ASTORIA CHEF 30X30;14;6;60;1,67;0,88;2;0,57;0,95;0,68;9,14;29,83;0;17;172;24/nov/25
13093;GUARD PAPEL MILI 21X22;2;6;72;1,39;1,19;1;0,79;1,08;0,85;9,85;18,09;0;17;172;24/nov/25
13093;GUARD PAPEL MILI 21X22;3;6;72;2,78;3,39;1;2,08;1,26;1,43;16,6;21,5;0;17;172;24/nov/25
13093;GUARD PAPEL MILI 21X22;11;6;72;2;1,21;2;0,88;0,9;0,71;11,97;31,79;0;17;172;24/nov/25
13093;GUARD PAPEL MILI 21X22;12;6;72;2,08;0,99;2;0,97;1,14;0,93;7,42;22,47;0;17;172;24/nov/25
13093;GUARD PAPEL MILI 21X22;17;6;72;2,08;1,74;1;0,72;0,53;0,48;25,34;39,93;0;17;172;24/nov/25
13093;GUARD PAPEL MILI 21X22;18;6;72;2,08;1,79;1;0,86;0,31;0,49;25,63;39,93;0;17;172;24/nov/25
1017425;PAPEL HIG ATUALLE NEUTRO FD 20M C/32;2;7;3;28;0;29;0;0;7;0;29;4;17;172;24/nov/25
1017425;PAPEL HIG ATUALLE NEUTRO FD 20M C/32;3;6;3;48;7;1,33;3;5,33;31,81;1,54;1,83;4;17;172;24/nov/25
1017425;PAPEL HIG ATUALLE NEUTRO FD 20M C/32;7;7;3;12;-1;12;0;0;5,52;-1,27;13,94;1,33;17;172;24/nov/25
1017425;PAPEL HIG ATUALLE NEUTRO FD 20M C/32;8;7;3;48;10,33;38;8,33;5,67;10,19;7,1;33,21;0,67;17;172;24/nov/25
1017425;PAPEL HIG ATUALLE NEUTRO FD 20M C/32;11;7;3;20;7,67;32;0;0,33;26,37;2,04;10,53;0,67;17;172;24/nov/25
1017425;PAPEL HIG ATUALLE NEUTRO FD 20M C/32;12;7;3;20;0;33;0,33;0;22,01;0;10,49;0,67;17;172;24/nov/25
1017425;PAPEL HIG ATUALLE NEUTRO FD 20M C/32;13;7;3;20;0;21;0;5;14,7;0;10;0,67;17;172;24/nov/25
1017425;PAPEL HIG ATUALLE NEUTRO FD 20M C/32;14;7;3;12;-4;13;0;2;10,5;-2,67;6;1,33;17;172;24/nov/25
1017425;PAPEL HIG ATUALLE NEUTRO FD 20M C/32;17;6;3;48;-30;1,33;7;41,67;31,81;-6,6;-6,31;0,67;17;172;24/nov/25
1017425;PAPEL HIG ATUALLE NEUTRO FD 20M C/32;18;7;3;40;2,67;38;0;2;14,62;1,28;19,47;1,33;17;172;24/nov/25
1701138;PAPEL HIG DOBLE COMPACTO FD 30M C/16;11;6;4;6;5,25;2;2;3;2,51;14,65;20,23;0,5;17;172;24/nov/25
1701138;PAPEL HIG DOBLE COMPACTO FD 30M C/16;14;6;4;6;6;2;0;2;1,69;24,83;33,1;1;17;172;24/nov/25
1600124;PAPEL HIG DOBLE FD 30M C/4;14;6;16;1,25;-0,88;3;1,56;4,38;2,04;-3;7,29;2,5;17;172;24/nov/25
1700836;PAPEL HIG DOBLE FD 50M C/4;3;6;16;3,13;1,69;2;3,31;0,88;2,86;4,13;9,03;2,5;17;172;24/nov/25
1700836;PAPEL HIG DOBLE FD 50M C/4;7;6;16;1,88;1,38;1;1,56;1;1,3;7,42;12,81;2,5;17;172;24/nov/25
1700836;PAPEL HIG DOBLE FD 50M C/4;14;6;16;1,63;0,94;2;0,69;0;0,63;10,47;32,79;1,88;17;172;24/nov/25
1702092;PAPEL HIG DOBLE FT 20M C/12;2;6;8;5;4,63;1;1,88;0,63;1,02;31,71;38,57;1;17;172;24/nov/25
1702092;PAPEL HIG DOBLE FT 20M C/12;14;6;8;2,5;0;3;2,63;0;1,31;0;16;0,5;17;172;24/nov/25
1702092;PAPEL HIG DOBLE FT 20M C/12;14;6;8;2,5;0;3;2,63;0;1,31;0;16;0,5;17;172;24/nov/25
1702091;PAPEL HIG DOBLE FT 20M C/4;6;6;16;2,63;1;3;0;2;0,93;7,5;30;1,25;17;172;24/nov/25
1702091;PAPEL HIG DOBLE FT 20M C/4;11;6;16;2,63;2,19;1;0,5;0,63;0,48;31,82;46,36;1,25;17;172;24/nov/25
1702091;PAPEL HIG DOBLE FT 20M C/4;12;6;16;2,63;1,69;2;1,31;1;0,54;21,89;47,84;1,25;17;172;24/nov/25
1702091;PAPEL HIG DOBLE FT 20M C/4;13;6;16;2,63;1,25;2;0,88;1,19;0,9;9,68;25,16;1,25;17;172;24/nov/25
1702091;PAPEL HIG DOBLE FT 20M C/4;14;6;16;0,81;0;2;0,31;0,94;0,47;0;30;1,25;17;172;24/nov/25
1702091;PAPEL HIG DOBLE FT 20M C/4;17;6;16;4,38;4;1;0;2;1,4;20;25;1,88;17;172;24/nov/25
1023028;PAPEL HIG DOBLE SKIN FD 40M C/6;3;6;16;6,38;0,06;6;0,06;4,31;3,02;0,14;14,06;0,19;17;172;24/nov/25
1023028;PAPEL HIG DOBLE SKIN FD 40M C/6;13;6;16;6,38;-0,75;1;1,31;1,94;1,98;-2,65;0,88;1,13;17;172;24/nov/25
1023028;PAPEL HIG DOBLE SKIN FD 40M C/6;14;6;16;1,88;0;3;0;0,19;0,69;0;30,64;0,75;17;172;24/nov/25
1023028;PAPEL HIG DOBLE SKIN FD 40M C/6;14;6;16;1,88;0;3;0;0,19;0,69;0;30,64;0,75;17;172;24/nov/25
1023028;PAPEL HIG DOBLE SKIN FD 40M C/6;17;6;16;7,5;0;8;0;0,94;1,88;0;29,77;3;17;172;24/nov/25
1007545;PAPEL HIG DOBLE SOFT CARE FD 20M C/40;13;6;3;24;16,67;8;6,67;15,33;8,56;13,64;20,18;2;17;172;24/nov/25
1007545;PAPEL HIG DOBLE SOFT CARE FD 20M C/40;17;6;3;33,33;29,33;5;16,33;20;17,27;11,89;13,92;1;17;172;24/nov/25
1007545;PAPEL HIG DOBLE SOFT CARE FD 20M C/40;18;6;3;33,33;32,67;2;2,33;20,33;6,22;36,75;39;6;17;172;24/nov/25
1603316;PAPEL HIG DOBLE SOFT CARE FD 30M C/12;3;6;8;6,25;2,25;5;3,38;3,75;3,47;4,54;14,62;1;17;172;24/nov/25
1603316;PAPEL HIG DOBLE SOFT CARE FD 30M C/12;14;6;8;4;2;3;1,63;1;2,19;6,4;16;1;17;172;24/nov/25
1603316;PAPEL HIG DOBLE SOFT CARE FD 30M C/12;14;6;8;4;2;3;1,63;1;2,19;6,4;16;1;17;172;24/nov/25
1702575;PAPEL HIG DUETTO NEUTRO FD 30M C/12;2;6;6;7;6,67;1;0,33;0,67;0,58;80;92;2,67;17;172;24/nov/25
1702575;PAPEL HIG DUETTO NEUTRO FD 30M C/12;3;6;6;20;16,83;4;2,5;2,17;2,61;45,22;55,97;2,67;17;172;24/nov/25
1702575;PAPEL HIG DUETTO NEUTRO FD 30M C/12;14;6;6;3,33;2;2;0,83;1,83;1,36;10,29;20,57;1,33;17;172;24/nov/25
1702575;PAPEL HIG DUETTO NEUTRO FD 30M C/12;14;6;6;3,33;2;2;0,83;1,83;1,36;10,29;20,57;1,33;17;172;24/nov/25
1702575;PAPEL HIG DUETTO NEUTRO FD 30M C/12;17;6;6;20;16,67;10;3,67;7,33;6,42;18,18;29,09;1,33;17;172;24/nov/25
1004296;PAPEL HIG DUETTO PERFUMADO FD 30M C/4;3;6;16;6,25;6,75;1;1,38;1,75;0,73;64,8;74,4;2,5;17;172;24/nov/25
1004296;PAPEL HIG DUETTO PERFUMADO FD 30M C/4;7;6;16;3,75;3,63;1;1,13;1,44;1,01;25,22;32,17;1,25;17;172;24/nov/25
1004296;PAPEL HIG DUETTO PERFUMADO FD 30M C/4;17;6;16;7,5;4,63;4;1,94;5,94;2,42;13,37;24,94;1,25;17;172;24/nov/25
1019077;PAPEL HIG FOFOLETTE FS 30M C/12;8;6;6;16,67;14,33;1;2,83;0,33;2,14;46,91;50,18;0,5;17;172;24/nov/25
1019077;PAPEL HIG FOFOLETTE FS 30M C/12;14;6;6;6;3,67;3;2,83;2,67;2,76;9,3;16,9;1;17;172;24/nov/25
1019077;PAPEL HIG FOFOLETTE FS 30M C/12;14;6;6;6;3,67;3;2,83;2,67;2,76;9,3;16,9;1;17;172;24/nov/25
1019077;PAPEL HIG FOFOLETTE FS 30M C/12;17;6;6;20;13,67;7;7,83;8,33;6,88;13,9;21,02;0;17;172;24/nov/25
1702418;PAPEL HIG MAXPEL PREMIUM FS 60M LV12PG11;3;6;6;17;2,67;15;4,5;3,5;5,33;3,5;23,21;1,33;17;172;24/nov/25
1702418;PAPEL HIG MAXPEL PREMIUM FS 60M LV12PG11;14;6;6;10;4;7;1,5;2,5;1,83;15,32;42,13;1,33;17;172;24/nov/25
113196;PAPEL HIG MILI BIANCO NEUTRO FS 60M C/12;2;7;8;10;4,13;6;3,63;3,38;3,12;9,25;22,71;0,75;17;172;24/nov/25
113196;PAPEL HIG MILI BIANCO NEUTRO FS 60M C/12;3;6;8;17;9;9;4,13;6,13;5,75;10,96;21,93;0,75;17;172;24/nov/25
113196;PAPEL HIG MILI BIANCO NEUTRO FS 60M C/12;4;7;8;6;3,63;3;1,5;1,38;1,55;16,42;30;0,75;17;172;24/nov/25
113196;PAPEL HIG MILI BIANCO NEUTRO FS 60M C/12;7;6;8;4;2,75;2;1;1;1,37;14,04;24,26;0,5;17;172;24/nov/25
113196;PAPEL HIG MILI BIANCO NEUTRO FS 60M C/12;8;6;8;10;1,88;5;4,38;4,13;3,73;3,52;12,89;0,5;17;172;24/nov/25
113196;PAPEL HIG MILI BIANCO NEUTRO FS 60M C/12;11;7;8;12,75;10,63;3;1,5;1,5;2,3;32,28;41,39;0,25;17;172;24/nov/25
113196;PAPEL HIG MILI BIANCO NEUTRO FS 60M C/12;12;7;8;12,75;10,63;3;1,63;2,63;2,8;26,56;34,06;1;17;172;24/nov/25
113196;PAPEL HIG MILI BIANCO NEUTRO FS 60M C/12;14;6;8;6;1,5;5;2,75;1,5;1,14;9,23;40;1;17;172;24/nov/25
113196;PAPEL HIG MILI BIANCO NEUTRO FS 60M C/12;17;7;8;13;24,75;1;1;2,13;4,29;40,41;42,04;0,25;17;172;24/nov/25
113196;PAPEL HIG MILI BIANCO NEUTRO FS 60M C/12;18;7;8;13;11,88;2;1,63;2,75;3,27;25,45;29,73;3;17;172;24/nov/25
1702699;PAPEL HIG MILI COMFORT FD 30M C/18;2;6;4;8;7,75;1;0,5;0,5;1,81;30;33,87;3;17;172;24/nov/25
1702699;PAPEL HIG MILI COMFORT FD 30M C/18;3;6;4;15;16,25;2;2;1,5;2,86;39,8;44,69;3;17;172;24/nov/25
1702699;PAPEL HIG MILI COMFORT FD 30M C/18;13;6;4;8;7,75;1;0,75;2,5;2,1;25,83;29,17;1;17;172;24/nov/25
1702699;PAPEL HIG MILI COMFORT FD 30M C/18;14;6;4;6;2,5;4;2;4,75;2,04;8,57;22,29;1;17;172;24/nov/25
1702699;PAPEL HIG MILI COMFORT FD 30M C/18;14;6;4;6;2,5;4;2;4,75;2,04;8,57;22,29;1;17;172;24/nov/25
1702699;PAPEL HIG MILI COMFORT FD 30M C/18;17;6;4;13;18,25;8;10,5;3;5,72;22,35;32,14;1;17;172;24/nov/25
113193;PAPEL HIG MILI NEUTRO FD 30M C/12;2;7;8;5;2,5;3;1,88;1,63;1,55;11,32;24,91;2;17;172;24/nov/25
113193;PAPEL HIG MILI NEUTRO FD 30M C/12;3;6;8;15;9,88;4;3,88;3,13;3,24;21,35;30;2;17;172;24/nov/25
113193;PAPEL HIG MILI NEUTRO FD 30M C/12;4;7;8;4,25;3,63;1;1,38;0,5;0,67;37,83;48,26;1;17;172;24/nov/25
113193;PAPEL HIG MILI NEUTRO FD 30M C/12;5;7;8;4,25;3,38;2;1;0,63;0,41;57,86;92,14;0,5;17;172;24/nov/25
113193;PAPEL HIG MILI NEUTRO FD 30M C/12;6;6;8;5;0;2;0;0;0,96;0;14,55;0,5;17;172;24/nov/25
113193;PAPEL HIG MILI NEUTRO FD 30M C/12;7;7;8;4,25;3,5;2;1;0,5;0,35;70;110;1;17;172;24/nov/25
113193;PAPEL HIG MILI NEUTRO FD 30M C/12;8;7;8;4,25;2,25;3;1,38;1,25;1,2;13,17;30,73;0,25;17;172;24/nov/25
113193;PAPEL HIG MILI NEUTRO FD 30M C/12;11;7;8;15;14,38;1;1,38;0,13;0,38;265,38;283,85;0,5;17;172;24/nov/25
113193;PAPEL HIG MILI NEUTRO FD 30M C/12;12;7;8;15;13,13;3;1,13;2,13;1,6;57,27;70,36;0,5;17;172;24/nov/25
113193;PAPEL HIG MILI NEUTRO FD 30M C/12;13;7;8;15;13,63;2;1,88;4,13;2,92;32,7;37,5;0,5;17;172;24/nov/25
113193;PAPEL HIG MILI NEUTRO FD 30M C/12;17;6;8;6;0,13;2;3,88;3;1,6;0,55;9,27;0,5;17;172;24/nov/25
113193;PAPEL HIG MILI NEUTRO FD 30M C/12;18;7;8;15;12;4;1;3,63;2,8;30;40;4;17;172;24/nov/25
3599;PAPEL HIG MILI NEUTRO FD 30M C/4;2;6;24;4,17;2,92;2;1,71;1,21;1,38;14,79;24,93;2,5;17;172;24/nov/25
3599;PAPEL HIG MILI NEUTRO FD 30M C/4;3;6;24;10;10,21;8;7,79;3,5;3,33;21,43;38,22;2,5;17;172;24/nov/25
3599;PAPEL HIG MILI NEUTRO FD 30M C/4;5;6;24;3,33;2,67;2;1,29;1,29;1,45;12,89;22,55;0,83;17;172;24/nov/25
3599;PAPEL HIG MILI NEUTRO FD 30M C/4;17;6;24;4,17;3,79;1;2,63;2,75;1,37;19,36;24,47;0,83;17;172;24/nov/25
3599;PAPEL HIG MILI NEUTRO FD 30M C/4;18;6;24;6;5,67;1;2,04;0,71;2,05;19,34;22,75;4,38;17;172;24/nov/25
13147;PAPEL HIG MILI NEUTRO FS 100M C/12;2;6;6;5;4,5;1;2,17;1,33;2,18;14,46;17,68;1,5;17;172;24/nov/25
13147;PAPEL HIG MILI NEUTRO FS 100M C/12;3;6;6;8,33;9,17;2;2,33;4,33;3,85;16,67;20,3;1,5;17;172;24/nov/25
13147;PAPEL HIG MILI NEUTRO FS 100M C/12;5;6;6;3,33;2,83;1;1,83;0,67;1,52;13,08;17,69;0,5;17;172;24/nov/25
13147;PAPEL HIG MILI NEUTRO FS 100M C/12;11;6;6;5;4,83;1;2,5;2,5;2,99;11,3;13,64;0,5;17;172;24/nov/25
13147;PAPEL HIG MILI NEUTRO FS 100M C/12;12;6;6;3,33;1,17;1;2;1,17;1,17;7;13;1;17;172;24/nov/25
13147;PAPEL HIG MILI NEUTRO FS 100M C/12;14;6;6;3,33;2,5;2;1,33;2,5;2,45;7,14;12,86;1;17;172;24/nov/25
13147;PAPEL HIG MILI NEUTRO FS 100M C/12;14;6;6;3,33;2,5;2;1,33;2,5;2,45;7,14;12,86;1;17;172;24/nov/25
13116;PAPEL HIG MILI NEUTRO FS 60M C/4;2;6;24;5;4,63;1;1,79;2,04;2,36;13,7;16,67;1,67;17;172;24/nov/25
13116;PAPEL HIG MILI NEUTRO FS 60M C/4;3;6;24;6;4,88;2;1,29;0,83;1,36;25,07;35,36;1,67;17;172;24/nov/25
13116;PAPEL HIG MILI NEUTRO FS 60M C/4;7;6;24;3;2,67;1;2,92;1,13;1,67;11,16;15,35;1,25;17;172;24/nov/25
13116;PAPEL HIG MILI NEUTRO FS 60M C/4;14;6;24;3;2,21;2;1,42;1,33;1,34;11,52;21,96;0,83;17;172;24/nov/25
13116;PAPEL HIG MILI NEUTRO FS 60M C/4;17;6;24;3;1,83;2;1,46;0,71;0,51;25,38;53,08;2,5;17;172;24/nov/25
113194;PAPEL HIG MILI PERFUMADO FD 30M C/12;2;6;8;4;4,38;1;1,13;1,13;1,46;21;25,8;1;17;172;24/nov/25
113194;PAPEL HIG MILI PERFUMADO FD 30M C/12;3;6;8;5,5;6,38;1;1,5;5,13;4,05;11,01;12,73;1;17;172;24/nov/25
113194;PAPEL HIG MILI PERFUMADO FD 30M C/12;4;6;8;3;2,88;1;0,63;1,25;1,25;16,05;21,63;1;17;172;24/nov/25
113194;PAPEL HIG MILI PERFUMADO FD 30M C/12;11;6;8;4,5;4,25;1;0,75;1;1,28;23,18;28,64;0,5;17;172;24/nov/25
113194;PAPEL HIG MILI PERFUMADO FD 30M C/12;14;6;8;3;1,75;2;2,63;2,88;2,74;4,47;9,57;0,5;17;172;24/nov/25
113194;PAPEL HIG MILI PERFUMADO FD 30M C/12;14;6;8;3;1,75;2;2,63;2,88;2,74;4,47;9,57;0,5;17;172;24/nov/25
13123;PAPEL HIG MILI PERFUMADO FS 60M C/4;2;7;24;3;1,96;2;1,25;0,75;0,65;21,04;42,54;1,67;17;172;24/nov/25
13123;PAPEL HIG MILI PERFUMADO FS 60M C/4;7;7;24;2;1,67;1;1,67;3;1,1;10,62;16,99;0,83;17;172;24/nov/25
13123;PAPEL HIG MILI PERFUMADO FS 60M C/4;11;6;24;2;0,79;1;2,54;1,54;0,95;5,82;13,16;0,83;17;172;24/nov/25
13123;PAPEL HIG MILI PERFUMADO FS 60M C/4;12;7;24;2;1,46;2;0,75;0,71;0,4;25,61;60,73;0,83;17;172;24/nov/25
13123;PAPEL HIG MILI PERFUMADO FS 60M C/4;14;6;24;1;0,63;1;0,54;1,04;0,82;5,36;13,93;0,42;17;172;24/nov/25
13123;PAPEL HIG MILI PERFUMADO FS 60M C/4;14;6;24;1;0,63;1;0,54;1,04;0,82;5,36;13,93;0,42;17;172;24/nov/25
1702634;PAPEL HIG MILI PRIME FT 20M C/12;2;6;8;4,5;3,38;2;1,25;1;1,34;17,61;28,04;3;17;172;24/nov/25
1702634;PAPEL HIG MILI PRIME FT 20M C/12;12;6;8;3;3,88;1;0,63;1,25;1,08;25,14;31,62;0,5;17;172;24/nov/25
1702634;PAPEL HIG MILI PRIME FT 20M C/12;17;6;8;4,5;13,88;4;2,25;3,63;2,33;41,63;53,63;1;17;172;24/nov/25
1024491;PAPEL HIG MILI SOFT AIR FT 20M C12;3;6;4;2,5;3;3;0;0;0;;;0;17;172;24/nov/25
1019118;PAPEL HIG NATUPEL FD 20M C/12;11;7;6;16;12,33;2;4,17;4;6,77;12,76;14,83;1;17;172;24/nov/25
1019118;PAPEL HIG NATUPEL FD 20M C/12;13;7;6;15;8,5;4;7;5,5;8,36;7,12;10,47;1;17;172;24/nov/25
1019118;PAPEL HIG NATUPEL FD 20M C/12;17;6;6;16;4,17;9;10;6;5,41;5,4;17,05;2;17;172;24/nov/25
1007368;PAPEL HIG NATUPEL PREMIUM FS 30M C/4;3;6;16;14;12,56;2;8,19;6,63;7,44;11,82;13,71;3,75;17;172;24/nov/25
1007368;PAPEL HIG NATUPEL PREMIUM FS 30M C/4;4;6;16;6;5,06;2;3,81;3,69;4,9;7,23;10,09;1,25;17;172;24/nov/25
1007368;PAPEL HIG NATUPEL PREMIUM FS 30M C/4;6;6;16;12;10,31;2;7,44;5,31;3,69;19,57;23,36;5;17;172;24/nov/25
1007368;PAPEL HIG NATUPEL PREMIUM FS 30M C/4;7;6;16;10;6,63;1;9,38;6,25;6,83;6,79;7,82;2,5;17;172;24/nov/25
1007368;PAPEL HIG NATUPEL PREMIUM FS 30M C/4;11;6;16;12;7,5;2;5,25;6,69;5,02;10,47;13,26;5;17;172;24/nov/25
1007368;PAPEL HIG NATUPEL PREMIUM FS 30M C/4;12;6;16;12;9,13;2;3,81;5,19;4,65;13,73;16,74;2,5;17;172;24/nov/25
1007368;PAPEL HIG NATUPEL PREMIUM FS 30M C/4;13;6;16;12;10,06;3;5,69;5,88;6,81;10,34;13,43;5;17;172;24/nov/25
1007368;PAPEL HIG NATUPEL PREMIUM FS 30M C/4;17;6;16;12;8,69;4;3,94;3,31;2,03;30;43,81;2,5;17;172;24/nov/25
1006654;PAPEL HIG NATUPEL PREMIUM FS 60M C/4;2;6;16;8;7;2;2,38;3,56;3,37;14,55;18,7;1,88;17;172;24/nov/25
1006654;PAPEL HIG NATUPEL PREMIUM FS 60M C/4;11;6;16;7,5;4,88;1;2,5;0,81;2,17;15,7;18,93;3,75;17;172;24/nov/25
1006654;PAPEL HIG NATUPEL PREMIUM FS 60M C/4;12;6;16;7,5;2,13;6;1,25;0;2,2;6,75;25,83;1,88;17;172;24/nov/25
1021130;PAPEL HIG NESS FD 20M C/12;12;6;6;5;4,33;2;3,67;6,67;4,43;6,84;10;2;17;172;24/nov/25
1021130;PAPEL HIG NESS FD 20M C/12;14;6;6;3,33;1,33;3;2,33;1;1,87;5;16,25;2;17;172;24/nov/25
1021130;PAPEL HIG NESS FD 20M C/12;14;6;6;3,33;1,33;3;2,33;1;1,87;5;16,25;2;17;172;24/nov/25
1021131;PAPEL HIG NESS FD 30M C/4;18;6;16;9;8,63;1;3;5;3,11;19,44;21,69;13,13;17;172;24/nov/25
1014697;PAPEL HIG NEVE SUPREME FT 20M LV12PG11;2;6;6;2;1;2;0,17;0,83;0,58;12;36;2,67;17;172;24/nov/25
1022872;PAPEL HIG NEVE TOQUE SEDA FD 30M C/12;4;6;6;2;1,33;2;0,33;0,67;0,47;20;50;1,33;17;172;24/nov/25
1022872;PAPEL HIG NEVE TOQUE SEDA FD 30M C/12;14;6;6;3;4;2;0;0;0;;;0,67;17;172;24/nov/25
1702637;PAPEL HIG PLUSH COMPACTO FD 20M C/12;3;6;10;3;1;3;1,8;1,5;1,84;3,8;15,19;1,2;17;172;24/nov/25
1702637;PAPEL HIG PLUSH COMPACTO FD 20M C/12;5;6;10;2;1,9;1;0,6;0,6;0,86;15,41;23,51;0,6;17;172;24/nov/25
1023909;PAPEL HIG SIRIUS PREMIER FD 20M C/12;4;6;4;10;7,75;3;9;2,25;3,33;16,32;22,63;4;17;172;24/nov/25
1023909;PAPEL HIG SIRIUS PREMIER FD 20M C/12;12;6;4;22,5;1,5;8;18,5;0;4,78;2,2;13,9;2;17;172;24/nov/25
1023909;PAPEL HIG SIRIUS PREMIER FD 20M C/12;18;6;4;30;17,75;3;12,75;0;3,21;38,73;45,27;12;17;172;24/nov/25
1023908;PAPEL HIG SIRIUS PREMIER FD 20M C/32;5;6;2;30;29;2;1,5;3,5;12,6;16,11;17,22;16;17;172;24/nov/25
1023908;PAPEL HIG SIRIUS PREMIER FD 20M C/32;12;6;2;40;31,5;6;14;9;41,07;5,37;6,39;8;17;172;24/nov/25
1023908;PAPEL HIG SIRIUS PREMIER FD 20M C/32;14;6;2;40;17,5;23;24,5;18,5;23,57;5,2;12,03;8;17;172;24/nov/25
1001957;PAPEL HIG STYLUS NEUTRO FD 20M C/12;2;6;6;16;13,33;4;4;5,33;5,37;17,39;22,61;2,67;17;172;24/nov/25
1001957;PAPEL HIG STYLUS NEUTRO FD 20M C/12;3;6;6;24;25,17;6;8,33;9,67;10,93;16,12;19,96;2,67;17;172;24/nov/25
1001957;PAPEL HIG STYLUS NEUTRO FD 20M C/12;11;6;6;16;10,17;2;5,67;5;6,34;11,23;13,44;0,67;17;172;24/nov/25
1001957;PAPEL HIG STYLUS NEUTRO FD 20M C/12;17;6;6;20;17,17;4;5,33;6,17;5,56;21,61;26,64;1,33;17;172;24/nov/25
1001957;PAPEL HIG STYLUS NEUTRO FD 20M C/12;18;6;6;20;23,83;4;9,33;5,67;8,52;19,59;22,88;6;17;172;24/nov/25
1021320;PAPEL HIG STYLUS NEUTRO FD 20M C/24;2;6;4;15;13;3;1,25;1,75;1,11;82,11;101,05;2,25;17;172;24/nov/25
1021320;PAPEL HIG STYLUS NEUTRO FD 20M C/24;3;6;4;30;27,25;4;3,25;1,5;2,86;66,73;76,53;2,25;17;172;24/nov/25
1021320;PAPEL HIG STYLUS NEUTRO FD 20M C/24;12;6;4;22,5;10;4;7,5;9,25;7,99;8,76;12,26;4,5;17;172;24/nov/25
1021320;PAPEL HIG STYLUS NEUTRO FD 20M C/24;14;6;4;19;18,25;0;4,5;8,5;6,3;20,28;20,28;4,5;17;172;24/nov/25
1021320;PAPEL HIG STYLUS NEUTRO FD 20M C/24;17;6;4;27,5;36,25;8;6;16,75;9,8;25,89;31,61;3;17;172;24/nov/25
42080;PAPEL HIG SULINO NEUTRO FS 30M C/4;6;6;16;3,13;2,31;2;4,38;2,31;2,26;7,16;13,35;1,88;17;172;24/nov/25
42080;PAPEL HIG SULINO NEUTRO FS 30M C/4;8;6;16;3,75;3,69;1;0,63;0,5;0,64;40,23;51,14;0,94;17;172;24/nov/25
1701354;PAPEL HIG SULINO NEUTRO FS 60M C/12;3;6;8;7,5;6,13;2;1,75;2,88;2,19;19,6;26;1,5;17;172;24/nov/25
1701354;PAPEL HIG SULINO NEUTRO FS 60M C/12;6;6;8;5;4,88;1;2,25;3,88;2,33;14,63;17,63;0,75;17;172;24/nov/25
36837;PAPEL HIG SULINO NEUTRO FS 60M C/4;12;6;16;2,5;2;1;0,5;1,06;0,86;16,27;24,41;0;17;172;24/nov/25
36837;PAPEL HIG SULINO NEUTRO FS 60M C/4;14;6;16;1,25;1,94;1;0;0;0;;;0;17;172;24/nov/25
1022700;PAPEL TOALHA INTERF LUXO NATUPEL C/1000;2;6;6;2;0;3;0,67;0;0,31;0;67,5;0;17;172;24/nov/25
1022700;PAPEL TOALHA INTERF LUXO NATUPEL C/1000;18;6;6;3;0,17;2;0,5;0,67;0,97;1,2;15,6;0;17;172;24/nov/25
13055;PAPEL TOALHA MILI C/2;2;7;12;4;3,25;2;1,33;0,5;0,58;39;63;0;17;172;24/nov/25
13055;PAPEL TOALHA MILI C/2;3;6;12;8;4,67;2;2,33;3,17;1,56;21;30;0;17;172;24/nov/25
13055;PAPEL TOALHA MILI C/2;4;7;12;3;2,08;2;0,25;1,42;0,64;22,73;44,55;0;17;172;24/nov/25
13055;PAPEL TOALHA MILI C/2;6;6;12;4;0;2;0,25;0,25;0,37;0;37,89;0;17;172;24/nov/25
13055;PAPEL TOALHA MILI C/2;8;7;12;3;1,83;2;1;1;0,58;22;46;0;17;172;24/nov/25
13055;PAPEL TOALHA MILI C/2;17;7;12;10;1,25;10;6,92;2,42;2,18;4,02;36,16;0;17;172;24/nov/25
13055;PAPEL TOALHA MILI C/2;18;7;12;5;4,17;2;1,08;1,33;1,01;28,85;42,69;0;17;172;24/nov/25
1702105;PAPEL TOALHA MILI C/3;11;6;4;9;7;2;2,5;2,75;1,87;26,25;33,75;0;17;172;24/nov/25
1702105;PAPEL TOALHA MILI C/3;13;7;4;15;10,75;5;4,75;5,5;5,37;14,02;20,54;0;17;172;24/nov/25
1702105;PAPEL TOALHA MILI C/3;14;6;4;9;3,25;7;2,25;4,5;2,8;8,13;25,63;0;17;172;24/nov/25
1702105;PAPEL TOALHA MILI C/3;17;7;4;30;13,75;17;7,25;10;11,84;8,13;18,18;0;17;172;24/nov/25
1021140;PAPEL TOALHA NATUREZA C/2;14;6;16;15,63;10,31;0;3,31;1,88;2,28;31,73;31,73;0;17;172;24/nov/25
1019132;PAPEL TOALHA SIRIUS CHEF FD C/2;5;6;12;12,5;11,83;2;3,25;2,5;2,72;30,43;35,57;0;17;172;24/nov/25
1019132;PAPEL TOALHA SIRIUS CHEF FD C/2;8;6;12;12,5;9;1;4,08;4,67;3,42;18,41;20,45;0;17;172;24/nov/25
1019132;PAPEL TOALHA SIRIUS CHEF FD C/2;14;6;12;20;10;11;3,17;9,33;5,95;11,76;24,71;0;17;172;24/nov/25
1018916;PAPEL TOALHA STYLUS MAXIM C/2;1;6;12;3;2,92;1;0,58;0,08;0,29;70;94;0;17;172;24/nov/25
1018916;PAPEL TOALHA STYLUS MAXIM C/2;2;6;12;8;7,67;1;0,83;2,17;1,17;46;52;0;17;172;24/nov/25
1018916;PAPEL TOALHA STYLUS MAXIM C/2;4;6;12;5;4,58;1;1,42;2,33;1,73;18,54;22,58;0;17;172;24/nov/25
1018916;PAPEL TOALHA STYLUS MAXIM C/2;8;6;12;5;5,58;1;1,08;0,58;0,93;41,88;49,38;0;17;172;24/nov/25
1018916;PAPEL TOALHA STYLUS MAXIM C/2;11;6;12;8;5,75;3;3,33;1,25;1,91;21,12;32,14;0;17;172;24/nov/25
1018916;PAPEL TOALHA STYLUS MAXIM C/2;12;6;12;8;7,42;2;1,08;2,17;1,87;27,81;35,31;0;17;172;24/nov/25
1018916;PAPEL TOALHA STYLUS MAXIM C/2;13;6;12;10;7,25;4;6,83;4,33;5,87;8,64;13,41;0;17;172;24/nov/25
1018916;PAPEL TOALHA STYLUS MAXIM C/2;14;6;12;5;4,75;0;1;0,08;0,66;50,29;50,29;0;17;172;24/nov/25
1018916;PAPEL TOALHA STYLUS MAXIM C/2;17;6;12;15;11,5;4;2,25;5,42;3,31;24,35;32,82;0;17;172;24/nov/25
1701440;ANTI MOFO SANI SOL 20G;18;6;72;0,33;0,31;1;0,31;0,03;0,11;18,86;80,57;0;17;173;24/nov/25
1022256;DES SANIT GEL PATO CITRUS AP+RF 38G;17;6;1;8;7;0;2;0;1,17;42;42;0;17;173;24/nov/25
1701465;DES SANIT GLADE PEDRA LAVANDA 25% 25G;12;6;48;0,5;0,38;1;0,33;0,48;0,27;9,64;35,36;2,83;17;173;24/nov/25
1702097;DES SANIT GLADE PEDRA PINHO 25G;5;6;48;0,38;0,33;1;0,1;0,23;0,13;18,46;73,85;1,42;17;173;24/nov/25
1701807;DES SANIT HARPIC LAVANDA 20G;18;6;36;1;0,94;0;0,08;0;0,06;113,33;113,33;1,89;17;173;24/nov/25
1021272;DES SANIT PATO GEL ADESIVO LAVAND MP 38G;3;6;1;8;9;2;2;0;1,63;38,57;47,14;20;17;173;24/nov/25
1021272;DES SANIT PATO GEL ADESIVO LAVAND MP 38G;17;6;1;8;6;3;3;3;4,2;10;15;0;17;173;24/nov/25
1021272;DES SANIT PATO GEL ADESIVO LAVAND MP 38G;18;6;1;8;5;4;3;2;1,63;21,43;38,57;50;17;173;24/nov/25
9947894;DES SANIT PATO PASTILHA LAV 20% C/3;6;6;24;0,75;0,67;0;0,13;0,17;0,12;40;40;3,33;17;173;24/nov/25
9947894;DES SANIT PATO PASTILHA LAV 20% C/3;12;6;24;0,75;0,54;1;0,42;0,5;0,37;10,26;29,21;3,33;17;173;24/nov/25
1701424;DES SANIT PEDRA SANI SOL EUCALIPTO 20G;12;6;144;0,83;1,27;2;0,66;0,74;0,82;10,87;27,98;5,21;17;173;24/nov/25
1701425;DES SANIT PEDRA SANI SOL FLORAL 20G;3;6;144;1;1,91;1;0,27;0,47;0,36;37,5;57,14;6,94;17;173;24/nov/25
1701425;DES SANIT PEDRA SANI SOL FLORAL 20G;12;6;144;1;0,49;2;0,78;0,71;0,4;8,5;43,48;3,47;17;173;24/nov/25
1701425;DES SANIT PEDRA SANI SOL FLORAL 20G;18;6;144;1;1,78;0;0,27;0,35;0,38;32,82;32,82;6,94;17;173;24/nov/25
1701426;DES SANIT PEDRA SANI SOL JASMIM 20G;18;6;144;0,83;0,65;1;0,28;0,22;0,33;13,96;35,35;5,56;17;173;24/nov/25
1701427;DES SANIT PEDRA SANI SOL LAVANDA 20G;1;6;12;8;3,75;5;4,75;5,92;4,18;6,28;14,65;0;17;173;24/nov/25
1701427;DES SANIT PEDRA SANI SOL LAVANDA 20G;2;6;12;7;8;4;3,75;3,17;3,64;15,4;23,1;41,67;17;173;24/nov/25
1701427;DES SANIT PEDRA SANI SOL LAVANDA 20G;3;6;12;10;10,67;7;6,75;7,33;5,48;13,62;22,55;83,33;17;173;24/nov/25
1701427;DES SANIT PEDRA SANI SOL LAVANDA 20G;5;6;12;3;2,92;1;3,25;2,25;1,67;12,21;16,4;83,33;17;173;24/nov/25
1701427;DES SANIT PEDRA SANI SOL LAVANDA 20G;6;6;12;4;-0,17;5;3,92;2,25;1,44;-0,81;23,51;41,67;17;173;24/nov/25
1701427;DES SANIT PEDRA SANI SOL LAVANDA 20G;11;6;12;10;5,75;0;7,5;1,67;2,84;14,18;14,18;41,67;17;173;24/nov/25
1701427;DES SANIT PEDRA SANI SOL LAVANDA 20G;13;6;12;5;4,92;0;3,33;0,58;3,19;10,79;10,79;41,67;17;173;24/nov/25
1701427;DES SANIT PEDRA SANI SOL LAVANDA 20G;18;6;12;10;6,08;0;3,42;4,58;2,26;18,88;18,88;83,33;17;173;24/nov/25
1700914;DES SANIT TABL CX ACOPL G LIMPA MAR 50G;3;6;12;1,5;1,33;1;0,42;0,25;0,23;40;70;1,67;17;173;24/nov/25
1007873;DESOD SANIT GOTA LIMPA EUCALIPTO 25G;5;6;48;0,71;0,67;0;0,08;0,1;0,13;36,92;36,92;1,42;17;173;24/nov/25
1007899;DESOD SANIT GOTA LIMPA LAVANDA 25G;13;6;48;0,71;0,46;1;0,33;0,63;0,43;7,5;23,86;1,42;17;173;24/nov/25
1003480;ODORIZ GLADE AERO BRISA 20% 360ML;3;6;12;1,5;1,42;1;0,17;0,17;0,16;63,75;108,75;5;17;173;24/nov/25
1024542;ODORIZ PATO BLOCK ALGODAO 60ML;3;6;24;1;0;2;0;0;0;;;0;17;173;24/nov/25
1024542;ODORIZ PATO BLOCK ALGODAO 60ML;18;1;24;1;2;2;0;0;0;;;0;17;173;24/nov/25
1024541;ODORIZ PATO BLOCK LAVANDA 60ML;18;1;24;1;0;2;0;0;0;;;0;17;173;24/nov/25
1005621;ODORIZ PURO AR PETALAS ROSA 400ML;2;6;12;0,83;0,5;1;0,42;0,42;0,35;10;30;2,5;17;173;24/nov/25
1005621;ODORIZ PURO AR PETALAS ROSA 400ML;4;6;12;0,67;-0,33;1;0;0;0,23;-10;20;0,83;17;173;24/nov/25
1005621;ODORIZ PURO AR PETALAS ROSA 400ML;6;1;12;1,5;0;2;0,17;0;0,1;0;144;5;17;173;24/nov/25
1005621;ODORIZ PURO AR PETALAS ROSA 400ML;8;6;12;0,67;-0,17;1;0;0,08;0,1;-12;60;0;17;173;24/nov/25
1005621;ODORIZ PURO AR PETALAS ROSA 400ML;11;1;12;1;0,17;2;0,33;0,08;0,25;4,62;60;2,5;17;173;24/nov/25
1005621;ODORIZ PURO AR PETALAS ROSA 400ML;12;1;12;0,83;-1,25;2;0,17;0,42;0,47;-18,75;11,25;2,5;17;173;24/nov/25
1005621;ODORIZ PURO AR PETALAS ROSA 400ML;14;6;12;0,67;1,33;1;0;0;0,06;160;280;2,5;17;173;24/nov/25
1005621;ODORIZ PURO AR PETALAS ROSA 400ML;17;1;12;1;-0,08;1;0,58;1;0,54;-1,07;11,79;0;17;173;24/nov/25
1005621;ODORIZ PURO AR PETALAS ROSA 400ML;18;1;12;1;-0,33;2;0,42;1,08;0,72;-3,24;16,22;5;17;173;24/nov/25
1016162;PERFUME AMBIENTE AMAZON BROTOBAMBU 200ML;6;6;12;1,5;0;1;0;0;0;;;2,17;17;173;24/nov/25
1016162;PERFUME AMBIENTE AMAZON BROTOBAMBU 200ML;13;6;12;0,67;0;1;0;0;0;;;1,08;17;173;24/nov/25
1016161;PERFUME AMBIENTE AMAZONIA LAVAND F 200ML;2;6;12;1,5;0,5;1;0,17;0,17;0,08;45;135;2,17;17;173;24/nov/25
1016161;PERFUME AMBIENTE AMAZONIA LAVAND F 200ML;6;6;12;1,5;0;1;0;0;0;;;0;17;173;24/nov/25
1016161;PERFUME AMBIENTE AMAZONIA LAVAND F 200ML;14;6;12;1,5;0,75;2;0,17;0,08;0,1;54;198;1,08;17;173;24/nov/25
1017151;PURO AR GEL CARRO NOVO 60G;12;6;24;0,5;-0,21;1;0,04;0,08;0,07;-21,43;81,43;0;17;173;24/nov/25
1017151;PURO AR GEL CARRO NOVO 60G;13;6;24;0,5;0,33;0;0,08;0,04;0,08;30;30;0;17;173;24/nov/25
1017151;PURO AR GEL CARRO NOVO 60G;14;6;24;0,33;0,29;0;0,04;0,04;0,04;52,5;52,5;0;17;173;24/nov/25
1017145;PURO AR GEL LAVANDA 60G;4;6;24;1;0,88;0;0;0;0,03;210;210;0;17;173;24/nov/25
1017145;PURO AR GEL LAVANDA 60G;7;6;24;0,33;0,08;1;0;0,04;0,01;60;780;6,67;17;173;24/nov/25
1017145;PURO AR GEL LAVANDA 60G;14;6;24;0,33;0,17;1;0;0,04;0,02;60;420;1,25;17;173;24/nov/25
1017145;PURO AR GEL LAVANDA 60G;18;6;24;0,5;0,42;1;0,08;0,08;0,1;30;102;2,5;17;173;24/nov/25
1017146;PURO AR GEL MARINE 60G;2;6;24;0,5;0;1;0;0;0;;;2,5;17;173;24/nov/25
1017146;PURO AR GEL MARINE 60G;8;6;24;0,42;-0,04;1;0;0,04;0,02;-15;345;0;17;173;24/nov/25
1017146;PURO AR GEL MARINE 60G;12;6;24;1;-0,13;1;0,08;0,04;0,03;-30;210;1,25;17;173;24/nov/25
1017146;PURO AR GEL MARINE 60G;13;6;24;0,5;0;1;0;0;0,01;0;720;1,25;17;173;24/nov/25
1017146;PURO AR GEL MARINE 60G;14;6;24;1;0,83;0;0;0,04;0,01;600;600;0;17;173;24/nov/25
1702332;CERA LIQ ANDREIA AUTO BRILHO INC 750ML;2;6;12;1;1,75;0;0,08;0;0,12;105;105;1,17;17;174;24/nov/25
1702332;CERA LIQ ANDREIA AUTO BRILHO INC 750ML;3;6;12;1;0,33;1;0,67;0,75;0,56;4,14;16,55;1,17;17;174;24/nov/25
9945791;CERA LIQ ANDREIA INCOLOR 750ML;3;6;12;1,5;0,92;1;1,17;1,25;0,97;6,6;13,8;2,33;17;174;24/nov/25
9945791;CERA LIQ ANDREIA INCOLOR 750ML;11;6;12;1,5;1;1;0,67;0,5;0,37;18,95;37,89;0,58;17;174;24/nov/25
5674;CERA LIQ BRILHO FACIL INCOLOR 750ML;1;6;12;0,67;0,58;0;0,25;0,17;0,14;30;30;0;17;174;24/nov/25
5674;CERA LIQ BRILHO FACIL INCOLOR 750ML;11;6;12;1;0,92;0;0,08;0,08;0,04;165;165;0,67;17;174;24/nov/25
48738;CERA LIQ GIRANDO SOL INCOLOR 750ML;8;6;12;1;0,75;1;0,67;0,5;0,29;18;42;0;17;174;24/nov/25
48738;CERA LIQ GIRANDO SOL INCOLOR 750ML;14;6;12;0,5;1;1;1;0,33;0,74;9,47;18,95;6,67;17;174;24/nov/25
48740;CERA LIQ GIRANDO SOL VERM 750ML;3;6;12;1,5;1,33;1;0,75;1,17;0,82;11,43;20;4,17;17;174;24/nov/25
12775;CERA LIQ INGLESA MAX VERM 750ML;4;6;12;0,67;-0,67;1;0;0,5;0,23;-20;10;0,83;17;174;24/nov/25
20561;L.MOVEIS PEROBA JASMIM 200ML;17;6;24;0,5;0,46;0;0,08;0,33;0,13;25,38;25,38;0;17;174;24/nov/25
6363;L.MOVEIS POLWAX JASMIN 200ML;1;6;12;1,5;-0,25;2;0,25;0;0,08;-22,5;157,5;0;17;174;24/nov/25
6363;L.MOVEIS POLWAX JASMIN 200ML;2;6;12;1,5;1;0;0,33;0,5;0,33;21,18;21,18;2,17;17;174;24/nov/25
6363;L.MOVEIS POLWAX JASMIN 200ML;3;6;12;1,5;-1,17;2;0;0,33;0,45;-18,26;13,04;6,5;17;174;24/nov/25
6363;L.MOVEIS POLWAX JASMIN 200ML;4;6;12;1,5;0;2;0;0;0;;;1,08;17;174;24/nov/25
6363;L.MOVEIS POLWAX JASMIN 200ML;5;6;12;1,5;0,5;2;0;0,08;0,02;180;900;4,33;17;174;24/nov/25
6363;L.MOVEIS POLWAX JASMIN 200ML;6;6;12;2;0;3;0;0;0;;;0;17;174;24/nov/25
6363;L.MOVEIS POLWAX JASMIN 200ML;8;6;12;1,5;1,08;1;0,33;0,17;0,12;65;125;0;17;174;24/nov/25
6363;L.MOVEIS POLWAX JASMIN 200ML;12;6;12;1,5;0;2;0;0;0,21;0;65,45;1,08;17;174;24/nov/25
6363;L.MOVEIS POLWAX JASMIN 200ML;13;6;12;1,5;0,67;2;0,08;0,5;0,37;12,63;50,53;2,17;17;174;24/nov/25
6363;L.MOVEIS POLWAX JASMIN 200ML;14;6;12;1,5;0;2;0;0;0,02;0;720;1,08;17;174;24/nov/25
6363;L.MOVEIS POLWAX JASMIN 200ML;17;6;12;2;1,92;0;0;0,08;0,02;690;690;0;17;174;24/nov/25
6364;L.MOVEIS POLWAX LAVANDA 200ML;1;6;24;0,75;0;2;0;0;0,03;0;480;0;17;174;24/nov/25
6364;L.MOVEIS POLWAX LAVANDA 200ML;4;6;24;0,75;0;2;0;0;0;;;0,54;17;174;24/nov/25
6364;L.MOVEIS POLWAX LAVANDA 200ML;12;6;24;0,75;0;2;0;0;0,04;0;360;0,54;17;174;24/nov/25
1702432;L.MOVEIS POLWAX MAGNOLIA 200ML;1;6;24;0,5;-0,17;1;0,04;0,13;0,05;-24;120;0;17;174;24/nov/25
1702432;L.MOVEIS POLWAX MAGNOLIA 200ML;2;6;24;1;0,5;1;0;0;0;;;0,54;17;174;24/nov/25
9000222;LIMP VIDROS AQUAFAST PULV 500ML;6;6;12;1;0,58;1;0,08;0,08;0,08;52,5;142,5;0;17;174;24/nov/25
9000222;LIMP VIDROS AQUAFAST PULV 500ML;12;6;12;0,83;1,42;0;0,33;0,08;0,14;72,86;72,86;1,67;17;174;24/nov/25
9000222;LIMP VIDROS AQUAFAST PULV 500ML;13;6;12;0,83;0;2;0;0,08;0,06;0;240;1,67;17;174;24/nov/25
9000222;LIMP VIDROS AQUAFAST PULV 500ML;14;6;12;0,5;1;1;0;0;0;;;5;17;174;24/nov/25
1701686;LIMP VIDROS AQUAFAST SQUEEZE 500ML;6;6;12;0,67;-0,17;2;0,17;0;0,04;-30;330;4;17;174;24/nov/25
1701686;LIMP VIDROS AQUAFAST SQUEEZE 500ML;12;6;12;0,83;2;2;0;0;0;;;6;17;174;24/nov/25
1701686;LIMP VIDROS AQUAFAST SQUEEZE 500ML;14;6;12;0,5;1;1;0;0;0;;;8;17;174;24/nov/25
9961494;POMADA WASSINGTON LIQ MARROM 60ML;3;6;12;1,5;0;2;0;0;0;;;8,67;17;174;24/nov/25
9961494;POMADA WASSINGTON LIQ MARROM 60ML;5;6;12;0,5;0;1;0;0;0;;;4,33;17;174;24/nov/25
9961494;POMADA WASSINGTON LIQ MARROM 60ML;6;6;12;1;0;2;0;0;0;;;2,17;17;174;24/nov/25
9961494;POMADA WASSINGTON LIQ MARROM 60ML;8;6;12;0,67;0,58;0;0,08;0;0,06;70;70;0;17;174;24/nov/25
9961494;POMADA WASSINGTON LIQ MARROM 60ML;12;6;12;1;0,42;2;0;0;0,02;150;870;4,33;17;174;24/nov/25
9961494;POMADA WASSINGTON LIQ MARROM 60ML;13;6;12;1;-0,08;2;0,08;0;0,02;-30;690;4,33;17;174;24/nov/25
9961494;POMADA WASSINGTON LIQ MARROM 60ML;17;6;12;1,5;-0,25;2;0,17;0,08;0,06;-30;210;0;17;174;24/nov/25
9961487;POMADA WASSINGTON LIQ PRETA 60ML;3;6;12;1,5;-0,33;2;0,17;0,08;0,1;-24;120;8,67;17;174;24/nov/25
9961487;POMADA WASSINGTON LIQ PRETA 60ML;4;6;12;0,67;0;2;0;0;0;;;1,08;17;174;24/nov/25
9961487;POMADA WASSINGTON LIQ PRETA 60ML;11;6;12;1;0;2;0;0,08;0,14;0;102,86;2,17;17;174;24/nov/25
9961487;POMADA WASSINGTON LIQ PRETA 60ML;17;6;12;1,5;1,17;0;0,17;0,33;0,25;32,31;32,31;0;17;174;24/nov/25
9961487;POMADA WASSINGTON LIQ PRETA 60ML;18;6;12;1,5;0,42;2;0;0,08;0,06;50;290;8,67;17;174;24/nov/25
9961432;POMADA WASSINGTON PASTA MARROM 36G;1;6;12;0,83;-0,08;2;0;0;0,06;-10;230;0;17;174;24/nov/25
9961432;POMADA WASSINGTON PASTA MARROM 36G;2;6;12;1;0,67;1;0,17;0,17;0,12;40;100;22,75;17;174;24/nov/25
9961432;POMADA WASSINGTON PASTA MARROM 36G;3;6;12;1,5;0,17;2;0,17;0,5;0,29;4;52;19,5;17;174;24/nov/25
9961432;POMADA WASSINGTON PASTA MARROM 36G;11;6;12;1;0,58;1;0,08;0;0,04;105;285;29,25;17;174;24/nov/25
9961432;POMADA WASSINGTON PASTA MARROM 36G;12;6;12;1;0,42;2;0;0,08;0,02;150;870;22,75;17;174;24/nov/25
9961432;POMADA WASSINGTON PASTA MARROM 36G;13;6;12;1;0,83;0;0,42;0,33;0,25;23,08;23,08;22,75;17;174;24/nov/25
9961432;POMADA WASSINGTON PASTA MARROM 36G;14;6;12;0,5;-0,25;1;0,08;0,17;0,06;-30;90;9,75;17;174;24/nov/25
9961432;POMADA WASSINGTON PASTA MARROM 36G;18;6;12;1,5;0,33;2;0;0,17;0,08;30;210;29,25;17;174;24/nov/25
9961425;POMADA WASSINGTON PASTA PRETA 36G;1;6;12;1,5;0,83;2;0;0,08;0,12;50;170;0;17;174;24/nov/25
9961425;POMADA WASSINGTON PASTA PRETA 36G;6;6;12;1,5;0,17;2;0,25;0,5;0,41;2,86;37,14;29,25;17;174;24/nov/25
9961425;POMADA WASSINGTON PASTA PRETA 36G;12;6;12;1,5;1,08;0;0,25;0,5;0,43;17,73;17,73;42,25;17;174;24/nov/25
9961425;POMADA WASSINGTON PASTA PRETA 36G;18;6;12;2;1,5;0;0,33;0,17;0,25;41,54;41,54;29,25;17;174;24/nov/25
1020430;ACENDEDOR GEL SUPER VALE 80 450G;3;6;12;3;2,92;1;0,42;0,25;0,56;36,21;48,62;0;17;175;24/nov/25
1020430;ACENDEDOR GEL SUPER VALE 80 450G;11;6;12;1,5;1,42;0;0,08;0;0,08;127,5;127,5;1,33;17;175;24/nov/25
3123712;ACENDEDOR PARANA GEL 480G;1;6;12;0,67;-0,08;2;0,08;0;0,02;-30;690;1;17;175;24/nov/25
3123712;ACENDEDOR PARANA GEL 480G;3;6;12;3;-0,25;4;0;0;0,29;-6;90;0;17;175;24/nov/25
3123712;ACENDEDOR PARANA GEL 480G;4;6;12;1;0,17;2;0;0;0,06;20;260;1,33;17;175;24/nov/25
3123712;ACENDEDOR PARANA GEL 480G;11;6;12;1;0,75;1;0,17;0;0,06;90;210;0;17;175;24/nov/25
3123712;ACENDEDOR PARANA GEL 480G;13;6;12;1,5;1;0;0,08;0;0,08;90;90;0;17;175;24/nov/25
3123712;ACENDEDOR PARANA GEL 480G;17;6;12;2,5;2,08;0;0,17;0,5;0,23;62,5;62,5;0;17;175;24/nov/25
3123712;ACENDEDOR PARANA GEL 480G;18;6;12;2,67;2,5;0;0,17;0,08;0,19;90;90;0;17;175;24/nov/25
1701202;ALCOOL ARAUCARIA 46 INPM 1L;2;6;12;5,33;3,25;4;1,42;2,58;1,09;20,89;46,61;4;17;175;24/nov/25
1701202;ALCOOL ARAUCARIA 46 INPM 1L;7;6;12;2;2,33;0;0,75;1,17;0,84;19,53;19,53;3;17;175;24/nov/25
1701202;ALCOOL ARAUCARIA 46 INPM 1L;11;6;12;3;2,58;1;1,08;3,08;2,31;7,82;10,84;4;17;175;24/nov/25
1701202;ALCOOL ARAUCARIA 46 INPM 1L;12;6;12;3;2,58;0;1,42;0,67;0,51;35,77;35,77;4;17;175;24/nov/25
1701202;ALCOOL ARAUCARIA 46 INPM 1L;17;6;12;4;2,17;3;2,25;3,17;2,94;5,17;12,32;0;17;175;24/nov/25
1701203;ALCOOL ARAUCARIA 46Âº 500ML;2;6;12;3;4;0;1,17;1,67;1,93;14,55;14,55;6;17;175;24/nov/25
1701203;ALCOOL ARAUCARIA 46Âº 500ML;3;6;12;10;6,08;5;4,58;2,92;4,49;9,48;17,27;6;17;175;24/nov/25
1701203;ALCOOL ARAUCARIA 46Âº 500ML;4;6;12;5;3,33;0;2,5;2,25;1,59;14,63;14,63;1,33;17;175;24/nov/25
1701203;ALCOOL ARAUCARIA 46Âº 500ML;6;6;12;4;3,67;0;0,33;1,5;0,58;44;44;6;17;175;24/nov/25
1701203;ALCOOL ARAUCARIA 46Âº 500ML;11;6;12;8;5,75;0;1,92;2;1,75;23;23;4,67;17;175;24/nov/25
1701203;ALCOOL ARAUCARIA 46Âº 500ML;13;6;12;3;2,75;0;1;1,75;0,8;24,15;24,15;6;17;175;24/nov/25
1701203;ALCOOL ARAUCARIA 46Âº 500ML;18;6;12;5,33;4,5;2;1,67;3,25;2,63;12;17,33;18;17;175;24/nov/25
1020432;ALCOOL GEL SUPER VALE 70 450G;3;6;12;2;1,42;2;1,33;0,25;0,39;25,5;61,5;2;17;175;24/nov/25
1020432;ALCOOL GEL SUPER VALE 70 450G;6;6;12;1,5;1,17;1;0,5;0,42;0,43;19,09;35,45;1,33;17;175;24/nov/25
1020432;ALCOOL GEL SUPER VALE 70 450G;13;6;12;1,5;1,25;0;0,42;0,33;0,29;30;30;2,67;17;175;24/nov/25
1020429;ALCOOL SUPER VALE 46 1L;13;6;12;1,5;0,92;0;0,92;2,58;1,46;4,4;4,4;2,67;17;175;24/nov/25
1020433;ALCOOL SUPER VALE C/BICABORNATO 1L;11;6;12;1;0,5;2;1,33;0,17;0,35;10;50;2;17;175;24/nov/25
1020433;ALCOOL SUPER VALE C/BICABORNATO 1L;13;6;12;1;0,33;2;0,92;0;0,41;5,71;40;2,67;17;175;24/nov/25
1020433;ALCOOL SUPER VALE C/BICABORNATO 1L;17;6;12;1,5;0,75;2;1,08;1,58;0,68;7,71;28,29;0;17;175;24/nov/25
1020435;ALCOOL SUPER VALE LAVANDA 46 1L;2;6;12;1;1,67;0;0,08;0,33;0,16;75;75;2;17;175;24/nov/25
1020435;ALCOOL SUPER VALE LAVANDA 46 1L;12;6;12;0,83;0,67;1;0,33;0;0,27;17,14;42,86;2;17;175;24/nov/25
1021082;DESINF APYCE PINHO 2L;2;1;6;8;7,67;0;0,5;6,17;3,46;15,51;15,51;0,83;17;175;24/nov/25
1021082;DESINF APYCE PINHO 2L;3;6;6;14;8;1;5,83;2;2,99;18,7;21,04;1,67;17;175;24/nov/25
1021082;DESINF APYCE PINHO 2L;4;1;6;6;5,83;0;0,33;1,83;1,59;25,61;25,61;1,67;17;175;24/nov/25
1021082;DESINF APYCE PINHO 2L;5;1;6;4;2,17;3;2;1,17;1,48;10,26;24,47;0,83;17;175;24/nov/25
1021082;DESINF APYCE PINHO 2L;12;1;6;10;6,5;4;1,83;6,5;3,42;13,3;21,48;0,83;17;175;24/nov/25
1021082;DESINF APYCE PINHO 2L;13;1;6;8;5,5;0;1,67;7,17;3,62;10,65;10,65;3,33;17;175;24/nov/25
1021082;DESINF APYCE PINHO 2L;18;1;6;13,33;9,83;4;2,83;3,33;2,57;26,82;37,73;6,67;17;175;24/nov/25
1017492;DESINF AQUAFAST CAMPOS LAVANDA 1L;2;6;12;1;1,67;0;0;0,08;0,1;120;120;0,58;17;175;24/nov/25
1017492;DESINF AQUAFAST CAMPOS LAVANDA 1L;7;6;12;0,67;1,58;0;0;0,42;0,27;40,71;40,71;1,17;17;175;24/nov/25
1017492;DESINF AQUAFAST CAMPOS LAVANDA 1L;12;6;12;1,5;2,58;0;0,17;0,58;0,39;46,5;46,5;0,58;17;175;24/nov/25
1017492;DESINF AQUAFAST CAMPOS LAVANDA 1L;14;6;12;0,67;0,5;1;0,08;0,17;0,08;45;135;2,33;17;175;24/nov/25
1017492;DESINF AQUAFAST CAMPOS LAVANDA 1L;17;6;12;1,5;1,08;1;1;0,75;0,58;13;25;0;17;175;24/nov/25
1017492;DESINF AQUAFAST CAMPOS LAVANDA 1L;18;6;12;1,5;2,58;0;0,25;0;0,18;103,33;103,33;5,83;17;175;24/nov/25
1702741;DESINF AQUAFAST ENERGIA 2L;3;6;6;3;0,67;3;1,17;0,67;0,86;5,45;30;1;17;175;24/nov/25
1702741;DESINF AQUAFAST ENERGIA 2L;5;6;6;1,33;0;2;0,67;0,5;0,39;0;36;1;17;175;24/nov/25
1702741;DESINF AQUAFAST ENERGIA 2L;6;6;6;2;1,5;0;0,33;1,5;0,74;14,21;14,21;1;17;175;24/nov/25
1702741;DESINF AQUAFAST ENERGIA 2L;7;6;6;1,33;0,67;2;0,67;0;0,47;10;40;1;17;175;24/nov/25
1702741;DESINF AQUAFAST ENERGIA 2L;11;6;6;2;0,67;2;0,33;0,5;0,62;7,5;30;1;17;175;24/nov/25
1702741;DESINF AQUAFAST ENERGIA 2L;13;6;6;2;0,17;3;1,33;2;1,44;0,81;15,41;1;17;175;24/nov/25
1701877;DESINF AQUAFAST FLORIDO 2L;4;6;6;1,33;1;0;0,33;0,17;0,27;25,71;25,71;1;17;175;24/nov/25
1701877;DESINF AQUAFAST FLORIDO 2L;6;6;6;2;1,5;0;0,33;0,5;0,31;33,75;33,75;1;17;175;24/nov/25
1701877;DESINF AQUAFAST FLORIDO 2L;7;6;6;1,33;1,67;0;0,67;0;0,31;37,5;37,5;1;17;175;24/nov/25
1701877;DESINF AQUAFAST FLORIDO 2L;12;6;6;1,67;1,5;0;0,17;1,33;0,35;30;30;1;17;175;24/nov/25
1701877;DESINF AQUAFAST FLORIDO 2L;13;6;6;2;0,83;2;0;0,5;0,27;21,43;72,86;1;17;175;24/nov/25
1701877;DESINF AQUAFAST FLORIDO 2L;17;6;6;2;1,67;0;0,67;0,17;0,47;25;25;0;17;175;24/nov/25
1701875;DESINF AQUAFAST LAVANDA 2L;2;6;6;3;3,83;0;1,83;0,5;1,28;20,91;20,91;1;17;175;24/nov/25
1701875;DESINF AQUAFAST LAVANDA 2L;7;6;6;1,33;1,17;2;0,33;0,83;0,47;17,5;47,5;2;17;175;24/nov/25
1701875;DESINF AQUAFAST LAVANDA 2L;12;6;6;2;2,83;0;0;1;0,51;39,23;39,23;1;17;175;24/nov/25
1701875;DESINF AQUAFAST LAVANDA 2L;14;6;6;1,33;2;2;0,17;0,33;0,54;25,71;51,43;2;17;175;24/nov/25
1701875;DESINF AQUAFAST LAVANDA 2L;17;6;6;4;2;3;2,5;1,83;1,87;7,5;18,75;0;17;175;24/nov/25
1701969;DESINF AQUAFAST LAVANDA 5L;3;6;4;2,5;3,5;2;1,5;0,25;0,82;30;47,14;1;17;175;24/nov/25
1701969;DESINF AQUAFAST LAVANDA 5L;7;6;4;2;1,75;0;0;0,25;0,06;210;210;1;17;175;24/nov/25
1701969;DESINF AQUAFAST LAVANDA 5L;8;6;4;2;2,5;1;0,5;0,25;0,35;50;70;0;17;175;24/nov/25
1701969;DESINF AQUAFAST LAVANDA 5L;11;6;4;2;1,75;0;0,75;0,5;0,29;42;42;1;17;175;24/nov/25
1017491;DESINF AQUAFAST MARINE 1L;3;6;12;1;2,33;2;0,42;0,75;0,47;35;65;1,17;17;175;24/nov/25
1017491;DESINF AQUAFAST MARINE 1L;4;6;12;0,83;0,75;1;0,25;0,17;0,18;30;70;0,58;17;175;24/nov/25
1701878;DESINF AQUAFAST MARINE 2L;7;6;6;1,33;1,17;0;0;0,67;0,23;35;35;1;17;175;24/nov/25
1701878;DESINF AQUAFAST MARINE 2L;13;6;6;2;0;3;0;1;0,62;0;33,75;1;17;175;24/nov/25
1701878;DESINF AQUAFAST MARINE 2L;14;6;6;0,83;1,67;1;0,33;0,33;0,43;27,27;43,64;2;17;175;24/nov/25
1701878;DESINF AQUAFAST MARINE 2L;17;6;6;3;2;0;0,17;0,83;1,01;13,85;13,85;0;17;175;24/nov/25
1701970;DESINF AQUAFAST MARINE 5L;12;6;4;2;1,75;0;0,75;0,5;0,53;23,33;23,33;1;17;175;24/nov/25
1701970;DESINF AQUAFAST MARINE 5L;17;6;4;2;1,75;0;1,25;0;0,29;42;42;0;17;175;24/nov/25
1017490;DESINF AQUAFAST PAIXAO 1L;2;6;12;0,83;2,08;0;0;0,42;0,31;46,88;46,88;0,58;17;175;24/nov/25
1017490;DESINF AQUAFAST PAIXAO 1L;7;6;12;0,67;-0,5;2;0,25;0,08;0,14;-25,71;77,14;1,17;17;175;24/nov/25
1017490;DESINF AQUAFAST PAIXAO 1L;13;6;12;0,83;-0,25;2;0,25;0;0,29;-6;42;2,33;17;175;24/nov/25
1702342;DESINF AQUAFAST PAIXAO 2L;2;6;6;2;-0,83;3;1,5;0,83;0,89;-6,52;16,96;1;17;175;24/nov/25
1702342;DESINF AQUAFAST PAIXAO 2L;6;6;6;2;-0,17;3;0,17;0,67;0,89;-1,3;22,17;1;17;175;24/nov/25
1702342;DESINF AQUAFAST PAIXAO 2L;7;6;6;1,33;-0,67;2;0,33;0,5;0,74;-6,32;12,63;1;17;175;24/nov/25
1702342;DESINF AQUAFAST PAIXAO 2L;11;6;6;2;1;2;0,83;0,17;0,27;25,71;77,14;1;17;175;24/nov/25
1702343;DESINF AQUAFAST PAIXAO 5L;8;6;4;1,5;1,25;0;0,5;0,25;0,23;37,5;37,5;0;17;175;24/nov/25
1702343;DESINF AQUAFAST PAIXAO 5L;11;6;4;2;1,75;1;0,75;2;1,4;8,75;13,75;2;17;175;24/nov/25
1702343;DESINF AQUAFAST PAIXAO 5L;17;6;4;2;1;2;1,75;1,5;0,93;7,5;22,5;0;17;175;24/nov/25
1701456;DESINF BAK YPE EUCALIPTO 2L;3;6;6;3;2,67;1;0,83;0,33;0,54;34,29;47,14;0,83;17;175;24/nov/25
1701456;DESINF BAK YPE EUCALIPTO 2L;12;6;6;2;1,5;0;0,83;0,83;0,74;14,21;14,21;0,83;17;175;24/nov/25
1701456;DESINF BAK YPE EUCALIPTO 2L;13;6;6;2;1,5;0;0,67;0,67;0,51;20,77;20,77;0,83;17;175;24/nov/25
1702160;DESINF BAK YPE FLORAL 2L;17;6;6;3;2,33;0;1,17;1,67;0,97;16,8;16,8;0;17;175;24/nov/25
1702160;DESINF BAK YPE FLORAL 2L;18;6;6;3;2,17;0;0,83;1;0,86;17,73;17,73;6,67;17;175;24/nov/25
1701457;DESINF BAK YPE LAVANDA 2L;12;6;6;2;1,33;2;1,17;0,5;0,86;10,91;27,27;0,83;17;175;24/nov/25
1701457;DESINF BAK YPE LAVANDA 2L;17;6;6;3;2,67;0;1,83;1,83;1,05;17,78;17,78;0;17;175;24/nov/25
1701457;DESINF BAK YPE LAVANDA 2L;18;6;6;4;3;2;1,67;1,33;2,06;10,19;16,98;6,67;17;175;24/nov/25
48227;DESINF GIRANDO SOL EUCALIPTO 500ML;2;6;12;1,5;1,42;0;0,83;0,67;0,62;15,94;15,94;0,67;17;175;24/nov/25
48227;DESINF GIRANDO SOL EUCALIPTO 500ML;8;6;12;0,83;0,75;1;0,33;0,17;0,14;38,57;90;0;17;175;24/nov/25
44524;DESINF GIRANDO SOL JASMIM 2L;2;6;6;1,67;1,5;0;0,33;0,17;0,19;54;54;1;17;175;24/nov/25
44524;DESINF GIRANDO SOL JASMIM 2L;8;6;6;1,67;1,5;0;0,17;0,17;0,12;90;90;0;17;175;24/nov/25
44524;DESINF GIRANDO SOL JASMIM 2L;12;6;6;2;1,83;0;0,17;0,5;0,27;47,14;47,14;1;17;175;24/nov/25
44524;DESINF GIRANDO SOL JASMIM 2L;13;6;6;2;1,67;0;1;0,17;0,74;15,79;15,79;1;17;175;24/nov/25
44521;DESINF GIRANDO SOL LAVANDA 2L;5;6;6;2;1,83;0;0,33;0,33;0,54;23,57;23,57;1;17;175;24/nov/25
44521;DESINF GIRANDO SOL LAVANDA 2L;11;6;6;2,33;2,17;0;1,17;1,5;1,52;10;10;1;17;175;24/nov/25
44521;DESINF GIRANDO SOL LAVANDA 2L;12;6;6;2,33;2,17;0;0,83;0;0,43;35,45;35,45;1;17;175;24/nov/25
44521;DESINF GIRANDO SOL LAVANDA 2L;13;6;6;2,33;1,17;2;2;1,33;1,17;7;19;1;17;175;24/nov/25
44521;DESINF GIRANDO SOL LAVANDA 2L;17;6;6;3;2;0;1;1;0,47;30;30;0;17;175;24/nov/25
48229;DESINF GIRANDO SOL LIMAO 500ML;6;6;12;1;0,5;1;0,67;0,33;0,39;9;27;1,33;17;175;24/nov/25
105071;DESINF GIRANDO SOL TRAD.TALCO 5L;17;6;4;2;1,5;0;1,25;0,25;0,35;30;30;0;17;175;24/nov/25
1702889;DESINF GOTA LIMPA EUCALIPTO 5L;1;6;4;2;1,5;0;0,75;0,5;0,47;22,5;22,5;0;17;175;24/nov/25
1702889;DESINF GOTA LIMPA EUCALIPTO 5L;8;6;4;2;2,75;2;2;2;1,17;16,5;28,5;0;17;175;24/nov/25
1702889;DESINF GOTA LIMPA EUCALIPTO 5L;18;6;4;2;1,25;2;1;0,5;0,7;12,5;32,5;2;17;175;24/nov/25
1007863;DESINF GOTA LIMPA FLORAL 2L;2;6;6;2;1;2;0,83;0,83;0,86;8,18;24,55;0,83;17;175;24/nov/25
1007863;DESINF GOTA LIMPA FLORAL 2L;7;6;6;1,33;0,5;2;2,83;1,33;1,94;1,8;9;0,83;17;175;24/nov/25
1007863;DESINF GOTA LIMPA FLORAL 2L;8;6;6;1,33;0,5;2;0,83;1,17;0,82;4,29;21,43;0;17;175;24/nov/25
1007863;DESINF GOTA LIMPA FLORAL 2L;11;6;6;2;1,5;1;1,5;0,17;1,13;9,31;15,52;0,83;17;175;24/nov/25
1007863;DESINF GOTA LIMPA FLORAL 2L;12;6;6;2;1,67;0;1,17;0;0,74;15,79;15,79;0,83;17;175;24/nov/25
1007863;DESINF GOTA LIMPA FLORAL 2L;17;6;6;2;1,17;2;0,5;0;1,44;5,68;15,41;0;17;175;24/nov/25
1007863;DESINF GOTA LIMPA FLORAL 2L;18;6;6;2;1,5;1;1,5;1;1,67;6,28;10,47;1,67;17;175;24/nov/25
1007862;DESINF GOTA LIMPA FLORAL 500ML;8;6;12;0,67;0,58;1;0,17;0,25;0,25;16,15;43,85;0;17;175;24/nov/25
1007862;DESINF GOTA LIMPA FLORAL 500ML;11;6;12;1;0,92;0;0,08;0;0,02;330;330;1,33;17;175;24/nov/25
9963672;DESINF GOTA LIMPA LAVANDA 2L;7;6;6;2;2,33;0;3;0,5;2,1;7,78;7,78;0,83;17;175;24/nov/25
9963672;DESINF GOTA LIMPA LAVANDA 2L;17;6;6;4;1,17;3;3,33;0;1,71;4,77;17,05;0;17;175;24/nov/25
9963610;DESINF GOTA LIMPA LAVANDA 500ML;2;6;12;1,5;1;1;0,5;0,5;0,33;21,18;42,35;0,67;17;175;24/nov/25
9963610;DESINF GOTA LIMPA LAVANDA 500ML;5;6;12;1;0,75;1;0,83;0,58;0,53;10;23,33;1,33;17;175;24/nov/25
9963610;DESINF GOTA LIMPA LAVANDA 500ML;7;6;12;1;0,67;1;1,08;1,08;0,82;5,71;14,29;2;17;175;24/nov/25
1702888;DESINF GOTA LIMPA LAVANDA 5L;7;6;4;2,5;2;0;0,75;0,75;0,7;20;20;1;17;175;24/nov/25
1702888;DESINF GOTA LIMPA LAVANDA 5L;8;6;4;2;3;3;3,75;2;1,93;10,91;21,82;0;17;175;24/nov/25
1702888;DESINF GOTA LIMPA LAVANDA 5L;11;6;4;2,5;2;0;1;0;0,47;30;30;1;17;175;24/nov/25
1702888;DESINF GOTA LIMPA LAVANDA 5L;12;6;4;2;1,25;0;1,25;1,25;0,58;15;15;1;17;175;24/nov/25
9963665;DESINF GOTA LIMPA LIMAO 2L;2;6;6;2,33;1,83;0;0,33;0,5;0,19;66;66;0,83;17;175;24/nov/25
9963665;DESINF GOTA LIMPA LIMAO 2L;8;6;6;1,67;2,33;1;0,33;1,33;0,89;18,26;26,09;0;17;175;24/nov/25
9963665;DESINF GOTA LIMPA LIMAO 2L;13;6;6;1,67;1,33;0;1,17;0,5;0,39;24;24;0,83;17;175;24/nov/25
9963665;DESINF GOTA LIMPA LIMAO 2L;18;6;6;2,67;2,33;0;0,83;0,83;1,44;11,35;11,35;5;17;175;24/nov/25
9963658;DESINF GOTA LIMPA PINHO 2L;4;6;6;2;0,83;2;2,5;1,33;0,97;6;20,4;0,83;17;175;24/nov/25
9963658;DESINF GOTA LIMPA PINHO 2L;5;6;6;1,67;1,5;1;1;1;1,05;10;16,67;0,83;17;175;24/nov/25
9963658;DESINF GOTA LIMPA PINHO 2L;8;6;6;2;2,67;2;1,67;0,67;0,62;30;52,5;0;17;175;24/nov/25
9963658;DESINF GOTA LIMPA PINHO 2L;11;6;6;1,67;1,5;0;0,5;0,83;0,31;33,75;33,75;0,83;17;175;24/nov/25
9963658;DESINF GOTA LIMPA PINHO 2L;14;6;6;1,33;2,67;2;1,17;0,5;0,86;21,82;38,18;1,67;17;175;24/nov/25
9963597;DESINF GOTA LIMPA PINHO 500ML;7;6;12;0,83;0,67;1;0,75;1,25;0,68;6,86;17,14;2;17;175;24/nov/25
1702890;DESINF GOTA LIMPA PINHO 5L;2;6;4;2,5;2,25;1;1,25;0,25;0,64;24,55;35,45;1;17;175;24/nov/25
1702890;DESINF GOTA LIMPA PINHO 5L;11;6;4;2;1,75;0;0,25;0;0,06;210;210;1;17;175;24/nov/25
1021088;DESINF IMPERIAL LAVANDA 5L;1;6;4;4;3,25;2;4,25;4,75;3,85;5,91;9,55;0;17;175;24/nov/25
1021088;DESINF IMPERIAL LAVANDA 5L;3;6;4;7;4,5;4;3,25;6;4,08;7,71;14,57;2;17;175;24/nov/25
1021088;DESINF IMPERIAL LAVANDA 5L;4;6;4;2,5;0,75;3;2;0,25;0,76;6,92;34,62;2;17;175;24/nov/25
1021088;DESINF IMPERIAL LAVANDA 5L;5;6;4;4;3,25;0;0,75;1,5;1,63;13,93;13,93;1;17;175;24/nov/25
1021088;DESINF IMPERIAL LAVANDA 5L;7;6;4;4;3,25;0;1;0,75;0,58;39;39;1;17;175;24/nov/25
1021088;DESINF IMPERIAL LAVANDA 5L;8;6;4;5;2,5;4;2,5;2,5;2,28;7,69;20;0;17;175;24/nov/25
1021088;DESINF IMPERIAL LAVANDA 5L;13;6;4;5;4,75;0;2,75;2,25;2,39;13,9;13,9;3;17;175;24/nov/25
1021088;DESINF IMPERIAL LAVANDA 5L;18;6;4;9;7;3;2,5;3,5;2,92;16,8;24;8;17;175;24/nov/25
1021086;DESINF IMPERIAL PINHO 5L;3;6;4;9;9,75;4;3;3,25;3,21;21,27;30;1,5;17;175;24/nov/25
1021086;DESINF IMPERIAL PINHO 5L;6;6;4;4;1,5;3;3;0,75;1,69;6,21;18,62;0,75;17;175;24/nov/25
1021086;DESINF IMPERIAL PINHO 5L;12;6;4;6;5;2;5;2,5;4,96;7,06;9,88;0,75;17;175;24/nov/25
1021086;DESINF IMPERIAL PINHO 5L;18;6;4;9;8;2;1,5;2,25;2,39;23,41;29,27;6;17;175;24/nov/25
1702320;DESINF PATO GERMINEX LAVANDA PROMO 750ML;11;6;12;1,5;1,42;0;0,08;0,25;0,14;72,86;72,86;0;17;175;24/nov/25
1701234;DESINF PATO GERMINEX MARINE PROMO 750ML;17;6;12;1;0,83;0;0,42;0,67;0,27;21,43;21,43;0;17;175;24/nov/25
1702034;DESINF PINHO SOL LAVANDA 1L;13;6;12;0,67;0,5;1;0,25;0,42;0,45;7,83;23,48;1;17;175;24/nov/25
101104;DESINF PINHO YPE TRAD 500ML;18;6;12;2;1,58;0;0,67;0,5;0,47;23,75;23,75;4,67;17;175;24/nov/25
1022267;DESINF SANOL CITRONELA 2L;4;6;6;1,33;1,17;0;0,17;0,67;0,39;21;21;1,67;17;175;24/nov/25
1022267;DESINF SANOL CITRONELA 2L;5;6;6;2;1,83;0;0,67;1,5;0,66;19,41;19,41;0,83;17;175;24/nov/25
1022267;DESINF SANOL CITRONELA 2L;7;6;6;2;1,67;0;0,5;0,33;0,47;25;25;0,83;17;175;24/nov/25
1022267;DESINF SANOL CITRONELA 2L;11;6;6;2;1,17;2;1,5;1,5;0,7;11,67;31,67;1,67;17;175;24/nov/25
1022269;DESINF SANOL FLORAL 2L;1;6;6;1,67;1,5;0;0,83;0,33;0,47;22,5;22,5;0;17;175;24/nov/25
1022269;DESINF SANOL FLORAL 2L;11;6;6;1,67;1,5;0;0,83;0,83;0,62;16,88;16,88;1,67;17;175;24/nov/25
1022269;DESINF SANOL FLORAL 2L;12;6;6;1,67;0,5;2;1,33;0,83;0,78;4,5;22,5;1,67;17;175;24/nov/25
1022268;DESINF SANOL LAVANDA 2L;5;6;6;2;1,67;0;0;0,33;0,19;60;60;0,83;17;175;24/nov/25
1022268;DESINF SANOL LAVANDA 2L;7;6;6;2;1,67;1;0,67;1,83;1,24;9,38;15;0,83;17;175;24/nov/25
1022270;DESINF SANOL ORIGINAL 2L;3;6;6;3,33;4,67;2;1,17;0;0,27;120;171,43;1,67;17;175;24/nov/25
1022270;DESINF SANOL ORIGINAL 2L;11;1;6;1,67;1,17;2;1,17;0,5;0,58;14;38;3,33;17;175;24/nov/25
1022270;DESINF SANOL ORIGINAL 2L;12;1;6;1,67;1,5;0;0,5;1;0,35;30;30;2,5;17;175;24/nov/25
9985414;DESINF YPE BAK EUCALIPTO 500ML;3;6;12;2;0,83;2;1,67;1,58;1,52;3,85;13,08;2,33;17;175;24/nov/25
9985414;DESINF YPE BAK EUCALIPTO 500ML;7;6;12;0,67;0,42;1;0,25;0,25;0,14;21,43;72,86;1,75;17;175;24/nov/25
9985414;DESINF YPE BAK EUCALIPTO 500ML;11;6;12;1,67;1,08;0;0,92;0,5;0,66;11,47;11,47;0,58;17;175;24/nov/25
9985414;DESINF YPE BAK EUCALIPTO 500ML;18;6;12;1;0,67;1;0,58;0,58;0,56;8,28;20,69;5,83;17;175;24/nov/25
1017946;DESINF YPE BAK FLORAL 1L;3;6;12;1,5;1,25;1;0,33;0,25;0,23;37,5;67,5;1;17;175;24/nov/25
9985438;DESINF YPE BAK FLORAL 500ML;3;6;12;1,67;0,33;2;1,83;0,83;0,62;3,75;26,25;2,33;17;175;24/nov/25
9985438;DESINF YPE BAK FLORAL 500ML;11;6;12;1,67;1,08;0;0,75;0,75;0,76;10;10;1,17;17;175;24/nov/25
9985438;DESINF YPE BAK FLORAL 500ML;18;6;12;1;0,75;1;0,92;0,83;0,84;6,28;14,65;5,83;17;175;24/nov/25
9985421;DESINF YPE BAK LAVANDA 500ML;3;6;12;2,5;2;1;1;2;0,93;15;22,5;2,92;17;175;24/nov/25
9985421;DESINF YPE BAK LAVANDA 500ML;8;6;12;1;0,92;0;0,08;0;0,25;25,38;25,38;0;17;175;24/nov/25
1703003;DET LIQ YPE POWER ACT SUP 900ML;3;6;12;2;2,83;1;0,67;0,5;0,56;35,17;47,59;0;17;175;24/nov/25
1703003;DET LIQ YPE POWER ACT SUP 900ML;17;6;12;1;0,75;0;0,58;0,67;0,43;12,27;12,27;0;17;175;24/nov/25
1701666;LIMP AQUAF DESNG SQUEZ 500ML;12;6;12;1;2;0;0,58;0,58;0,88;16;16;0;17;175;24/nov/25
1701666;LIMP AQUAF DESNG SQUEZ 500ML;13;6;12;0,83;0,58;0;0;0,25;0,19;21;21;0;17;175;24/nov/25
1701666;LIMP AQUAF DESNG SQUEZ 500ML;17;6;12;1;1,67;0;0,17;0,17;0,12;100;100;0;17;175;24/nov/25
1701664;LIMP AQUAFAST DESENG LIMAO PULV 500ML;13;6;12;0,83;0;2;0;0;0,04;0;360;1,67;17;175;24/nov/25
1000726;LIMP AQUAFAST M USO DOCE ROM 2L;13;6;6;1,67;0,33;3;0,83;0,5;0,7;3,33;33,33;6;17;175;24/nov/25
1000726;LIMP AQUAFAST M USO DOCE ROM 2L;17;6;6;2;1,17;0;0,5;0,5;0,51;16,15;16,15;0;17;175;24/nov/25
1013022;LIMP AQUAFAST M USO MAGIA SED 2L;3;6;6;2;1,83;1;0,67;0,33;0,35;36,67;56,67;8;17;175;24/nov/25
1013022;LIMP AQUAFAST M USO MAGIA SED 2L;13;6;6;1,33;1;1;0,5;0,33;0,58;12;24;11;17;175;24/nov/25
1013022;LIMP AQUAFAST M USO MAGIA SED 2L;17;6;6;2;1,83;0;0,5;0;0,39;33;33;0;17;175;24/nov/25
1013022;LIMP AQUAFAST M USO MAGIA SED 2L;18;6;6;2;1,67;0;0,5;0,33;0,19;60;60;4;17;175;24/nov/25
1701058;LIMP CIF CREMOSO LARANJA 500ML;3;6;12;1;0,5;1;0,33;0,17;0,14;25,71;77,14;6,67;17;175;24/nov/25
1610383;LIMP CIF CREMOSO PROF.BCO 450ML;4;6;12;0,67;0;2;0;0,58;0,23;0;60;1,67;17;175;24/nov/25
1610383;LIMP CIF CREMOSO PROF.BCO 450ML;5;6;12;1;0,83;1;0,08;0,08;0,19;30;66;0;17;175;24/nov/25
1610383;LIMP CIF CREMOSO PROF.BCO 450ML;17;6;12;0,83;-1,17;2;1,75;1;1,05;-7,78;5,56;0;17;175;24/nov/25
1610383;LIMP CIF CREMOSO PROF.BCO 450ML;18;6;12;0,83;0,25;2;0;0;0,1;18;162;5;17;175;24/nov/25
1703002;LIMP DESEN GIRANDO SOL COZ 500ML;7;6;12;1;0,92;0;0,25;0,42;0,25;25,38;25,38;10;17;175;24/nov/25
1703002;LIMP DESEN GIRANDO SOL COZ 500ML;8;6;12;0,67;0,33;1;0,5;0,08;0,19;12;48;2,67;17;175;24/nov/25
1703002;LIMP DESEN GIRANDO SOL COZ 500ML;11;6;12;1,5;1,25;0;0,5;0,33;0,56;15,52;15,52;0;17;175;24/nov/25
1005388;LIMP MULTIUSO QBOA LAVANDA 500ML;7;6;12;0,5;0,33;1;0,25;0,08;0,16;15;60;1,17;17;175;24/nov/25
1005388;LIMP MULTIUSO QBOA LAVANDA 500ML;17;6;12;1,5;1,42;0;0,25;0,17;0,19;51;51;0;17;175;24/nov/25
1005388;LIMP MULTIUSO QBOA LAVANDA 500ML;18;6;12;1,5;1,33;0;0,33;0,25;0,16;60;60;0;17;175;24/nov/25
151313;LIMP PERF COALA ESSENCIA LAVANDA 120ML;3;6;24;1;1,67;1;0,71;0,79;0,69;16,9;27,04;5,67;17;175;24/nov/25
151313;LIMP PERF COALA ESSENCIA LAVANDA 120ML;14;6;24;0,5;0,17;1;0,42;0,33;0,18;6,32;44,21;1,42;17;175;24/nov/25
151313;LIMP PERF COALA ESSENCIA LAVANDA 120ML;18;6;24;0,75;0,71;1;0,25;0,25;0,3;16,45;39,68;2,83;17;175;24/nov/25
1023597;LIMP PERF SAIF CONCENTR 120ML BAMBU;3;6;12;1,5;1,33;1;0,75;0,5;0,51;18,46;32,31;3,33;17;175;24/nov/25
1023597;LIMP PERF SAIF CONCENTR 120ML BAMBU;13;6;12;0,83;0,5;1;0,42;0,17;0,43;8,18;24,55;0,83;17;175;24/nov/25
1023597;LIMP PERF SAIF CONCENTR 120ML BAMBU;14;6;12;0,67;0,08;2;0,67;0,08;0,33;1,76;44,12;1,67;17;175;24/nov/25
1023598;LIMP PERF SAIF CONCENTR 120ML CITRONELA;2;6;12;0,83;0,67;1;0;0,58;0,23;20;50;0,83;17;175;24/nov/25
1023598;LIMP PERF SAIF CONCENTR 120ML CITRONELA;3;6;12;1;0,17;2;0;0,5;0,47;2,5;32,5;3,33;17;175;24/nov/25
1023598;LIMP PERF SAIF CONCENTR 120ML CITRONELA;4;6;12;0,67;-0,17;2;0,33;0,33;0,33;-3,53;38,82;0,83;17;175;24/nov/25
1023598;LIMP PERF SAIF CONCENTR 120ML CITRONELA;7;6;12;0,67;0;2;0;0;0;;;0,83;17;175;24/nov/25
1023598;LIMP PERF SAIF CONCENTR 120ML CITRONELA;8;6;12;0,67;0;2;0;0;0;;;0;17;175;24/nov/25
1023598;LIMP PERF SAIF CONCENTR 120ML CITRONELA;11;6;12;0,83;0;2;0,08;1,67;0,68;0;20,57;1,67;17;175;24/nov/25
1023598;LIMP PERF SAIF CONCENTR 120ML CITRONELA;12;6;12;0,83;0,17;2;0,33;0,25;0,29;4;52;0,83;17;175;24/nov/25
1023598;LIMP PERF SAIF CONCENTR 120ML CITRONELA;13;6;12;0,83;0,17;2;0,17;0,17;0,45;2,61;33,91;0,83;17;175;24/nov/25
1023598;LIMP PERF SAIF CONCENTR 120ML CITRONELA;14;6;12;0,67;-0,67;2;0,42;0,17;0,23;-20;40;1,67;17;175;24/nov/25
1023600;LIMP PERF SAIF CONCENTR 120ML KAIAK;3;6;12;1,5;0,17;1;0,42;0,92;0,54;2,14;15;3,33;17;175;24/nov/25
1023600;LIMP PERF SAIF CONCENTR 120ML KAIAK;11;6;12;0,83;0,25;2;0,33;1;0,66;2,65;23,82;1,67;17;175;24/nov/25
1023601;LIMP PERF SAIF CONCENTR 120ML LAVANDA;11;6;12;1;0,25;2;1,33;0,25;0,56;3,1;27,93;0;17;175;24/nov/25
1023602;LIMP PERF SAIF CONCENTR 120ML MAGIA;4;6;12;0,67;-0,25;2;0,08;0;0,12;-15;105;0,83;17;175;24/nov/25
1023602;LIMP PERF SAIF CONCENTR 120ML MAGIA;6;6;12;0,83;0,42;1;0,25;0,17;0,23;12,5;42,5;1,67;17;175;24/nov/25
1023602;LIMP PERF SAIF CONCENTR 120ML MAGIA;11;6;12;1;0,08;2;0,33;0,58;0,45;1,3;32,61;1,67;17;175;24/nov/25
1023602;LIMP PERF SAIF CONCENTR 120ML MAGIA;13;6;12;0,83;0,08;2;0,17;0;0,25;2,31;57,69;0,83;17;175;24/nov/25
1023602;LIMP PERF SAIF CONCENTR 120ML MAGIA;14;6;12;0,67;0,58;0;0,17;0;0,08;52,5;52,5;1,67;17;175;24/nov/25
1023599;LIMP PERF SAIF CONCENTR 120ML PITANGA;3;6;12;1;0;2;0,33;0,42;0,31;0;45;3,33;17;175;24/nov/25
1023599;LIMP PERF SAIF CONCENTR 120ML PITANGA;4;6;12;0,67;-0,42;2;0,17;0,08;0,14;-21,43;81,43;0,83;17;175;24/nov/25
1023599;LIMP PERF SAIF CONCENTR 120ML PITANGA;6;6;12;0,83;0;2;0;0;0,12;0;120;1,67;17;175;24/nov/25
1023599;LIMP PERF SAIF CONCENTR 120ML PITANGA;8;6;12;0,67;-0,17;2;0,17;0;0,04;-30;330;0;17;175;24/nov/25
1023599;LIMP PERF SAIF CONCENTR 120ML PITANGA;11;6;12;0,83;0;2;0;0;0,23;0;60;1,67;17;175;24/nov/25
1023599;LIMP PERF SAIF CONCENTR 120ML PITANGA;12;6;12;0,83;0,75;0;0,17;0,08;0,18;30;30;0,83;17;175;24/nov/25
1023599;LIMP PERF SAIF CONCENTR 120ML PITANGA;13;6;12;0,83;0,75;1;0,17;0,25;0,39;13,5;31,5;0,83;17;175;24/nov/25
1023599;LIMP PERF SAIF CONCENTR 120ML PITANGA;18;6;12;1;0;2;0;0;0;;;6,67;17;175;24/nov/25
1701623;LIMP UAU M USO FLORES FRESCOR 500ML;13;6;24;1;0,42;0,5;0,08;0,04;0,1;30;66;0,58;17;175;24/nov/25
1701623;LIMP UAU M USO FLORES FRESCOR 500ML;17;6;24;1;0;0,5;0;0;0;;;0;17;175;24/nov/25
1702003;LIMP UAU PERF FLORES/SEDUC L2LP1.6L;3;6;6;3;2,67;1;0,83;0;0,62;30;41,25;2,33;17;175;24/nov/25
1702003;LIMP UAU PERF FLORES/SEDUC L2LP1.6L;11;6;6;2;1,33;0;0,67;0;0,19;48;48;8,17;17;175;24/nov/25
1702003;LIMP UAU PERF FLORES/SEDUC L2LP1.6L;17;6;6;2;1,83;0;0,5;1,5;0,58;22;22;0;17;175;24/nov/25
1702002;LIMP UAU PERF LAV CONF L2L P1600ML;3;6;6;3;1,83;2;1,33;0,67;0,54;23,57;49,29;3,33;17;175;24/nov/25
1702000;LIMP UAU PERF LAVANDA CONF LV1PG800ML;7;1;12;0,83;0,33;1;0,67;0,17;0,29;8;32;1,17;17;175;24/nov/25
1702000;LIMP UAU PERF LAVANDA CONF LV1PG800ML;17;1;12;2;1,75;0;0,25;0,5;0,25;48,46;48,46;0;17;175;24/nov/25
1701360;LIMP VEJA DESENG COZ LIMAO SQ L500P400ML;13;6;24;0,5;0,42;0;0,08;0,21;0,12;25;25;0,67;17;175;24/nov/25
1703004;LIMP VEJA M USO MARCANTE 500ML;11;6;24;1;0,79;0;0,21;0,33;0,16;35,63;35,63;0,67;17;175;24/nov/25
1701923;LIMP VEJA X 14 L PES 20% 2EM1 500ML;6;6;24;0,42;0,21;1;0,21;0,13;0,16;9,38;54,38;2,08;17;175;24/nov/25
1701487;LIMP VEJA X14 T.LIMO 500ML;17;6;12;1;0,83;0;0,08;0;0,02;300;300;0;17;175;24/nov/25
128674;SODA CAUSTICA ESCAMA SODABEL 1KG;2;1;12;0,83;1,33;0;0,25;0,25;0,18;53,33;53,33;0;17;175;24/nov/25
128674;SODA CAUSTICA ESCAMA SODABEL 1KG;17;1;12;1;0,83;0;0,33;0,25;0,21;27,27;27,27;0;17;175;24/nov/25
1022647;SODA CAUSTICA ESCAMA SODABEL 300G;2;6;12;1;0,92;0;0,42;0,25;0,35;18,33;18,33;0;17;175;24/nov/25
1702550;DET AQUAFAST NEUTRO 5L;13;6;4;2;0,75;2;1,5;0,75;0,88;6;22;2;17;176;24/nov/25
1021444;DET LIQ BIO-KRISS CLEAR 500ML;2;6;24;6;6,17;0;2,33;2,63;2,15;20,09;20,09;3,67;17;176;24/nov/25
1021444;DET LIQ BIO-KRISS CLEAR 500ML;4;6;24;4;3,29;2;2,08;3,88;3,44;6,69;10,76;0,67;17;176;24/nov/25
1021444;DET LIQ BIO-KRISS CLEAR 500ML;5;6;24;4;2,75;2;2,42;3,04;2,2;8,76;15,13;1;17;176;24/nov/25
1021444;DET LIQ BIO-KRISS CLEAR 500ML;7;6;24;4;2,58;2;2,21;1,75;2,22;8,16;14,47;3,67;17;176;24/nov/25
1021444;DET LIQ BIO-KRISS CLEAR 500ML;12;6;24;5;3,83;3;3,42;2,96;3,24;8,29;14,77;3,67;17;176;24/nov/25
1021444;DET LIQ BIO-KRISS CLEAR 500ML;13;6;24;6,25;4,13;3;4,21;3,21;3,37;8,56;14,78;3,67;17;176;24/nov/25
1021444;DET LIQ BIO-KRISS CLEAR 500ML;17;6;24;6;5,75;0;3,04;3,21;2,44;16,49;16,49;3,67;17;176;24/nov/25
1021445;DET LIQ BIO-KRISS NEUTRO 500ML;3;6;24;12,5;13,75;6;5,96;7,25;5,5;17,49;25,12;3,67;17;176;24/nov/25
1021445;DET LIQ BIO-KRISS NEUTRO 500ML;8;6;24;4;4,79;1;1;2,58;1,93;17,34;20,95;3,67;17;176;24/nov/25
1021445;DET LIQ BIO-KRISS NEUTRO 500ML;14;6;24;0,83;5,96;2;0,92;2,71;1,48;28,22;37,7;0;17;176;24/nov/25
1021445;DET LIQ BIO-KRISS NEUTRO 500ML;18;6;24;10;8,25;3;4,63;6,75;5,38;10,74;14,65;11;17;176;24/nov/25
1702630;DET LIQ GIRANDO SOL COCO 500ML;14;6;24;0,83;1,58;1;0,54;0,71;0,53;20,73;33,82;0;17;176;24/nov/25
1702630;DET LIQ GIRANDO SOL COCO 500ML;17;6;24;4;3,38;0;1,33;2,21;2,01;11,74;11,74;2,67;17;176;24/nov/25
1702630;DET LIQ GIRANDO SOL COCO 500ML;18;6;24;0,5;0,46;1;1,08;0,58;0,8;4,02;12,8;8,33;17;176;24/nov/25
1701956;DET LIQ GIRANDO SOL GLICERINA 500ML;2;6;24;4;3,75;0;0,92;0,63;1,02;25,71;25,71;1,33;17;176;24/nov/25
1701956;DET LIQ GIRANDO SOL GLICERINA 500ML;5;6;24;2;1,92;0;0,25;0,13;0,23;57,5;57,5;1;17;176;24/nov/25
1701956;DET LIQ GIRANDO SOL GLICERINA 500ML;12;6;24;3;2,38;2;1,08;0,04;1,07;15,55;28,64;1;17;176;24/nov/25
1701956;DET LIQ GIRANDO SOL GLICERINA 500ML;13;6;24;2,5;2,08;1;0,58;1,25;1,93;7,54;11,16;1,33;17;176;24/nov/25
1701294;DET LIQ GIRANDO SOL LIMAO 500ML;6;6;24;2,5;2,38;0;0,38;0,04;0,69;24,08;24,08;1;17;176;24/nov/25
1701294;DET LIQ GIRANDO SOL LIMAO 500ML;7;6;24;2,5;2,25;0;0,42;0,58;0,58;27;27;1;17;176;24/nov/25
1701294;DET LIQ GIRANDO SOL LIMAO 500ML;13;6;24;3;2,42;0;0,63;1,08;1,56;10,88;10,88;2;17;176;24/nov/25
15903;DET LIQ GIRANDO SOL MACA 500ML;6;6;24;2;1,96;0;0,29;0,25;0,88;15,49;15,49;1,67;17;176;24/nov/25
15903;DET LIQ GIRANDO SOL MACA 500ML;8;6;24;2,5;3,21;1;0,38;0,54;0,47;48,13;63,13;2;17;176;24/nov/25
15903;DET LIQ GIRANDO SOL MACA 500ML;13;6;24;3,33;3,29;0;0,79;1,13;1,25;18,37;18,37;3,33;17;176;24/nov/25
15903;DET LIQ GIRANDO SOL MACA 500ML;14;6;24;0,83;1,5;1;0,67;0,58;0,59;17,7;29,51;0;17;176;24/nov/25
15904;DET LIQ GIRANDO SOL NATURAL 500ML;2;6;24;5;4,25;1;0,88;0,75;0,88;33,63;41,54;2,67;17;176;24/nov/25
15904;DET LIQ GIRANDO SOL NATURAL 500ML;4;6;24;2;1,58;0;0,75;0,63;0,81;13,73;13,73;0,67;17;176;24/nov/25
15904;DET LIQ GIRANDO SOL NATURAL 500ML;5;6;24;3;2,75;0;0,54;0,42;0,57;33,56;33,56;1,33;17;176;24/nov/25
15904;DET LIQ GIRANDO SOL NATURAL 500ML;8;6;24;3;2,83;0;0,08;0,25;0,26;75,56;75,56;2;17;176;24/nov/25
15904;DET LIQ GIRANDO SOL NATURAL 500ML;11;6;24;3;2,29;2;0,83;2,42;3,09;5,19;9,72;1,33;17;176;24/nov/25
15904;DET LIQ GIRANDO SOL NATURAL 500ML;17;6;24;4;3,42;2;1,04;2,5;2,84;8,42;13,36;2,67;17;176;24/nov/25
9504;DET LIQ GIRANDO SOL NEUTRO 500ML;2;6;24;4;3,63;0;1,29;0,88;1,25;20,23;20,23;2;17;176;24/nov/25
9504;DET LIQ GIRANDO SOL NEUTRO 500ML;6;6;24;2;1,96;0;0,38;0,63;0,42;32,79;32,79;1;17;176;24/nov/25
9504;DET LIQ GIRANDO SOL NEUTRO 500ML;17;6;24;4;3,71;1;3,08;3,5;4,86;5,34;6,78;2;17;176;24/nov/25
9963566;DET LIQ GOTA LIMPA LIMAO 1L;5;6;12;3;2,33;0;0,58;0,92;0,45;36,52;36,52;4,5;17;176;24/nov/25
9963566;DET LIQ GOTA LIMPA LIMAO 1L;7;6;12;3;2,25;2;2;2,83;1,85;8,53;16,11;1,5;17;176;24/nov/25
9963566;DET LIQ GOTA LIMPA LIMAO 1L;8;6;12;3;3,58;2;1,5;2;1,21;20,81;32,42;1,5;17;176;24/nov/25
9963566;DET LIQ GOTA LIMPA LIMAO 1L;11;6;12;4;3;0;0,33;1,67;2,33;9;9;1,5;17;176;24/nov/25
9963566;DET LIQ GOTA LIMPA LIMAO 1L;12;6;12;4;3,33;0;0,67;1,25;1,81;12,9;12,9;1,5;17;176;24/nov/25
9963566;DET LIQ GOTA LIMPA LIMAO 1L;13;6;12;4;1,83;3;2,92;0;2,55;5,04;13,28;2,5;17;176;24/nov/25
9963566;DET LIQ GOTA LIMPA LIMAO 1L;14;6;12;0,83;1,08;2;1,17;0,92;1,67;4,53;12,91;0;17;176;24/nov/25
9963566;DET LIQ GOTA LIMPA LIMAO 1L;17;6;12;3;2;3;3;0;0,7;20;50;0;17;176;24/nov/25
9963566;DET LIQ GOTA LIMPA LIMAO 1L;18;6;12;5;3;3;1,25;2,83;1,65;12,71;25,41;3,5;17;176;24/nov/25
9963511;DET LIQ GOTA LIMPA LIMAO 500ML;2;6;24;6;4,5;2;2,63;0,63;1,07;29,45;42,55;3,33;17;176;24/nov/25
9963511;DET LIQ GOTA LIMPA LIMAO 500ML;3;6;24;6;6,79;6;6,5;2,46;4,06;11,7;22,03;3,33;17;176;24/nov/25
9963511;DET LIQ GOTA LIMPA LIMAO 500ML;4;6;24;2,5;0,17;3;3,21;2;1,7;0,69;13,03;0,67;17;176;24/nov/25
9963511;DET LIQ GOTA LIMPA LIMAO 500ML;6;6;24;5;2,29;4;3,33;1,33;2,09;7,67;21,07;3,33;17;176;24/nov/25
9963511;DET LIQ GOTA LIMPA LIMAO 500ML;7;6;24;5;3,71;2;2,46;3,21;2,75;9,43;14,52;3,33;17;176;24/nov/25
9963511;DET LIQ GOTA LIMPA LIMAO 500ML;8;6;24;5;5,83;2;1,83;1,58;1,3;31,34;42,09;3,33;17;176;24/nov/25
9963511;DET LIQ GOTA LIMPA LIMAO 500ML;11;6;24;3;-0,13;4;4,21;2,25;2,21;-0,4;12,29;0,67;17;176;24/nov/25
9963511;DET LIQ GOTA LIMPA LIMAO 500ML;12;6;24;4,17;1,88;3;2,79;2,79;1,73;7,58;19,72;1,67;17;176;24/nov/25
9963511;DET LIQ GOTA LIMPA LIMAO 500ML;13;6;24;6;0,92;6;5,13;1;2,37;2,7;20,41;3,33;17;176;24/nov/25
9963511;DET LIQ GOTA LIMPA LIMAO 500ML;18;6;24;6;2,79;4;3,17;2,33;1,62;12,04;29,28;3,33;17;176;24/nov/25
9963573;DET LIQ GOTA LIMPA MACA 1L;1;6;12;3;5,33;0;1,67;3,83;2,35;15,87;15,87;0;17;176;24/nov/25
9963573;DET LIQ GOTA LIMPA MACA 1L;2;6;12;3;2;2;2;0;0,49;28,8;57,6;3;17;176;24/nov/25
9963573;DET LIQ GOTA LIMPA MACA 1L;5;6;12;2,5;2,33;1;0,58;1;0,49;33,6;48;0;17;176;24/nov/25
9963573;DET LIQ GOTA LIMPA MACA 1L;11;6;12;3;2,25;2;1,58;1;1,77;8,9;16,81;3;17;176;24/nov/25
9963573;DET LIQ GOTA LIMPA MACA 1L;17;6;12;4;3,08;2;1;1;2,76;7,82;12,89;3;17;176;24/nov/25
9963573;DET LIQ GOTA LIMPA MACA 1L;18;6;12;4;2,92;2;1,25;1,83;1,77;11,54;19,45;3,5;17;176;24/nov/25
9963528;DET LIQ GOTA LIMPA MACA 500ML;2;6;24;5;4,67;1;1,67;1,21;1,15;28,47;34,58;2,67;17;176;24/nov/25
9963528;DET LIQ GOTA LIMPA MACA 500ML;3;6;24;5;6,25;6;5,21;5,17;3,8;11,51;22,56;2,67;17;176;24/nov/25
9963528;DET LIQ GOTA LIMPA MACA 500ML;4;6;24;2;0,79;2;2;0,54;1,45;3,83;13,49;0,67;17;176;24/nov/25
9963528;DET LIQ GOTA LIMPA MACA 500ML;5;6;24;3;2,13;2;1,83;0,75;1,02;14,57;28,29;1;17;176;24/nov/25
9963528;DET LIQ GOTA LIMPA MACA 500ML;6;6;24;5;4,96;0;3,58;3,04;2,89;12,02;12,02;2,67;17;176;24/nov/25
9963528;DET LIQ GOTA LIMPA MACA 500ML;7;6;24;3;2,17;2;1,88;1,71;1,17;13;25;2,67;17;176;24/nov/25
9963528;DET LIQ GOTA LIMPA MACA 500ML;8;6;24;5;6,29;3;2,54;1,04;1,51;29,23;43,16;2,67;17;176;24/nov/25
9963528;DET LIQ GOTA LIMPA MACA 500ML;12;6;24;4;1,92;3;3,33;3,38;2,83;4,74;12,16;1,33;17;176;24/nov/25
9963528;DET LIQ GOTA LIMPA MACA 500ML;17;6;24;5;2,04;5;4,67;6,79;4,14;3,45;11,9;2,67;17;176;24/nov/25
9963528;DET LIQ GOTA LIMPA MACA 500ML;18;6;24;5;2,96;3;3,5;2;2;10,34;20,83;2,67;17;176;24/nov/25
59008;DET LIQ GOTA LIMPA MARINE 500ML;2;6;24;5;3,58;2;2,08;1,17;1,17;21,5;33,5;2,67;17;176;24/nov/25
59008;DET LIQ GOTA LIMPA MARINE 500ML;3;6;24;5;5,58;2;2,29;1,79;1,49;26,27;35,69;2,67;17;176;24/nov/25
59008;DET LIQ GOTA LIMPA MARINE 500ML;4;6;24;1,5;0,92;2;1,38;0,38;0,63;10,15;32,31;0,67;17;176;24/nov/25
59008;DET LIQ GOTA LIMPA MARINE 500ML;5;6;24;2,5;1,46;2;1,63;1,38;1;10,19;24,17;1;17;176;24/nov/25
59008;DET LIQ GOTA LIMPA MARINE 500ML;7;6;24;4;3,71;0;1,42;1,75;1,49;17,45;17,45;2,67;17;176;24/nov/25
59008;DET LIQ GOTA LIMPA MARINE 500ML;11;6;24;4;0,88;4;3,54;2,21;2,11;2,9;16,18;0,67;17;176;24/nov/25
59008;DET LIQ GOTA LIMPA MARINE 500ML;13;6;24;3,75;1,63;3;2,83;2;2,01;5,65;16,09;2,67;17;176;24/nov/25
59008;DET LIQ GOTA LIMPA MARINE 500ML;17;6;24;4;1,75;3;2,21;1,63;1,71;7,16;19,43;2,67;17;176;24/nov/25
59008;DET LIQ GOTA LIMPA MARINE 500ML;18;6;24;5;3,63;2;2,33;1,25;1,41;18;27,93;2,67;17;176;24/nov/25
9963542;DET LIQ GOTA LIMPA NATURAL 1L;3;6;12;4;4,83;3;3,08;1,92;1,17;29;47;1;17;176;24/nov/25
9963542;DET LIQ GOTA LIMPA NATURAL 1L;4;6;12;1,67;1,58;1;0,5;0,58;0,7;15,83;25,83;2;17;176;24/nov/25
9963542;DET LIQ GOTA LIMPA NATURAL 1L;7;6;12;2,5;1,5;2;1,17;1,17;1,05;10;23,33;1;17;176;24/nov/25
9963542;DET LIQ GOTA LIMPA NATURAL 1L;8;6;12;2,5;3,42;2;1,17;0,83;0,91;26,17;41,49;1;17;176;24/nov/25
9963542;DET LIQ GOTA LIMPA NATURAL 1L;11;6;12;3;2,5;0;0,75;0,5;0,66;26,47;26,47;1;17;176;24/nov/25
9963498;DET LIQ GOTA LIMPA NATURAL 500ML;1;6;24;1;0,17;2;1;0,13;0,43;2,73;35,45;0;17;176;24/nov/25
9963498;DET LIQ GOTA LIMPA NATURAL 500ML;2;6;24;5;3,88;4;2;1,96;1,42;19,11;38,84;2,67;17;176;24/nov/25
9963498;DET LIQ GOTA LIMPA NATURAL 500ML;3;6;24;5;2,71;3;3,46;2,96;3,07;6,17;13,01;2,67;17;176;24/nov/25
9963498;DET LIQ GOTA LIMPA NATURAL 500ML;4;6;24;1,75;1,63;0;1,38;1;1,18;9,67;9,67;0,67;17;176;24/nov/25
9963498;DET LIQ GOTA LIMPA NATURAL 500ML;5;6;24;3;1,88;2;1,42;0,92;1,05;12,5;25,83;1;17;176;24/nov/25
9963498;DET LIQ GOTA LIMPA NATURAL 500ML;7;6;24;4;2,5;2;2,08;1,92;1,57;11,18;20,12;2,67;17;176;24/nov/25
9963498;DET LIQ GOTA LIMPA NATURAL 500ML;11;6;24;5;3,75;0;2,67;1,79;2,17;12,11;12,11;0,67;17;176;24/nov/25
9963498;DET LIQ GOTA LIMPA NATURAL 500ML;12;6;24;3;0,88;3;2,04;0,08;1,18;5,21;23,06;1,33;17;176;24/nov/25
9963498;DET LIQ GOTA LIMPA NATURAL 500ML;13;6;24;5;3;3;2,54;2,21;2,65;7,91;15,82;2,67;17;176;24/nov/25
9963498;DET LIQ GOTA LIMPA NATURAL 500ML;18;6;24;5;3,79;2;2,54;1,79;1,82;14,6;22,3;2,67;17;176;24/nov/25
9963559;DET LIQ GOTA LIMPA NEUTRO 1L;3;6;12;4;5,33;4;3;1;1,98;18,82;32,94;2,5;17;176;24/nov/25
9963559;DET LIQ GOTA LIMPA NEUTRO 1L;5;6;12;3;2,33;2;1,17;1;1,5;10,91;20,26;3,5;17;176;24/nov/25
9963559;DET LIQ GOTA LIMPA NEUTRO 1L;6;6;12;4;1,83;3;2,75;3,25;1,75;7,33;19,33;2,5;17;176;24/nov/25
9963559;DET LIQ GOTA LIMPA NEUTRO 1L;7;6;12;3;2,33;3;2,17;2,08;1,73;9,44;21,57;2,5;17;176;24/nov/25
9963559;DET LIQ GOTA LIMPA NEUTRO 1L;11;6;12;3;2,33;0;0,5;1,17;0,51;32,31;32,31;2,5;17;176;24/nov/25
9963559;DET LIQ GOTA LIMPA NEUTRO 1L;18;6;12;5;3,75;2;2,08;2,17;2,26;11,64;17,84;2;17;176;24/nov/25
9963504;DET LIQ GOTA LIMPA NEUTRO 500ML;2;6;24;6;5,25;4;1,71;2,71;2,17;16,95;29,87;3,33;17;176;24/nov/25
9963504;DET LIQ GOTA LIMPA NEUTRO 500ML;3;6;24;8;4,33;5;4,63;3,83;3,62;8,39;18,06;3,33;17;176;24/nov/25
9963504;DET LIQ GOTA LIMPA NEUTRO 500ML;4;6;24;2;0;3;2,92;0,88;1,79;0;11,74;0,67;17;176;24/nov/25
9963504;DET LIQ GOTA LIMPA NEUTRO 500ML;5;6;24;4;2,46;3;1,67;0,67;0,92;18,63;41,37;1;17;176;24/nov/25
9963504;DET LIQ GOTA LIMPA NEUTRO 500ML;7;6;24;4;1,63;3;3,58;2,83;2,19;5,2;14,8;3,33;17;176;24/nov/25
9963504;DET LIQ GOTA LIMPA NEUTRO 500ML;8;6;24;4;3,29;2;1,04;0,75;0,78;29,63;47,63;3,33;17;176;24/nov/25
9963504;DET LIQ GOTA LIMPA NEUTRO 500ML;12;6;24;4;3,17;0;2,25;1;1,93;11,52;11,52;1,67;17;176;24/nov/25
9963504;DET LIQ GOTA LIMPA NEUTRO 500ML;14;6;24;2,5;1,29;2;1,92;0,58;0,86;10,57;26,93;0;17;176;24/nov/25
9963504;DET LIQ GOTA LIMPA NEUTRO 500ML;18;6;24;6;3,33;4;3,96;1,67;2,57;9,09;20;3,33;17;176;24/nov/25
64323;DET LIQ GOTA LIMPA NEUTRO 5L;2;6;4;5;3,5;1;1,5;1;0,82;30;38,57;3;17;176;24/nov/25
64323;DET LIQ GOTA LIMPA NEUTRO 5L;5;6;4;3;2,5;0;0,5;0,25;0,53;33,33;33,33;1,5;17;176;24/nov/25
64323;DET LIQ GOTA LIMPA NEUTRO 5L;6;6;4;6;5,5;0;0,75;0,75;0,88;44;44;1,5;17;176;24/nov/25
64323;DET LIQ GOTA LIMPA NEUTRO 5L;8;6;4;2;2,75;1;1,5;1,5;1,46;13,2;18;2,25;17;176;24/nov/25
64323;DET LIQ GOTA LIMPA NEUTRO 5L;12;6;4;3;2,75;0;0,25;0,75;0,47;41,25;41,25;1,5;17;176;24/nov/25
64323;DET LIQ GOTA LIMPA NEUTRO 5L;18;6;4;6;4,5;1;1,75;1,5;2,1;15;18,33;3;17;176;24/nov/25
1701874;DET LIQ YPE CAPIM LIMAO 500ML;2;6;24;5;4,21;2;2,08;2,54;2,03;14,5;21,39;4;17;176;24/nov/25
1701874;DET LIQ YPE CAPIM LIMAO 500ML;3;6;24;8;9,04;4;3,71;2,88;3,43;18,44;26,6;3;17;176;24/nov/25
1701874;DET LIQ YPE CAPIM LIMAO 500ML;5;6;24;4;3,83;0;1,08;1;0,98;27,33;27,33;2;17;176;24/nov/25
1701874;DET LIQ YPE CAPIM LIMAO 500ML;11;6;24;4;3,67;0;1,58;1,63;1,17;22;22;1;17;176;24/nov/25
1701874;DET LIQ YPE CAPIM LIMAO 500ML;17;6;24;5;3,25;3;2,46;0;2;11,36;21,84;4;17;176;24/nov/25
98670;DET LIQ YPE CLEAR 500ML;2;6;24;5;4,46;1;1,29;0,17;1,68;18,55;22,72;4;17;176;24/nov/25
98670;DET LIQ YPE CLEAR 500ML;3;6;24;6;5,33;1;5,79;6,71;5,94;6,28;7,46;3;17;176;24/nov/25
98670;DET LIQ YPE CLEAR 500ML;17;6;24;5;4,46;2;2,04;3,04;2,99;10,42;15,1;4;17;176;24/nov/25
9985407;DET LIQ YPE CLEAR 5L;3;6;4;5;5,5;1;0,75;1;1,05;36,67;43,33;2;17;176;24/nov/25
9985407;DET LIQ YPE CLEAR 5L;6;6;4;3;2,75;0;0;0,25;0,18;110;110;2;17;176;24/nov/25
9985407;DET LIQ YPE CLEAR 5L;11;6;4;3;2,25;0;0,75;2,25;0,82;19,29;19,29;3;17;176;24/nov/25
98655;DET LIQ YPE LIMAO 500ML;6;6;24;5;4,96;1;3,5;2,88;3,39;10,23;12,29;4;17;176;24/nov/25
98655;DET LIQ YPE LIMAO 500ML;14;6;24;3;2,79;1;1,67;1,38;2,02;9,66;13,13;0;17;176;24/nov/25
98655;DET LIQ YPE LIMAO 500ML;17;6;24;5,83;5,08;4;3,17;1;3,54;10,05;17,97;4;17;176;24/nov/25
98655;DET LIQ YPE LIMAO 500ML;18;6;24;6,25;5,92;1;1,46;3,75;4,56;9,08;10,62;6,67;17;176;24/nov/25
98674;DET LIQ YPE MACA 500ML;2;6;24;8,33;6,71;2;2,21;3,79;3,95;11,9;15,44;4;17;176;24/nov/25
98674;DET LIQ YPE MACA 500ML;6;6;24;5;4,42;1;3,5;3;2,84;10,89;13,36;4;17;176;24/nov/25
98675;DET LIQ YPE NEUTRO 500ML;2;6;24;10;8,96;2;2,25;2,46;4,43;14,14;17,3;5,33;17;176;24/nov/25
98675;DET LIQ YPE NEUTRO 500ML;3;6;24;10;9,92;3;2,88;4,79;7,04;9,86;12,85;3;17;176;24/nov/25
98675;DET LIQ YPE NEUTRO 500ML;8;6;24;6,25;6,08;0;1,04;0,46;1,04;40,93;40,93;4;17;176;24/nov/25
98675;DET LIQ YPE NEUTRO 500ML;17;6;24;8,33;6,04;3;2,46;3,29;3,51;12,05;18,03;5,33;17;176;24/nov/25
9985391;DET LIQ YPE NEUTRO 5L;3;6;4;3;3,25;1;0,5;0,5;0,88;26;34;2;17;176;24/nov/25
9985391;DET LIQ YPE NEUTRO 5L;11;6;4;3;2,5;0;1;0,75;1,52;11,54;11,54;3;17;176;24/nov/25
9985391;DET LIQ YPE NEUTRO 5L;13;6;4;3;2,75;0;1,25;1,5;0,99;19,41;19,41;2;17;176;24/nov/25
9985391;DET LIQ YPE NEUTRO 5L;14;6;4;1;1,5;1;0,25;0;0,29;36;60;0;17;176;24/nov/25
1004364;SAPONACEO GIRANDO SOL ORIGINAL 300G;8;6;12;0,67;0,25;1;1,25;0,5;0,49;3,6;18;2,67;17;176;24/nov/25
1004364;SAPONACEO GIRANDO SOL ORIGINAL 300G;12;6;12;1;0,83;0;0,83;0,25;0,54;10,71;10,71;2,67;17;176;24/nov/25
1701660;ALVEJANTE AQUAFAST S/CLORO 2L;2;6;6;2;1;2;1;1;0,66;10,59;31,76;0,83;17;177;24/nov/25
1701660;ALVEJANTE AQUAFAST S/CLORO 2L;3;6;6;4;4,83;2;1,17;1;0,51;66,92;94,62;2,5;17;177;24/nov/25
1701660;ALVEJANTE AQUAFAST S/CLORO 2L;6;6;6;1,33;1;1;0,5;1;0,51;13,85;27,69;0,83;17;177;24/nov/25
1701660;ALVEJANTE AQUAFAST S/CLORO 2L;11;6;6;2;1,83;1;1,67;0,67;1,36;9,43;14,57;1,67;17;177;24/nov/25
1701660;ALVEJANTE AQUAFAST S/CLORO 2L;13;6;6;2,33;1,83;2;1,33;1,67;1,91;6,73;14,08;3,33;17;177;24/nov/25
9983755;ALVEJANTE C/DET Q BOA PLUS 1L;6;6;12;0,67;0,5;1;0,33;0,08;0,21;16,36;49,09;1;17;177;24/nov/25
9983755;ALVEJANTE C/DET Q BOA PLUS 1L;11;6;12;0,83;0,33;1;0,5;0,75;0,66;3,53;14,12;2;17;177;24/nov/25
1005385;ALVEJANTE CLORO GEL QBOA LAVANDA 1L;2;6;12;1;1,33;0;0,67;0,25;0,35;26,67;26,67;0;17;177;24/nov/25
1702646;ALVEJANTE CLORO GEL QBOA ORIG 1L;14;6;12;0,5;1,25;1;0,58;0,08;0,23;37,5;67,5;1;17;177;24/nov/25
51192;ALVEJANTE GIRANDO SOL LAVANDA 1L;17;6;12;1;0,67;1;0,58;1,67;0,78;6;15;1,17;17;177;24/nov/25
1701050;ALVEJANTE GIRANDO SOL S/CLORO  2L;11;6;6;4;3;3;2,33;2,83;2,76;7,61;15,21;2,5;17;177;24/nov/25
1701050;ALVEJANTE GIRANDO SOL S/CLORO  2L;12;6;6;2;2,83;0;0,83;2,5;1,4;14,17;14,17;0,83;17;177;24/nov/25
1702551;ALVEJANTE S/CLORO AQUAFAST 5L;13;6;4;3;1,5;2;1;1,5;0,58;18;42;2;17;177;24/nov/25
1702551;ALVEJANTE S/CLORO AQUAFAST 5L;17;6;4;3;2,75;0;0,25;1,25;0,53;36,67;36,67;1;17;177;24/nov/25
1700839;ALVEJANTE S/CLORO GOTA LIMPA MULT 2L;6;6;6;3;1,83;0;0,33;0,5;0,43;30;30;0,83;17;177;24/nov/25
1700839;ALVEJANTE S/CLORO GOTA LIMPA MULT 2L;7;6;6;2;1,17;1;1,17;1;0,93;8,75;16,25;3,33;17;177;24/nov/25
1700839;ALVEJANTE S/CLORO GOTA LIMPA MULT 2L;8;6;6;2;1,17;1;0,33;0,33;0,35;23,33;43,33;1,67;17;177;24/nov/25
1700839;ALVEJANTE S/CLORO GOTA LIMPA MULT 2L;11;6;6;2,33;1,83;0;0,83;1;1,17;11;11;1,67;17;177;24/nov/25
1700839;ALVEJANTE S/CLORO GOTA LIMPA MULT 2L;13;6;6;2,33;2;0;1,33;1,67;1,75;8;8;5;17;177;24/nov/25
1700839;ALVEJANTE S/CLORO GOTA LIMPA MULT 2L;17;6;6;4;2;3;3,5;1,67;2,45;5,71;14,29;1,67;17;177;24/nov/25
51358;ALVEJANTE S/CLORO VANISH RF 500ML;5;6;12;0,5;0,42;0;0,33;0,08;0,14;21,43;21,43;2,67;17;177;24/nov/25
1023210;AMACIANTE APYCE JASMIM ROSA 2L;2;6;6;8;6,5;0;2;3,17;2,22;20,53;20,53;1;17;177;24/nov/25
1023210;AMACIANTE APYCE JASMIM ROSA 2L;3;6;6;10;10,5;4;4,67;3,17;3,5;21;29;1;17;177;24/nov/25
1023210;AMACIANTE APYCE JASMIM ROSA 2L;5;6;6;5;3,83;0;1,33;1,83;1,63;16,43;16,43;1;17;177;24/nov/25
1023210;AMACIANTE APYCE JASMIM ROSA 2L;8;6;6;6;5,33;0;1,17;2,33;1,36;27,43;27,43;1;17;177;24/nov/25
1023210;AMACIANTE APYCE JASMIM ROSA 2L;11;6;6;5;3;3;2,67;2,5;2,14;9,82;19,64;2;17;177;24/nov/25
1023210;AMACIANTE APYCE JASMIM ROSA 2L;12;6;6;5;4,33;0;1,83;3,33;1,79;16,96;16,96;2;17;177;24/nov/25
1023210;AMACIANTE APYCE JASMIM ROSA 2L;13;6;6;6;5;0;1,17;2,5;2,53;13,85;13,85;2;17;177;24/nov/25
1023210;AMACIANTE APYCE JASMIM ROSA 2L;14;6;6;1,67;2,17;1;1,67;1,5;1,67;9,07;13,26;2;17;177;24/nov/25
1023210;AMACIANTE APYCE JASMIM ROSA 2L;17;6;6;10;8,5;0;2,33;4,83;2,61;22,84;22,84;2;17;177;24/nov/25
1023210;AMACIANTE APYCE JASMIM ROSA 2L;18;6;6;8;7;2;1,67;4,67;3,97;12,35;15,88;4;17;177;24/nov/25
1023212;AMACIANTE APYCE JASMIN ROSA 5L;1;6;2;30;18;6;13;12,5;9,68;13,01;17,35;0;17;177;24/nov/25
1023212;AMACIANTE APYCE JASMIN ROSA 5L;2;6;2;24;23;0;4;3,5;3,73;43,13;43,13;1,5;17;177;24/nov/25
1023212;AMACIANTE APYCE JASMIN ROSA 5L;3;6;2;24;21,5;3;3;3;5,13;29,32;33,41;1,5;17;177;24/nov/25
1023212;AMACIANTE APYCE JASMIN ROSA 5L;6;6;2;12;11,5;0;1,5;2,5;3,62;22,26;22,26;1,5;17;177;24/nov/25
1023212;AMACIANTE APYCE JASMIN ROSA 5L;8;6;2;30;17,5;0;9;5;5,37;22,83;22,83;1,5;17;177;24/nov/25
1023212;AMACIANTE APYCE JASMIN ROSA 5L;12;6;2;12;10;0;7;9;8,28;8,45;8,45;1,5;17;177;24/nov/25
1023212;AMACIANTE APYCE JASMIN ROSA 5L;17;6;2;48;57;0;12,5;23;10,97;36,38;36,38;1,5;17;177;24/nov/25
1023212;AMACIANTE APYCE JASMIN ROSA 5L;18;6;2;48;41,5;0;8,5;10;7,23;40,16;40,16;10,5;17;177;24/nov/25
1023440;AMACIANTE APYCE TRAD AZ 2L;1;6;6;8;7,67;0;0,83;1,33;1,63;32,86;32,86;0;17;177;24/nov/25
1023440;AMACIANTE APYCE TRAD AZ 2L;3;6;6;8;8,83;3;2,83;3,5;2,76;22,39;30;1;17;177;24/nov/25
1023440;AMACIANTE APYCE TRAD AZ 2L;6;6;6;4;3,5;0;1;1,33;0,89;27,39;27,39;1;17;177;24/nov/25
1023440;AMACIANTE APYCE TRAD AZ 2L;11;6;6;6;4,17;0;2,17;4,5;1,56;18,75;18,75;2;17;177;24/nov/25
1023440;AMACIANTE APYCE TRAD AZ 2L;12;6;6;6;4,67;0;1,83;3;2,22;14,74;14,74;2;17;177;24/nov/25
1023440;AMACIANTE APYCE TRAD AZ 2L;13;6;6;6;5,17;0;2;2,17;2,02;17,88;17,88;1;17;177;24/nov/25
1023440;AMACIANTE APYCE TRAD AZ 2L;17;6;6;10;12,67;0;3,83;3;2,68;33,04;33,04;2;17;177;24/nov/25
1023440;AMACIANTE APYCE TRAD AZ 2L;18;6;6;8;7,67;0;0,83;1,17;2,8;19,17;19,17;4;17;177;24/nov/25
1023211;AMACIANTE APYCE TRAD AZUL 5L;1;6;2;30;23;5,5;10;13;10,73;15;18,59;0;17;177;24/nov/25
1023211;AMACIANTE APYCE TRAD AZUL 5L;2;6;2;18;13,5;5;3;3,5;3,62;26,13;35,81;1,5;17;177;24/nov/25
1023211;AMACIANTE APYCE TRAD AZUL 5L;5;1;2;9;8,5;0;1;3,5;2,57;23,18;23,18;1,5;17;177;24/nov/25
1023211;AMACIANTE APYCE TRAD AZUL 5L;6;1;2;12;10,5;0;4;5;4,32;17,03;17,03;1,5;17;177;24/nov/25
1023211;AMACIANTE APYCE TRAD AZUL 5L;12;1;2;12;6,5;1;6;10;9,1;5;5,77;3;17;177;24/nov/25
1023211;AMACIANTE APYCE TRAD AZUL 5L;13;1;2;12;10;0;6,5;5;6,42;10,91;10,91;1,5;17;177;24/nov/25
1023211;AMACIANTE APYCE TRAD AZUL 5L;17;1;2;30;19;12;14;39,5;25,08;5,3;8,65;1,5;17;177;24/nov/25
1023211;AMACIANTE APYCE TRAD AZUL 5L;18;1;2;30;16;15;11;4;6,77;16,55;32,07;10,5;17;177;24/nov/25
1702284;AMACIANTE AQUAFAST ENER L5PG4L 5L;6;6;4;1,5;1;1;0,5;0,25;0,29;24;48;0,75;17;177;24/nov/25
1702284;AMACIANTE AQUAFAST ENER L5PG4L 5L;14;6;4;1;1,75;2;0;1;0,29;42;90;0,75;17;177;24/nov/25
1702284;AMACIANTE AQUAFAST ENER L5PG4L 5L;17;6;4;5;3,75;2;1,25;0,75;2,04;12,86;19,71;0,75;17;177;24/nov/25
1701661;AMACIANTE AQUAFAST ENERGIA 2L;2;6;6;2;1,5;0;0,67;0,33;0,43;24,55;24,55;1;17;177;24/nov/25
1701661;AMACIANTE AQUAFAST ENERGIA 2L;13;6;6;3;2,33;0;1,17;0,5;0,66;24,71;24,71;1;17;177;24/nov/25
1701661;AMACIANTE AQUAFAST ENERGIA 2L;17;6;6;3;2,67;0;0,83;1,33;0,51;36,92;36,92;4;17;177;24/nov/25
1701688;AMACIANTE AQUAFAST F.MAN L5P4L;2;6;4;3;2,75;0;0;0;0,06;330;330;0,75;17;177;24/nov/25
1701688;AMACIANTE AQUAFAST F.MAN L5P4L;3;6;4;4,5;5,25;1;0,5;1,25;0,76;48,46;57,69;0,75;17;177;24/nov/25
1701688;AMACIANTE AQUAFAST F.MAN L5P4L;4;6;4;2;1,5;0;0,75;0;0,47;22,5;22,5;0,75;17;177;24/nov/25
1701688;AMACIANTE AQUAFAST F.MAN L5P4L;12;6;4;2,5;2;0;0,75;0,25;0,82;17,14;17,14;0,75;17;177;24/nov/25
1701688;AMACIANTE AQUAFAST F.MAN L5P4L;14;6;4;1;1,75;1;0,5;0,5;0,58;21;33;0,75;17;177;24/nov/25
1701663;AMACIANTE AQUAFAST JARD FLOR 2L;2;6;6;3;2,83;0;0,67;0,17;0,27;72,86;72,86;1;17;177;24/nov/25
1701663;AMACIANTE AQUAFAST JARD FLOR 2L;7;6;6;2;1,67;1;1;0,5;1,01;11,54;18,46;1;17;177;24/nov/25
1701687;AMACIANTE AQUAFAST JARD FLOR 5L;7;6;4;1,5;1,25;1;0,25;0;0,18;50;90;0,75;17;177;24/nov/25
1701687;AMACIANTE AQUAFAST JARD FLOR 5L;12;6;4;2,5;2,25;0;0,5;0,25;0,35;45;45;0,75;17;177;24/nov/25
1701687;AMACIANTE AQUAFAST JARD FLOR 5L;17;6;4;3,5;2,25;2;1;0,5;1,05;15;28,33;0,75;17;177;24/nov/25
1701662;AMACIANTE AQUAFAST MANHA AZ 2L;2;6;6;3,33;1,17;3;2,33;1,5;1,59;5,12;18,29;2;17;177;24/nov/25
1701662;AMACIANTE AQUAFAST MANHA AZ 2L;12;6;6;3;1,67;2;2,33;1,17;1,05;11,11;24,44;2;17;177;24/nov/25
1701662;AMACIANTE AQUAFAST MANHA AZ 2L;13;6;6;3;1,33;3;1;1,83;1,67;5,58;18,14;2;17;177;24/nov/25
1701662;AMACIANTE AQUAFAST MANHA AZ 2L;17;6;6;4;3,83;0;1,17;0,83;0,89;30;30;8;17;177;24/nov/25
1702073;AMACIANTE AQUAFAST ROXO L5P4L;6;6;4;2;1;0;0,25;0,25;0,29;24;24;0,75;17;177;24/nov/25
1702073;AMACIANTE AQUAFAST ROXO L5P4L;7;6;4;1,5;2;0;0,25;0,25;0,23;60;60;0,75;17;177;24/nov/25
1702073;AMACIANTE AQUAFAST ROXO L5P4L;8;6;4;3;2,5;0;0,25;0;0,35;50;50;0,75;17;177;24/nov/25
1702073;AMACIANTE AQUAFAST ROXO L5P4L;11;6;4;3,5;3,25;0;0;0,5;0,53;43,33;43,33;0,75;17;177;24/nov/25
1702073;AMACIANTE AQUAFAST ROXO L5P4L;13;6;4;3;1,25;3;1;1;1,17;7,5;25,5;0,75;17;177;24/nov/25
1702073;AMACIANTE AQUAFAST ROXO L5P4L;14;6;4;1;1,5;2;0;0,5;0,29;36;84;0,75;17;177;24/nov/25
1702073;AMACIANTE AQUAFAST ROXO L5P4L;17;6;4;5;1,75;4;0,75;4,5;2,28;5,38;17,69;0,75;17;177;24/nov/25
1702074;AMACIANTE AQUAFAST ROXO MAGIA 2L;3;6;6;4;3,33;2;1,17;0,67;0,82;28,57;45,71;1;17;177;24/nov/25
1701994;AMACIANTE AQUAFAST VERM SED L5P4L;11;6;4;2,5;2,25;0;1,25;0,25;0,58;27;27;0,75;17;177;24/nov/25
1701994;AMACIANTE AQUAFAST VERM SED L5P4L;14;6;4;1;1,5;1;0,75;0,5;0,35;30;50;0,75;17;177;24/nov/25
1701994;AMACIANTE AQUAFAST VERM SED L5P4L;14;6;4;1;1,5;1;0,75;0,5;0,35;30;50;0,75;17;177;24/nov/25
1701994;AMACIANTE AQUAFAST VERM SED L5P4L;18;6;4;3;2,25;0;0,5;0;0,18;90;90;0,75;17;177;24/nov/25
1701968;AMACIANTE AQUAFAST VERMELHO SED 2L;7;6;6;1,33;1,17;0;0,17;0,83;0,31;26,25;26,25;1;17;177;24/nov/25
1701968;AMACIANTE AQUAFAST VERMELHO SED 2L;17;6;6;4;2,17;3;1,83;1,17;1,67;9,07;21,63;3;17;177;24/nov/25
1701968;AMACIANTE AQUAFAST VERMELHO SED 2L;18;6;6;3;2,33;0;0,83;1;0,86;19,09;19,09;3;17;177;24/nov/25
1023920;AMACIANTE CONC AQUAFAST AZ HARMONIA 1,5L;17;6;9;1,11;1,67;0;0,44;0,22;0,52;22,5;22,5;0,67;17;177;24/nov/25
1023919;AMACIANTE CONC AQUAFAST BR TERNURA 1,5L;17;6;9;1,11;1,33;0;0,67;0,56;0,6;15,65;15,65;0,67;17;177;24/nov/25
1015041;AMACIANTE CONC CONFORT FRESCOR RF 400ML;4;6;12;0,67;0,25;1;1;0,75;0,41;4,29;21,43;0;17;177;24/nov/25
8099964;AMACIANTE CONC CONFORT PG400L500ML;2;6;12;1;0,08;1;0;0;0;;;0;17;177;24/nov/25
8099964;AMACIANTE CONC CONFORT PG400L500ML;3;6;12;2;0;1;0;0;0;;;0,67;17;177;24/nov/25
8099964;AMACIANTE CONC CONFORT PG400L500ML;4;6;12;1;0;1;0;0;0;;;0;17;177;24/nov/25
8099964;AMACIANTE CONC CONFORT PG400L500ML;5;6;12;1;0;1;0;0;0;;;0;17;177;24/nov/25
8099964;AMACIANTE CONC CONFORT PG400L500ML;6;6;12;1;0;1;0;0;0;;;0;17;177;24/nov/25
8099964;AMACIANTE CONC CONFORT PG400L500ML;7;6;12;1;0,33;1;0;0;0;;;0;17;177;24/nov/25
8099964;AMACIANTE CONC CONFORT PG400L500ML;8;6;12;0,5;0,17;1;0;0;0;;;0;17;177;24/nov/25
8099964;AMACIANTE CONC CONFORT PG400L500ML;11;6;12;1;0,08;1;0;0;0,02;30;390;0;17;177;24/nov/25
8099964;AMACIANTE CONC CONFORT PG400L500ML;12;6;12;0,33;0,08;1;0;0;0;;;0;17;177;24/nov/25
8099964;AMACIANTE CONC CONFORT PG400L500ML;13;6;12;1,5;0;1;0;0;0;;;0;17;177;24/nov/25
8099964;AMACIANTE CONC CONFORT PG400L500ML;14;6;12;1;0;1;0;0;0;;;0;17;177;24/nov/25
8099964;AMACIANTE CONC CONFORT PG400L500ML;17;6;12;1,5;0,08;1;0;0;0;;;0;17;177;24/nov/25
8099964;AMACIANTE CONC CONFORT PG400L500ML;18;6;12;1;0,17;1;0;0;0;;;0;17;177;24/nov/25
1702957;AMACIANTE CONC DOWNY B.INT 500ML;2;6;12;5;3,92;1;0,67;0,5;0,33;82,94;104,12;2;17;177;24/nov/25
1702957;AMACIANTE CONC DOWNY B.INT 500ML;7;6;12;2;1,83;0;0,25;0,17;0,27;47,14;47,14;1,33;17;177;24/nov/25
1018324;AMACIANTE CONC DOWNY BRISA SUAVE 1,5L;17;6;9;5,78;4,78;2;2,33;1,11;1,84;18,17;25,77;1,33;17;177;24/nov/25
131544;AMACIANTE CONC DOWNY BRISA VERAO 500ML;3;6;12;4;3,08;2;0,92;0,67;0,53;41,11;67,78;1,33;17;177;24/nov/25
131544;AMACIANTE CONC DOWNY BRISA VERAO 500ML;17;6;12;2;1,92;0;0;0;0,19;69;69;1,33;17;177;24/nov/25
8000269;AMACIANTE CONC FOFO AZUL PROMO 500ML;5;6;12;1;0,75;1;0,25;0,08;0,08;67,5;157,5;0,83;17;177;24/nov/25
1702490;AMACIANTE CONC GIRANDO SOL COCO 500ML;8;6;12;1;0,83;0;0,25;0,08;0,14;42,86;42,86;0,67;17;177;24/nov/25
1702490;AMACIANTE CONC GIRANDO SOL COCO 500ML;13;6;12;1,5;1;0;0,67;0;0,16;45;45;1,33;17;177;24/nov/25
1702491;AMACIANTE CONC GIRANDO SOL HIPOAL 500ML;3;6;12;1,5;0,83;2;0,83;1;0,72;8,11;27,57;0,67;17;177;24/nov/25
1702491;AMACIANTE CONC GIRANDO SOL HIPOAL 500ML;17;6;12;1,5;1,25;0;0,58;0,58;0,41;21,43;21,43;1,33;17;177;24/nov/25
1018819;AMACIANTE CONC YPE BLUE PROMO 1.5L;12;6;9;1,56;1,44;0;0,11;0,11;0,13;78;78;0,78;17;177;24/nov/25
1018819;AMACIANTE CONC YPE BLUE PROMO 1.5L;17;6;9;1,56;0,56;2;1;0,89;0,73;5,36;24,64;1,56;17;177;24/nov/25
1018817;AMACIANTE CONC YPE BLUE RF 900ML;14;6;12;0,5;1,42;1;0,25;0,33;0,25;39,23;66,92;0,42;17;177;24/nov/25
1701222;AMACIANTE DOWNY BRISA SUAVE SH 750ML;8;6;12;1,17;0,5;2;0,83;0,17;0,33;10,59;52,94;1;17;177;24/nov/25
1701222;AMACIANTE DOWNY BRISA SUAVE SH 750ML;17;6;12;2;1,33;0;0,58;1;0,72;12,97;12,97;1;17;177;24/nov/25
4996;AMACIANTE GIRANDO SOL AM SUAVE 2L;3;6;6;3;3,83;1;0,83;0,5;0,62;43,13;54,38;1;17;177;24/nov/25
4996;AMACIANTE GIRANDO SOL AM SUAVE 2L;13;6;6;3;2;0;1,5;1;1,56;9;9;2;17;177;24/nov/25
4995;AMACIANTE GIRANDO SOL AZ FLORAL 2L;2;6;6;3;2,67;0;0,83;0,33;1,01;18,46;18,46;1;17;177;24/nov/25
4995;AMACIANTE GIRANDO SOL AZ FLORAL 2L;4;6;6;2;1,5;1;0,83;0,5;0,86;12,27;20,45;1;17;177;24/nov/25
4995;AMACIANTE GIRANDO SOL AZ FLORAL 2L;5;6;6;1,67;1,5;1;0,5;0,83;0,74;14,21;23,68;2;17;177;24/nov/25
4995;AMACIANTE GIRANDO SOL AZ FLORAL 2L;7;6;6;1,67;1,33;1;0,83;1;1,44;6,49;11,35;2;17;177;24/nov/25
4995;AMACIANTE GIRANDO SOL AZ FLORAL 2L;8;6;6;2;1,83;0;1;0,17;0,27;47,14;47,14;1;17;177;24/nov/25
4995;AMACIANTE GIRANDO SOL AZ FLORAL 2L;12;6;6;3;1,17;3;2,67;1,33;1,36;6;21,43;3;17;177;24/nov/25
4995;AMACIANTE GIRANDO SOL AZ FLORAL 2L;17;6;6;6;3,17;4;3,17;2,5;2,26;9,83;22,24;6;17;177;24/nov/25
105033;AMACIANTE GIRANDO SOL FLORAL 5L;1;6;4;2,5;2;1;0,75;0,75;1,17;12;18;0;17;177;24/nov/25
105033;AMACIANTE GIRANDO SOL FLORAL 5L;11;6;4;2;1,75;1;0,5;0,25;0,64;19,09;30;1;17;177;24/nov/25
105033;AMACIANTE GIRANDO SOL FLORAL 5L;14;6;4;1,5;2;1;1;0,25;0,82;17,14;25,71;1;17;177;24/nov/25
105033;AMACIANTE GIRANDO SOL FLORAL 5L;14;6;4;1,5;2;1;1;0,25;0,82;17,14;25,71;1;17;177;24/nov/25
105033;AMACIANTE GIRANDO SOL FLORAL 5L;18;6;4;4,5;4,25;0;0,75;0,5;0,58;51;51;0;17;177;24/nov/25
105040;AMACIANTE GIRANDO SOL LAVAND 5L;7;6;4;1,5;1,25;1;0;0,25;0,18;50;90;1;17;177;24/nov/25
105040;AMACIANTE GIRANDO SOL LAVAND 5L;12;6;4;3;2,75;0;1;1,75;1,17;16,5;16,5;2;17;177;24/nov/25
105040;AMACIANTE GIRANDO SOL LAVAND 5L;14;6;4;1;1;2;0,75;0,25;0,64;10,91;32,73;0;17;177;24/nov/25
105040;AMACIANTE GIRANDO SOL LAVAND 5L;17;6;4;9;2,75;7;6,25;1;3,44;5,59;19,83;0;17;177;24/nov/25
1702501;AMACIANTE GIRANDO SOL LILAS INT 2L;4;6;6;1,33;1,17;1;0,67;0,33;0,51;16,15;30;0;17;177;24/nov/25
1702501;AMACIANTE GIRANDO SOL LILAS INT 2L;11;6;6;1,67;1,5;0;0,33;0,67;0,58;18;18;2;17;177;24/nov/25
1702501;AMACIANTE GIRANDO SOL LILAS INT 2L;17;6;6;2;1,33;2;1;0,67;1,05;8,89;22,22;4;17;177;24/nov/25
4997;AMACIANTE GIRANDO SOL ROSA 2L;2;6;6;2;1,83;0;0,83;0,33;0,54;23,57;23,57;1;17;177;24/nov/25
4997;AMACIANTE GIRANDO SOL ROSA 2L;5;6;6;2;1;2;1;0,67;0,47;15;45;1;17;177;24/nov/25
4997;AMACIANTE GIRANDO SOL ROSA 2L;7;6;6;2;1,5;1;1,5;0,33;1,24;8,44;14,06;2;17;177;24/nov/25
4997;AMACIANTE GIRANDO SOL ROSA 2L;11;6;6;3;2,33;0;1,33;0,5;1,52;10,77;10,77;2;17;177;24/nov/25
4997;AMACIANTE GIRANDO SOL ROSA 2L;12;6;6;3;1,17;3;2,83;1;1,28;6,36;22,73;2;17;177;24/nov/25
4997;AMACIANTE GIRANDO SOL ROSA 2L;13;6;6;2;1,67;0;0,5;0,5;0,66;17,65;17,65;0;17;177;24/nov/25
4997;AMACIANTE GIRANDO SOL ROSA 2L;17;6;6;6;4,17;3;1,83;5,33;2,88;10,14;17,43;6;17;177;24/nov/25
43357;AMACIANTE GIRANDO SOL TALCO 2L;6;6;6;2;1,83;0;0,33;0,83;0,39;33;33;1;17;177;24/nov/25
1702502;AMACIANTE GIRANDO SOL VERM INT 2L;5;6;6;1,67;1,33;1;0,67;0,33;0,54;17,14;30;1;17;177;24/nov/25
1702502;AMACIANTE GIRANDO SOL VERM INT 2L;6;6;6;2;1,83;0;0,67;1;0,93;13,75;13,75;2;17;177;24/nov/25
1702502;AMACIANTE GIRANDO SOL VERM INT 2L;11;6;6;2;1,83;0;0,67;0,5;0,78;16,5;16,5;2;17;177;24/nov/25
1702502;AMACIANTE GIRANDO SOL VERM INT 2L;17;6;6;3;2,67;1;1,33;2,17;1,83;10,21;14,04;4;17;177;24/nov/25
8000685;AMACIANTE GOTA LIMPA DELICATA 2L;1;6;6;3;2,67;0;1,17;2,33;1,05;17,78;17,78;0;17;177;24/nov/25
8000685;AMACIANTE GOTA LIMPA DELICATA 2L;3;6;6;4;4;1;1,67;1,5;1,67;16,74;20,93;1;17;177;24/nov/25
8000685;AMACIANTE GOTA LIMPA DELICATA 2L;5;6;6;2;1,5;1;0,67;0,67;0,86;12,27;20,45;2;17;177;24/nov/25
8000685;AMACIANTE GOTA LIMPA DELICATA 2L;6;6;6;3;1,83;0;1,17;0;0,51;25,38;25,38;1;17;177;24/nov/25
8000685;AMACIANTE GOTA LIMPA DELICATA 2L;17;6;6;3;2,67;0;1,33;0;0,78;24;24;2;17;177;24/nov/25
1607857;AMACIANTE GOTA LIMPA DELICATA 5L;1;6;4;2;1,75;0;0,75;0,5;0,29;42;42;0;17;177;24/nov/25
1607857;AMACIANTE GOTA LIMPA DELICATA 5L;2;6;4;3;1,25;2;0,75;0,25;0,64;13,64;35,45;1;17;177;24/nov/25
1607857;AMACIANTE GOTA LIMPA DELICATA 5L;3;6;4;3;4,25;2;1;1,5;0,88;34;50;1;17;177;24/nov/25
1607857;AMACIANTE GOTA LIMPA DELICATA 5L;8;6;4;3;3;2;2;0,5;0,7;30;50;1;17;177;24/nov/25
1017446;AMACIANTE GOTA LIMPA ESS FASCINIO 2L;1;6;6;4;3;0;2,33;2,33;1,75;12;12;0;17;177;24/nov/25
1017446;AMACIANTE GOTA LIMPA ESS FASCINIO 2L;4;6;6;2;1,5;1;0,5;0,67;0,82;12,86;21,43;1;17;177;24/nov/25
1017446;AMACIANTE GOTA LIMPA ESS FASCINIO 2L;5;6;6;2;1,83;1;0,67;1,17;0,93;13,75;21,25;2;17;177;24/nov/25
1017446;AMACIANTE GOTA LIMPA ESS FASCINIO 2L;8;6;6;3;2,33;2;1,33;1,17;1,24;13,13;24,38;1;17;177;24/nov/25
1017446;AMACIANTE GOTA LIMPA ESS FASCINIO 2L;11;6;6;4;3,5;0;0,83;1,5;1,63;15;15;2;17;177;24/nov/25
1017446;AMACIANTE GOTA LIMPA ESS FASCINIO 2L;13;6;6;3;2,5;0;0,5;1,17;1,4;12,5;12,5;1;17;177;24/nov/25
1017446;AMACIANTE GOTA LIMPA ESS FASCINIO 2L;17;6;6;3;2,17;0;0,5;1,17;1,05;14,44;14,44;4;17;177;24/nov/25
1017445;AMACIANTE GOTA LIMPA ESS PETALAS 2L;1;6;6;3;1,33;3;2,67;4;1,56;6;19,5;0;17;177;24/nov/25
1017445;AMACIANTE GOTA LIMPA ESS PETALAS 2L;2;6;6;3;2,5;1;1,67;1,5;1,4;12,5;17,5;1;17;177;24/nov/25
1017445;AMACIANTE GOTA LIMPA ESS PETALAS 2L;3;6;6;3;3,5;1;1,5;1,5;1,91;12,86;16,53;2;17;177;24/nov/25
1017445;AMACIANTE GOTA LIMPA ESS PETALAS 2L;5;6;6;2;1,33;2;1,33;1,17;1,24;7,5;18,75;1;17;177;24/nov/25
1017445;AMACIANTE GOTA LIMPA ESS PETALAS 2L;6;6;6;3;2,33;0;1,33;1,33;1,4;11,67;11,67;2;17;177;24/nov/25
1017445;AMACIANTE GOTA LIMPA ESS PETALAS 2L;7;6;6;2;1,33;2;2,67;1,17;1,98;4,71;11,76;3;17;177;24/nov/25
1017445;AMACIANTE GOTA LIMPA ESS PETALAS 2L;8;6;6;3;3,5;2;1,5;1,17;1,09;22,5;35,36;1;17;177;24/nov/25
1017445;AMACIANTE GOTA LIMPA ESS PETALAS 2L;11;6;6;4;2,67;2;2,67;3,67;3,23;5,78;10,12;3;17;177;24/nov/25
1017445;AMACIANTE GOTA LIMPA ESS PETALAS 2L;17;6;6;3;2,17;2;0,83;3;2,29;6,61;12,71;6;17;177;24/nov/25
1017400;AMACIANTE GOTA LIMPA FASCINIO ESS 5L;17;6;4;2,5;0,25;3;2,25;0;1,28;1,36;17,73;1;17;177;24/nov/25
8000686;AMACIANTE GOTA LIMPA FLORATA 2L;17;6;6;3;2;0;1;0,67;0,82;17,14;17,14;2;17;177;24/nov/25
8000686;AMACIANTE GOTA LIMPA FLORATA 2L;18;6;6;3;2,33;2;1,5;1,5;1,48;11,05;20,53;5;17;177;24/nov/25
87858;AMACIANTE GOTA LIMPA FLORATA 5L;1;6;4;2,5;2,25;0;0,25;0;0,06;270;270;0;17;177;24/nov/25
87858;AMACIANTE GOTA LIMPA FLORATA 5L;2;6;4;3,5;1,25;1;0,75;0;0,18;50;90;1;17;177;24/nov/25
87858;AMACIANTE GOTA LIMPA FLORATA 5L;3;6;4;2,5;3;1;0,25;0;0,58;36;48;1;17;177;24/nov/25
87858;AMACIANTE GOTA LIMPA FLORATA 5L;8;6;4;2,5;3;1;1;0;0,88;24;32;1;17;177;24/nov/25
87858;AMACIANTE GOTA LIMPA FLORATA 5L;13;6;4;2;1;0;1,5;0,5;0,47;15;15;1;17;177;24/nov/25
1603842;AMACIANTE YPE ACONCHEGO 5L;2;6;4;6;3;4;3,5;1,25;2,68;7,83;18,26;1,5;17;177;24/nov/25
1603842;AMACIANTE YPE ACONCHEGO 5L;3;6;4;7,5;8,5;7;12;4,5;5,31;11,21;20,44;2,25;17;177;24/nov/25
1603842;AMACIANTE YPE ACONCHEGO 5L;4;6;4;3;1,5;2;2,25;1;1,69;6,21;14,48;0,75;17;177;24/nov/25
1603842;AMACIANTE YPE ACONCHEGO 5L;5;6;4;3;0,75;3;2,5;1;1,05;5;25;0,75;17;177;24/nov/25
1603842;AMACIANTE YPE ACONCHEGO 5L;7;6;4;3;-0,75;4;6,25;1,5;2,8;-1,88;8,13;0,75;17;177;24/nov/25
1603842;AMACIANTE YPE ACONCHEGO 5L;12;6;4;6;0,25;7;7;1,75;3,68;0,48;13,81;3;17;177;24/nov/25
1603842;AMACIANTE YPE ACONCHEGO 5L;13;6;4;4,5;2,5;3;3;0,5;2,57;6,82;15;0,75;17;177;24/nov/25
1603842;AMACIANTE YPE ACONCHEGO 5L;17;6;4;15;14,25;0;2,25;9,25;5,02;19,88;19,88;1,5;17;177;24/nov/25
1603842;AMACIANTE YPE ACONCHEGO 5L;18;6;4;10;9,25;2;4,25;2,5;3,38;19,14;23,28;2,25;17;177;24/nov/25
101105;AMACIANTE YPE AM CARINHO 2L;1;6;6;3;1,83;1;1,5;1,17;1,13;11,38;17,59;0;17;177;24/nov/25
101105;AMACIANTE YPE AM CARINHO 2L;2;6;6;4;3;1;1,67;0,83;1,59;13,17;17,56;1;17;177;24/nov/25
101105;AMACIANTE YPE AM CARINHO 2L;3;6;6;6;5;1;2,17;1,33;1,36;25,71;30,86;1;17;177;24/nov/25
101105;AMACIANTE YPE AM CARINHO 2L;5;6;6;3;1,17;1;2;0,5;1,36;6;11,14;2;17;177;24/nov/25
101105;AMACIANTE YPE AM CARINHO 2L;7;6;6;3;2,67;0;2,17;1,83;1,52;12,31;12,31;1;17;177;24/nov/25
101105;AMACIANTE YPE AM CARINHO 2L;8;6;6;3;2,67;1;1,5;0,17;0,82;22,86;31,43;1;17;177;24/nov/25
101105;AMACIANTE YPE AM CARINHO 2L;11;6;6;6;4,33;0;2,67;0;3,42;8,86;8,86;1;17;177;24/nov/25
101105;AMACIANTE YPE AM CARINHO 2L;13;6;6;4;2,67;0;2;2,17;1,83;10,21;10,21;2;17;177;24/nov/25
101105;AMACIANTE YPE AM CARINHO 2L;18;6;6;6;4,67;1;1,67;0,67;1,48;22,11;26,84;5;17;177;24/nov/25
98682;AMACIANTE YPE AZ ACONCHEGO 2L;2;6;6;8;6,5;0;2,5;2;2,8;16,25;16,25;1;17;177;24/nov/25
98682;AMACIANTE YPE AZ ACONCHEGO 2L;3;6;6;10;10,5;5;7;2,83;5,21;14,1;20,82;2;17;177;24/nov/25
98682;AMACIANTE YPE AZ ACONCHEGO 2L;13;6;6;8;7;0;3,83;2;3,07;15,95;15,95;2;17;177;24/nov/25
98682;AMACIANTE YPE AZ ACONCHEGO 2L;17;6;6;8;4,83;4;4,5;4,33;3,31;10,24;18,71;3;17;177;24/nov/25
9985476;AMACIANTE YPE AZ ACONCHEGO 500ML;6;6;24;1;0,5;1;0,5;0,71;0,35;10;30;1,25;17;177;24/nov/25
9987630;AMACIANTE YPE BR AMOR 2L;3;6;6;6;7,33;2;1,5;1,83;1,91;26,94;34,29;2;17;177;24/nov/25
9987630;AMACIANTE YPE BR AMOR 2L;5;6;6;3;2,83;0;0,33;0,33;0,58;34;34;1;17;177;24/nov/25
9987630;AMACIANTE YPE BR AMOR 2L;7;6;6;3;2,17;0;1,67;1,33;1,17;13;13;1;17;177;24/nov/25
9987630;AMACIANTE YPE BR AMOR 2L;8;6;6;3;2,33;0;0,67;0;0,35;46,67;46,67;1;17;177;24/nov/25
9987630;AMACIANTE YPE BR AMOR 2L;11;6;6;6;3;4;3,83;1,5;3,31;6,35;14,82;1;17;177;24/nov/25
9987630;AMACIANTE YPE BR AMOR 2L;12;6;6;6;5,17;2;1,67;1,17;1,4;25,83;35,83;1;17;177;24/nov/25
9987630;AMACIANTE YPE BR AMOR 2L;13;6;6;4;3,5;0;0,5;0,67;0,89;27,39;27,39;2;17;177;24/nov/25
9987630;AMACIANTE YPE BR AMOR 2L;17;6;6;4;1,83;0;2,5;0,5;0,74;17,37;17,37;1;17;177;24/nov/25
9987630;AMACIANTE YPE BR AMOR 2L;18;6;6;6;5,33;0;1,17;1;0,82;45,71;45,71;3;17;177;24/nov/25
26413;AMACIANTE YPE INTENSO 2L;2;6;6;8;4,17;4;3,83;2,67;3,58;8,15;15,98;1;17;177;24/nov/25
26413;AMACIANTE YPE INTENSO 2L;3;6;6;10;10,5;2;2,5;2,33;4,12;17,83;21,23;3;17;177;24/nov/25
26413;AMACIANTE YPE INTENSO 2L;17;6;6;8;8;0;1,33;2,67;2,8;20;20;2;17;177;24/nov/25
26413;AMACIANTE YPE INTENSO 2L;18;6;6;10;8,83;2;4,67;3,33;5,6;11,04;13,54;5;17;177;24/nov/25
1023050;AMACIANTE YPE L OCCITANE BRESIL 1L;12;6;12;1;0,92;0;0,08;0;0,02;330;330;0;17;177;24/nov/25
1017945;AMACIANTE YPE PRO ROUPAS TECIDOS 7L;2;6;1;12;11;0;1;3;1,4;55;55;3;17;177;24/nov/25
1017945;AMACIANTE YPE PRO ROUPAS TECIDOS 7L;3;6;1;15;20;6;1;0;5,37;26,09;33,91;6;17;177;24/nov/25
1017945;AMACIANTE YPE PRO ROUPAS TECIDOS 7L;11;6;1;10;6;6;6;6;5,6;7,5;15;3;17;177;24/nov/25
1017945;AMACIANTE YPE PRO ROUPAS TECIDOS 7L;12;6;1;10;6;6;6;4;4,9;8,57;17,14;3;17;177;24/nov/25
11877;AMACIANTE YPE RS TERNURA 2L;2;6;6;6;4,67;0;2;2,83;1,94;16,8;16,8;1;17;177;24/nov/25
11877;AMACIANTE YPE RS TERNURA 2L;3;6;6;6;7,33;3;2,17;1,33;2,1;24,44;34,44;2;17;177;24/nov/25
11877;AMACIANTE YPE RS TERNURA 2L;4;6;6;3;1,5;2;1,67;1;1,13;9,31;21,72;1;17;177;24/nov/25
11877;AMACIANTE YPE RS TERNURA 2L;5;6;6;3;1,83;2;1,33;0,5;0,93;13,75;28,75;1;17;177;24/nov/25
11877;AMACIANTE YPE RS TERNURA 2L;6;6;6;4;3,33;0;1,33;1,33;2,06;11,32;11,32;1;17;177;24/nov/25
11877;AMACIANTE YPE RS TERNURA 2L;7;6;6;3;3,67;0;3,17;1;1,94;13,2;13,2;1;17;177;24/nov/25
11877;AMACIANTE YPE RS TERNURA 2L;11;6;6;8;3,33;6;5,33;2,33;2,84;8,22;23,01;1;17;177;24/nov/25
11877;AMACIANTE YPE RS TERNURA 2L;12;6;6;8;6,5;0;1,83;1,67;2,99;15,19;15,19;1;17;177;24/nov/25
1020184;DET LIQ APYCE LIMP TOTAL ROSA 3L;2;6;4;6;4,25;0;2,5;1,5;1,52;19,62;19,62;1,25;17;177;24/nov/25
1020184;DET LIQ APYCE LIMP TOTAL ROSA 3L;3;6;4;9;10;3;3,25;6,5;4,9;14,29;18,57;1,25;17;177;24/nov/25
1020184;DET LIQ APYCE LIMP TOTAL ROSA 3L;12;6;4;9;6,5;0;3,5;4,75;3,15;14,44;14,44;3,75;17;177;24/nov/25
1020184;DET LIQ APYCE LIMP TOTAL ROSA 3L;14;6;4;3;3,5;1;1,25;0,75;0,93;26,25;33,75;3,75;17;177;24/nov/25
1020184;DET LIQ APYCE LIMP TOTAL ROSA 3L;17;6;4;22,5;11,75;12;11,5;14;10,03;8,2;16,57;5;17;177;24/nov/25
1020183;DET LIQ APYCE MULTIACAO AZUL 3L;2;6;4;9;8,25;0;1,25;1;1,17;49,5;49,5;1,25;17;177;24/nov/25
1020183;DET LIQ APYCE MULTIACAO AZUL 3L;3;6;4;12;12,25;3;4,25;2,5;3,33;25,79;32,11;2,5;17;177;24/nov/25
1020183;DET LIQ APYCE MULTIACAO AZUL 3L;11;6;4;9;5,75;1;4;4,25;4,78;8,41;9,88;5;17;177;24/nov/25
1020183;DET LIQ APYCE MULTIACAO AZUL 3L;17;6;4;21;13,5;8;6,75;11,5;8,11;11,65;18,56;5;17;177;24/nov/25
1005620;DET LIQ APYCE SUPERACAO SH 800ML;3;6;12;2;0,75;1;2,08;2,25;1,79;2,93;6,85;1,25;17;177;24/nov/25
1005620;DET LIQ APYCE SUPERACAO SH 800ML;11;6;12;2;1,33;0,08;1,33;0,92;0,97;9,6;10,2;2,08;17;177;24/nov/25
1005620;DET LIQ APYCE SUPERACAO SH 800ML;14;1;12;0,83;0,42;1;0,33;0,67;0,66;4,41;15;1,25;17;177;24/nov/25
1005620;DET LIQ APYCE SUPERACAO SH 800ML;18;6;12;2;1,17;0,08;1,75;0,5;1,56;5,25;5,63;2,08;17;177;24/nov/25
1701681;DET LIQ AQUAFAST BABY 2L;17;6;6;3;2;0;0,33;1;0,89;15,65;15,65;3;17;177;24/nov/25
1701766;DET LIQ AQUAFAST FLORES BRANCAS 3L;3;6;4;3;2;2;0,75;0,75;1,05;13,33;26,67;1,5;17;177;24/nov/25
1701766;DET LIQ AQUAFAST FLORES BRANCAS 3L;6;6;4;2;0,25;3;1,25;0,5;1,05;1,67;21,67;1,5;17;177;24/nov/25
1701766;DET LIQ AQUAFAST FLORES BRANCAS 3L;13;6;4;2;1,25;0;0,25;2,5;0,64;13,64;13,64;1,5;17;177;24/nov/25
1701766;DET LIQ AQUAFAST FLORES BRANCAS 3L;17;6;4;4;3,25;0;0,5;2;1,69;13,45;13,45;3;17;177;24/nov/25
1701679;DET LIQ AQUAFAST GLICERINA 1L;3;6;12;1,67;0,58;2;0,17;0,92;0,45;9,13;40,43;2,92;17;177;24/nov/25
1701679;DET LIQ AQUAFAST GLICERINA 1L;12;6;12;2;1,08;0;0,08;0;0,06;130;130;2,92;17;177;24/nov/25
1701679;DET LIQ AQUAFAST GLICERINA 1L;14;6;12;0,83;-0,08;2;0;0,08;0,1;-6;138;1,17;17;177;24/nov/25
1701682;DET LIQ AQUAFAST GLICERINA 2L;17;6;6;4;3,67;0;1,17;1,5;1,44;17,84;17,84;5;17;177;24/nov/25
1701733;DET LIQ AQUAFAST GLICERINA 3L;3;6;4;3;4;2;1;0,75;0,88;32;48;1,25;17;177;24/nov/25
1701733;DET LIQ AQUAFAST GLICERINA 3L;8;6;4;2;1,75;0;0,25;0,25;0,23;52,5;52,5;1,25;17;177;24/nov/25
1701733;DET LIQ AQUAFAST GLICERINA 3L;13;6;4;3;0,5;3;1,5;1,25;1,11;3,16;22,11;1,25;17;177;24/nov/25
1701733;DET LIQ AQUAFAST GLICERINA 3L;14;6;4;4;3,5;0;0,75;1,5;0,93;26,25;26,25;5;17;177;24/nov/25
1701733;DET LIQ AQUAFAST GLICERINA 3L;17;6;4;5;4,5;1;2;2,5;3,68;8,57;10,48;2,5;17;177;24/nov/25
1701735;DET LIQ AQUAFAST MULT 3L;3;6;4;5;6;2;2;5;3,03;13,85;18,46;2,5;17;177;24/nov/25
1701680;DET LIQ AQUAFAST MULTIACAO 1L;2;6;12;1;1,67;0;0,5;0,58;0,54;21,43;21,43;0,58;17;177;24/nov/25
1701680;DET LIQ AQUAFAST MULTIACAO 1L;11;6;12;2;1;2;0,17;0,17;0,23;30;90;2,33;17;177;24/nov/25
1701680;DET LIQ AQUAFAST MULTIACAO 1L;12;6;12;2;1,5;0;0,17;0,33;0,35;30;30;2,33;17;177;24/nov/25
1701680;DET LIQ AQUAFAST MULTIACAO 1L;13;6;12;0,83;0;2;0;0,42;0,19;0;72;0,58;17;177;24/nov/25
1701680;DET LIQ AQUAFAST MULTIACAO 1L;17;6;12;1,25;2;0;0;0,75;0,47;30;30;2,33;17;177;24/nov/25
1701683;DET LIQ AQUAFAST MULTIACAO 2L;2;6;6;2;1;2;0,17;0,67;0,43;16,36;49,09;1;17;177;24/nov/25
1701683;DET LIQ AQUAFAST MULTIACAO 2L;5;6;6;2;1,83;0;0;0,17;0,04;330;330;3;17;177;24/nov/25
1701683;DET LIQ AQUAFAST MULTIACAO 2L;11;6;6;3;1,17;0;0,33;0;0,39;21;21;4;17;177;24/nov/25
1701683;DET LIQ AQUAFAST MULTIACAO 2L;12;6;6;1,67;1,33;0;0,5;0;0,23;40;40;2;17;177;24/nov/25
1701683;DET LIQ AQUAFAST MULTIACAO 2L;13;6;6;2;1;2;0;0,5;0,82;8,57;25,71;1;17;177;24/nov/25
1701683;DET LIQ AQUAFAST MULTIACAO 2L;17;6;6;1,67;1,17;1;0,5;1,17;0,62;13,13;24,38;0;17;177;24/nov/25
1701734;DET LIQ AQUAFAST TERNURA 3L;4;6;4;2;1,25;2;0,75;0,75;0,76;11,54;30;1,25;17;177;24/nov/25
1701734;DET LIQ AQUAFAST TERNURA 3L;8;6;4;3;2,75;0;0,5;1;0,47;41,25;41,25;1,25;17;177;24/nov/25
1701734;DET LIQ AQUAFAST TERNURA 3L;11;6;4;3;2,75;0;0,75;0,75;0,58;33;33;2,5;17;177;24/nov/25
1701734;DET LIQ AQUAFAST TERNURA 3L;14;6;4;3;2,5;0;0,5;1;0,53;33,33;33,33;5;17;177;24/nov/25
1701734;DET LIQ AQUAFAST TERNURA 3L;18;6;4;5;4,5;0;1;2,25;1,34;23,48;23,48;1,25;17;177;24/nov/25
1022283;DET LIQ BARBAREX 5L;2;6;2;12;10;0;2;2;3,15;22,22;22,22;2;17;177;24/nov/25
1022283;DET LIQ BARBAREX 5L;3;6;2;14;14,5;6;6,5;4;4,32;23,51;33,24;16;17;177;24/nov/25
1022283;DET LIQ BARBAREX 5L;11;6;2;15;10,5;1;10;11;15,52;4,74;5,19;6;17;177;24/nov/25
1022283;DET LIQ BARBAREX 5L;13;6;2;48;45;0;31,5;26,5;29,63;10,63;10,63;2;17;177;24/nov/25
1022283;DET LIQ BARBAREX 5L;17;6;2;75;95,5;0;35,5;62;42,93;15,57;15,57;6;17;177;24/nov/25
1702387;DET LIQ BRILHANTE DELIC TOTAL 3L;3;6;4;7,5;8,5;3;2,5;2;1,69;35,17;47,59;2,5;17;177;24/nov/25
1702387;DET LIQ BRILHANTE DELIC TOTAL 3L;17;6;4;7,5;6,75;0;1;5;2,63;18;18;0;17;177;24/nov/25
1702250;DET LIQ BRILHANTE HIG TOTAL 3L;3;6;4;7,5;12;10;1;0;1,11;75,79;138,95;3,75;17;177;24/nov/25
1702250;DET LIQ BRILHANTE HIG TOTAL 3L;13;6;4;5;4,5;0;3,25;3,25;2,63;12;12;1,25;17;177;24/nov/25
1702250;DET LIQ BRILHANTE HIG TOTAL 3L;17;6;4;6;4,75;0;0;2;2,33;14,25;14,25;3,75;17;177;24/nov/25
1023030;DET LIQ BRILHANTE HIGIENE TOTAL 1.8L;2;6;6;6;5,83;0;0,83;1,17;1,28;31,82;31,82;1,67;17;177;24/nov/25
1023030;DET LIQ BRILHANTE HIGIENE TOTAL 1.8L;17;6;6;10;7;0;3,17;3,5;3,27;15;15;3,33;17;177;24/nov/25
1022905;DET LIQ BRILHANTE LIMP TOTAL 1.8L;2;6;6;8;7;0;1,67;1;1,48;33,16;33,16;2;17;177;24/nov/25
1022905;DET LIQ BRILHANTE LIMP TOTAL 1.8L;14;6;6;3;2,67;0;1,33;0,83;1,48;12,63;12,63;4;17;177;24/nov/25
1603583;DET LIQ BRILHANTE LIMP.TOTAL 3L;3;6;4;15;20;10;8;4;3,79;36,92;55,38;3,75;17;177;24/nov/25
1603583;DET LIQ BRILHANTE LIMP.TOTAL 3L;7;6;4;4;3,5;0;1,75;0,75;0,88;28;28;5;17;177;24/nov/25
1603583;DET LIQ BRILHANTE LIMP.TOTAL 3L;12;6;4;6;2,5;3;4,5;0,75;2,51;6,98;15,35;2,5;17;177;24/nov/25
1603583;DET LIQ BRILHANTE LIMP.TOTAL 3L;13;6;4;15;9,5;6;7,5;5,25;9,57;6,95;11,34;1,25;17;177;24/nov/25
1603583;DET LIQ BRILHANTE LIMP.TOTAL 3L;17;6;4;12,5;4,25;9;8,25;7,75;6,48;4,59;14,32;7,5;17;177;24/nov/25
1603583;DET LIQ BRILHANTE LIMP.TOTAL 3L;18;6;4;9;7,25;3;3,75;2,25;2,39;21,22;30;6,25;17;177;24/nov/25
1702768;DET LIQ BRILHANTE LIMP.TOTAL RF 900ML;4;6;12;0,67;0,42;1;0,83;0,33;0,8;3,66;12,44;0,83;17;177;24/nov/25
1702768;DET LIQ BRILHANTE LIMP.TOTAL RF 900ML;5;6;12;1,25;0,67;2;0,67;0,83;0,6;7,74;30,97;1,25;17;177;24/nov/25
1702768;DET LIQ BRILHANTE LIMP.TOTAL RF 900ML;6;6;12;1,25;0,75;1;0,67;0,92;0,78;6,75;15,75;1,25;17;177;24/nov/25
1612196;DET LIQ CLASS 5LT;2;6;4;12;11,25;0;1,5;3;2,86;27,55;27,55;0;17;177;24/nov/25
1612196;DET LIQ CLASS 5LT;5;6;4;5;4,75;0;1;0,5;1,34;24,78;24,78;0;17;177;24/nov/25
1612196;DET LIQ CLASS 5LT;17;6;4;45;49,75;0;17;16,75;19,78;17,61;17,61;0;17;177;24/nov/25
1612196;DET LIQ CLASS 5LT;18;6;4;20;17,75;2;8,5;16;11,49;10,81;12,03;0;17;177;24/nov/25
1700901;DET LIQ GIRANDO SOL ACAO TOTAL 2L;6;6;6;2;1,83;0;0,17;0,17;0,19;66;66;1;17;177;24/nov/25
1700901;DET LIQ GIRANDO SOL ACAO TOTAL 2L;14;6;6;1;0,83;1;0,5;1,33;0,86;6,82;15;2;17;177;24/nov/25
1700901;DET LIQ GIRANDO SOL ACAO TOTAL 2L;17;6;6;6;3,83;3;2,67;6,67;5,09;5,27;9,39;4;17;177;24/nov/25
46839;DET LIQ GIRANDO SOL COCO 1L;12;6;12;1,67;1,25;0;0,42;0,33;0,41;21,43;21,43;2;17;177;24/nov/25
1700902;DET LIQ GIRANDO SOL COCO 2L;3;6;6;2;3,17;2;1,5;0,5;0,7;31,67;51,67;1,67;17;177;24/nov/25
1700902;DET LIQ GIRANDO SOL COCO 2L;13;6;6;2;1,83;0;1;0,17;0,58;22;22;0,83;17;177;24/nov/25
1700902;DET LIQ GIRANDO SOL COCO 2L;14;6;6;1;2,17;2;1,17;0,33;0,51;30;57,69;1,67;17;177;24/nov/25
46840;DET LIQ GIRANDO SOL GLICERINA 1L;11;6;12;1,25;1;0;0,33;0,58;0,35;20;20;4,67;17;177;24/nov/25
46840;DET LIQ GIRANDO SOL GLICERINA 1L;14;6;12;0,83;0,75;0;0,33;0,5;0,23;22,5;22,5;2;17;177;24/nov/25
102728;DET LIQ GIRANDO SOL GLICERINA 2L;13;6;6;2;1,67;0;0,5;0,83;0,54;21,43;21,43;1;17;177;24/nov/25
1702489;DET LIQ GIRANDO SOL HIPO 2L;6;6;6;1,33;1,17;0;0,17;0,17;0,31;26,25;26,25;2;17;177;24/nov/25
1701186;DET LIQ GOTA LIMPA ORIGINAL 3L;6;6;4;2;1,5;1;1,25;1;0,99;10,59;17,65;3,75;17;177;24/nov/25
1701186;DET LIQ GOTA LIMPA ORIGINAL 3L;11;6;4;3,75;3,25;0;0,75;0,75;1,11;20,53;20,53;5;17;177;24/nov/25
1701186;DET LIQ GOTA LIMPA ORIGINAL 3L;13;6;4;3;2,5;0;1,25;0,75;1,11;15,79;15,79;1,25;17;177;24/nov/25
1701186;DET LIQ GOTA LIMPA ORIGINAL 3L;14;6;4;2,5;3,75;2;1,25;0;0,64;40,91;62,73;3,75;17;177;24/nov/25
1701186;DET LIQ GOTA LIMPA ORIGINAL 3L;14;6;4;2,5;3,75;2;1,25;0;0,64;40,91;62,73;3,75;17;177;24/nov/25
1701186;DET LIQ GOTA LIMPA ORIGINAL 3L;18;6;4;5;3,5;2;2,5;4;2,68;9,13;14,35;5;17;177;24/nov/25
1023799;DET LIQ OMO CICLO RAPIDO ANTIODOR 750ML;3;6;12;2,5;2,17;1;0,08;0,58;0,33;45,88;67,06;0;17;177;24/nov/25
1023799;DET LIQ OMO CICLO RAPIDO ANTIODOR 750ML;13;6;12;1;0,58;1;0,17;0,08;0,21;19,09;51,82;0,5;17;177;24/nov/25
1023799;DET LIQ OMO CICLO RAPIDO ANTIODOR 750ML;17;6;12;1,5;0;1;0,33;0,83;0,47;0;15;1;17;177;24/nov/25
1023800;DET LIQ OMO CICLO RAPIDO CUIDADO 750ML;17;6;12;2;1,75;0;0,58;0,33;0,41;30;30;1;17;177;24/nov/25
1702694;DET LIQ OMO LAVAGEM PERFEITA 7L;2;6;1;20;10;15;2;2;1,87;37,5;93,75;3;17;177;24/nov/25
1702694;DET LIQ OMO LAVAGEM PERFEITA 7L;14;6;1;8;10;6;4;5;4,2;16,67;26,67;3;17;177;24/nov/25
1702694;DET LIQ OMO LAVAGEM PERFEITA 7L;14;6;1;8;10;6;4;5;4,2;16,67;26,67;3;17;177;24/nov/25
1702694;DET LIQ OMO LAVAGEM PERFEITA 7L;17;6;1;80;60;0;29;55;36,17;11,61;11,61;3;17;177;24/nov/25
1702162;DET LIQ OMO LAVAGEM PERFEITA 900ML;4;6;12;0,67;0,58;1;0,25;0,25;0,23;17,5;47,5;0,5;17;177;24/nov/25
1702162;DET LIQ OMO LAVAGEM PERFEITA 900ML;11;6;12;1,5;1,42;0;0,42;0;0,1;102;102;2;17;177;24/nov/25
1702162;DET LIQ OMO LAVAGEM PERFEITA 900ML;14;6;12;0,83;1,25;2;0,67;0,5;0,64;13,64;35,45;1;17;177;24/nov/25
1702162;DET LIQ OMO LAVAGEM PERFEITA 900ML;17;6;12;1,5;0,67;1;1,17;0;0,56;8,28;20,69;2;17;177;24/nov/25
1702217;DET LIQ OMO P.CUIDADO DOYP 900ML;3;6;12;1,5;2,17;1;0,42;0,58;0,66;22,94;33,53;0,5;17;177;24/nov/25
1702217;DET LIQ OMO P.CUIDADO DOYP 900ML;14;6;12;0,83;1,33;1;0,75;0,67;0,58;16;28;0;17;177;24/nov/25
1024452;DET LIQ TIXAN PRIMAVERA GL 7L;11;6;1;6;5;0;1;0;0,23;150;150;0;17;177;24/nov/25
1024452;DET LIQ TIXAN PRIMAVERA GL 7L;13;6;1;6;4;0;2;0;0,47;60;60;0;17;177;24/nov/25
1701922;DET LIQ TIXAN YPE L3P2,7L;3;6;4;4,5;5,75;3;1;1;0,82;49,29;75;3,75;17;177;24/nov/25
1701922;DET LIQ TIXAN YPE L3P2,7L;5;6;4;2,5;2,25;0;0,25;0;0,06;270;270;2,5;17;177;24/nov/25
1015632;DET LIQ TIXAN YPE MACIEZ POUCH RF 900ML;11;6;12;1,67;0,83;2;0,92;0,42;0,76;7,69;26,15;1,5;17;177;24/nov/25
1015632;DET LIQ TIXAN YPE MACIEZ POUCH RF 900ML;13;6;12;1;0,5;0;0,5;0,17;0,39;9;9;0,5;17;177;24/nov/25
1701912;DET LIQ UAU ACTIVE 3L;11;6;4;3;2,5;0;1;0;0,47;37,5;37,5;2,5;17;177;24/nov/25
1702351;DET LIQ UAU ROSAS/SEDUCAO 3L;3;6;4;5;5,5;1;1,25;3,25;2,39;16,1;19,02;2,5;17;177;24/nov/25
1702351;DET LIQ UAU ROSAS/SEDUCAO 3L;5;6;4;2;1,75;0;0,5;0;0,35;35;35;2,5;17;177;24/nov/25
1702351;DET LIQ UAU ROSAS/SEDUCAO 3L;8;6;4;2,5;2,25;0;1;0;0,29;54;54;2,5;17;177;24/nov/25
1702351;DET LIQ UAU ROSAS/SEDUCAO 3L;11;6;4;3;2,75;0;0,5;0,5;0,88;22;22;2,5;17;177;24/nov/25
1702351;DET LIQ UAU ROSAS/SEDUCAO 3L;17;6;4;7,5;7;0;1,5;4;3,85;12,73;12,73;2,5;17;177;24/nov/25
1701470;DET LIQ ULTRA CLASS 5LTS;12;6;4;8;3,5;1;3,75;0,75;1,05;23,33;30;3;17;177;24/nov/25
1701470;DET LIQ ULTRA CLASS 5LTS;14;6;4;2;1,75;0;1;0;0,23;52,5;52,5;3;17;177;24/nov/25
1016683;DET PO APYCE AZUL SH 1,6KG;2;6;13;3,08;2,62;0;0,69;1;0,77;23,72;23,72;3,23;17;177;24/nov/25
1016683;DET PO APYCE AZUL SH 1,6KG;7;6;13;2,92;2,31;2;2,54;2,62;2,48;6,52;12,17;4,85;17;177;24/nov/25
1017593;DET PO APYCE AZUL SH 400G;7;6;50;2;1,58;1;1,8;1,38;1,25;8,84;14,44;4;17;177;24/nov/25
1016682;DET PO APYCE ROSA SH 1,6KG;3;6;13;3,08;3,77;1;1;1,54;1,76;15;18,98;4,31;17;177;24/nov/25
1016682;DET PO APYCE ROSA SH 1,6KG;4;6;13;1,54;1,23;0;0,77;0;0,39;21,82;21,82;4,31;17;177;24/nov/25
1016682;DET PO APYCE ROSA SH 1,6KG;5;6;13;1,54;0,54;2;0,92;1,31;0,86;4,38;20,63;2,15;17;177;24/nov/25
1016682;DET PO APYCE ROSA SH 1,6KG;7;6;13;1,69;1,31;0;0,54;0,31;0,2;46,36;46,36;4,31;17;177;24/nov/25
1016682;DET PO APYCE ROSA SH 1,6KG;8;6;13;2,31;1,85;0;0,38;0,62;0,48;26,67;26,67;2,15;17;177;24/nov/25
1016682;DET PO APYCE ROSA SH 1,6KG;13;6;13;2,31;1,92;0;1;1,54;1,2;11,19;11,19;2,15;17;177;24/nov/25
1017592;DET PO APYCE ROSA SH 400G;1;6;50;1,72;1,4;1;1,64;2,82;1,48;6,6;11,32;0;17;177;24/nov/25
1017592;DET PO APYCE ROSA SH 400G;2;6;50;2;1,9;0;0,3;0,2;0,27;49,14;49,14;4;17;177;24/nov/25
1017592;DET PO APYCE ROSA SH 400G;5;6;50;2;1,12;2;1,44;0,56;0,76;10,37;28,89;3,2;17;177;24/nov/25
1017592;DET PO APYCE ROSA SH 400G;7;6;50;2;1,58;0;1,02;0,34;0,55;20,08;20,08;4;17;177;24/nov/25
1017592;DET PO APYCE ROSA SH 400G;8;6;50;2;2,52;1;0,54;0,9;0,7;25,37;35,44;1,6;17;177;24/nov/25
1017592;DET PO APYCE ROSA SH 400G;11;6;50;2;0,88;2;1,14;0,5;0,71;8,63;28,24;8;17;177;24/nov/25
1017592;DET PO APYCE ROSA SH 400G;12;6;50;1,72;1,48;0;1,06;0,08;0,34;30,41;30,41;2,4;17;177;24/nov/25
1017783;DET PO APYCE ROSA SH 4KG;1;6;5;10;8,6;0;4,6;6,6;3,78;15,93;15,93;0;17;177;24/nov/25
1017783;DET PO APYCE ROSA SH 4KG;2;6;5;8;6,2;0;1,8;1,8;1,87;23,25;23,25;4,8;17;177;24/nov/25
1017783;DET PO APYCE ROSA SH 4KG;3;6;5;8;8,8;2;3;3,2;3,41;18,08;22,19;4,8;17;177;24/nov/25
1017783;DET PO APYCE ROSA SH 4KG;6;6;5;4;3,6;0;1,6;1;1,21;20,77;20,77;4,8;17;177;24/nov/25
1017783;DET PO APYCE ROSA SH 4KG;14;6;5;3;3,4;2;2,4;0,4;1,73;13,78;21,89;14,4;17;177;24/nov/25
1017784;DET PO APYCE SH AZUL 4KG;2;6;5;4;5,2;0;1,2;1,8;2,57;14,18;14,18;3,6;17;177;24/nov/25
1017784;DET PO APYCE SH AZUL 4KG;4;6;5;2;1,4;1;1;0,4;1,12;8,75;15;3,6;17;177;24/nov/25
1017784;DET PO APYCE SH AZUL 4KG;7;6;5;4;3,2;0;2;1,2;2,29;9,8;9,8;3,6;17;177;24/nov/25
1023393;DET PO AQUAFAST FLORES BAUNILHA 800G;2;6;20;4;3,3;0;0,5;0,8;0,36;63,87;63,87;0,8;17;177;24/nov/25
1023393;DET PO AQUAFAST FLORES BAUNILHA 800G;12;6;20;1,5;1,45;0;0,2;0,3;0,23;43,5;43,5;0,8;17;177;24/nov/25
1023394;DET PO AQUAFAST MULTIACAO 800G;2;6;20;3;3;0;0,5;0,2;0,28;75;75;0,8;17;177;24/nov/25
1023394;DET PO AQUAFAST MULTIACAO 800G;3;6;20;4;4,85;1;0,45;0,75;0,57;59,39;71,63;1,6;17;177;24/nov/25
1001750;DET PO ASSIM MICELAR FLORAL 800G;2;6;20;5;4,05;0;2,3;1,95;1,6;17,74;17,74;2,4;17;177;24/nov/25
1001750;DET PO ASSIM MICELAR FLORAL 800G;3;6;20;5;6,05;4;3,3;2,1;3,1;13,65;22,67;4,8;17;177;24/nov/25
1001750;DET PO ASSIM MICELAR FLORAL 800G;7;6;20;3;3,8;0;1;1;2,43;10,96;10,96;1,6;17;177;24/nov/25
1001750;DET PO ASSIM MICELAR FLORAL 800G;14;6;20;2;1,45;2;0,5;0,5;0,63;16,11;38,33;3,2;17;177;24/nov/25
1001750;DET PO ASSIM MICELAR FLORAL 800G;17;6;20;5;3,9;0;1,15;1,05;0,79;34,41;34,41;4,8;17;177;24/nov/25
1001750;DET PO ASSIM MICELAR FLORAL 800G;18;6;20;5;4,5;1;1,2;0,85;1,67;18,88;23,08;4,8;17;177;24/nov/25
1001126;DET PO ASSIM TRIPLA ACAO BICARB 800G;3;6;20;4;4,5;2;2,4;3,6;2,58;12,22;17,65;6,4;17;177;24/nov/25
1001126;DET PO ASSIM TRIPLA ACAO BICARB 800G;7;6;20;2,5;1,05;2;3,15;3,8;2,63;2,8;8,13;1,6;17;177;24/nov/25
1001126;DET PO ASSIM TRIPLA ACAO BICARB 800G;13;6;20;4;3,8;0;1,05;0,65;0,95;28,15;28,15;1,6;17;177;24/nov/25
1001126;DET PO ASSIM TRIPLA ACAO BICARB 800G;14;6;20;2;2,65;1;0,45;0,95;0,56;33,13;45,63;3,2;17;177;24/nov/25
1001126;DET PO ASSIM TRIPLA ACAO BICARB 800G;18;6;20;6;5,35;2;1,55;2,45;1,97;18,99;26,09;6,4;17;177;24/nov/25
1000951;DET PO BRILHANT LIMP.TOTL GT150G 1,6KG;2;6;9;3,33;5,67;0;0,22;0,44;0,39;102;102;0,67;17;177;24/nov/25
1000951;DET PO BRILHANT LIMP.TOTL GT150G 1,6KG;7;6;9;2,22;2,33;0;0,78;0,78;0,73;22,5;22,5;1,33;17;177;24/nov/25
1000951;DET PO BRILHANT LIMP.TOTL GT150G 1,6KG;12;6;9;2,22;1,67;1;1,56;0,67;0,73;16,07;25,71;0,67;17;177;24/nov/25
1022904;DET PO BRILHANTE CUIDADO TOTAL CT 800GR;5;6;20;2;1,8;1;0,9;2,85;1,51;8,37;13,02;0,4;17;177;24/nov/25
1022617;DET PO BRILHANTE HIGIENE TOTAL CT 800G;2;6;20;3;2,4;0;0,75;0,45;1,25;13,46;13,46;0,8;17;177;24/nov/25
1022617;DET PO BRILHANTE HIGIENE TOTAL CT 800G;3;6;20;4;4,75;1;1,5;2,65;1,9;17,48;21,17;0,8;17;177;24/nov/25
1022617;DET PO BRILHANTE HIGIENE TOTAL CT 800G;5;6;20;2,5;2,35;1;1,1;2,85;1,91;8,6;12,26;0,4;17;177;24/nov/25
1022617;DET PO BRILHANTE HIGIENE TOTAL CT 800G;17;6;20;4;3,35;0;1,15;2,25;1,06;22,09;22,09;4,8;17;177;24/nov/25
1000961;DET PO BRILHANTE L.TOTAL 2,2KG;2;6;9;8,89;4,56;0;0,33;0,22;0,34;94,62;94,62;1,33;17;177;24/nov/25
1000961;DET PO BRILHANTE L.TOTAL 2,2KG;3;6;9;11,11;11,67;2;2,44;0,89;1,27;64,29;75,31;1,33;17;177;24/nov/25
1000961;DET PO BRILHANTE L.TOTAL 2,2KG;6;6;9;2,22;1,44;0;1,56;0;0,36;27,86;27,86;0;17;177;24/nov/25
1000961;DET PO BRILHANTE L.TOTAL 2,2KG;11;6;9;3,33;2,89;0;1,11;0;0,26;78;78;0;17;177;24/nov/25
1000961;DET PO BRILHANTE L.TOTAL 2,2KG;13;6;9;2,22;2;0;1,78;0,78;0,78;18;18;1,33;17;177;24/nov/25
1000961;DET PO BRILHANTE L.TOTAL 2,2KG;17;6;9;5,56;3,44;0;0,22;0,22;0,16;155;155;0,67;17;177;24/nov/25
1000953;DET PO BRILHANTE LIMP TOTAL CT 800G;3;6;20;6;6,65;1;0,9;4,05;2,86;16,29;18,73;1;17;177;24/nov/25
1000953;DET PO BRILHANTE LIMP TOTAL CT 800G;7;6;20;4;3,7;0;1,1;2,4;2,52;10,28;10,28;1;17;177;24/nov/25
1000953;DET PO BRILHANTE LIMP TOTAL CT 800G;17;6;20;7;7,05;0;0,5;1,55;0,75;66,09;66,09;4;17;177;24/nov/25
1702788;DET PO GIRANDO SOL AZ SH 4K;17;6;5;4;3;2;2;3,4;1,82;11,54;19,23;0,6;17;177;24/nov/25
1702778;DET PO GIRANDO SOL AZUL SH 400G;3;6;30;2;2,9;1;0,53;0,4;0,4;51,18;68,82;2,67;17;177;24/nov/25
1702778;DET PO GIRANDO SOL AZUL SH 400G;14;6;30;1;0,9;0;0,07;0;0,02;405;405;0;17;177;24/nov/25
1702781;DET PO GIRANDO SOL AZUL SH 800G;3;6;25;4;4,6;1;1,72;2;1,63;19,71;24;3,2;17;177;24/nov/25
1702781;DET PO GIRANDO SOL AZUL SH 800G;4;6;25;1,2;1,16;1;0,6;1,36;0,97;8,37;15,58;1,6;17;177;24/nov/25
1023894;DET PO GIRANDO SOL COCO BAUN SH 4KG;3;6;5;4;4,6;1;0,6;0,4;0,89;36,32;44,21;0;17;177;24/nov/25
1023894;DET PO GIRANDO SOL COCO BAUN SH 4KG;8;6;5;1,2;1,8;1;0,4;0,4;0,33;38,57;60;0,6;17;177;24/nov/25
1023894;DET PO GIRANDO SOL COCO BAUN SH 4KG;14;6;5;2,4;5,8;2;0,4;0,2;0,37;108,75;146,25;0,6;17;177;24/nov/25
1023894;DET PO GIRANDO SOL COCO BAUN SH 4KG;17;6;5;4;3,4;0;0,8;0,6;1,12;21,25;21,25;0,6;17;177;24/nov/25
1023894;DET PO GIRANDO SOL COCO BAUN SH 4KG;18;6;5;3,2;2,4;0;0,6;1;0,75;22,5;22,5;0;17;177;24/nov/25
1023892;DET PO GIRANDO SOL COCO BAUN SH 800G;8;6;25;1,6;3,04;2;0,24;0,36;0,22;95;157,5;0,16;17;177;24/nov/25
1023892;DET PO GIRANDO SOL COCO BAUN SH 800G;12;6;25;2;1,6;1;0,68;1,08;1,37;8,16;13,27;0,16;17;177;24/nov/25
1023892;DET PO GIRANDO SOL COCO BAUN SH 800G;17;6;25;3,2;2,68;0;0,6;0,92;0,86;21,85;21,85;0,64;17;177;24/nov/25
1702789;DET PO GIRANDO SOL HIP SH 4K;11;6;5;3;2,8;0;0,2;0;0,28;70;70;0,6;17;177;24/nov/25
1702789;DET PO GIRANDO SOL HIP SH 4K;12;6;5;3;2,4;2;0,8;1,2;1,35;12,41;22,76;0,6;17;177;24/nov/25
1702789;DET PO GIRANDO SOL HIP SH 4K;13;6;5;3;2,4;0;0,6;0,6;0,84;20;20;0;17;177;24/nov/25
1702789;DET PO GIRANDO SOL HIP SH 4K;14;6;5;0,8;2;2;1,4;0;0,56;25;50;0,6;17;177;24/nov/25
1702779;DET PO GIRANDO SOL HIPO SH 400G;7;6;30;1,33;1,23;0;0,23;0,13;0,3;29,21;29,21;4;17;177;24/nov/25
1702782;DET PO GIRANDO SOL HIPO SH 800G;3;6;25;4;4,56;1;0,8;0,84;0,81;39,31;47,93;3,2;17;177;24/nov/25
1702782;DET PO GIRANDO SOL HIPO SH 800G;4;6;25;1,6;1,2;0;0,52;0,24;0,37;22,5;22,5;1,6;17;177;24/nov/25
1702782;DET PO GIRANDO SOL HIPO SH 800G;5;6;25;1,6;1,2;0;0,52;0,32;0,35;24,32;24,32;1,6;17;177;24/nov/25
1702782;DET PO GIRANDO SOL HIPO SH 800G;6;6;25;2;0,84;2;1,72;1,24;1,07;5,48;18,52;3,2;17;177;24/nov/25
1702782;DET PO GIRANDO SOL HIPO SH 800G;7;6;25;2;1,88;0;0,68;0,72;0,75;17,63;17,63;3,2;17;177;24/nov/25
1702782;DET PO GIRANDO SOL HIPO SH 800G;8;6;25;2;1,96;0;0,28;0,24;0,22;61,25;61,25;1,6;17;177;24/nov/25
1702782;DET PO GIRANDO SOL HIPO SH 800G;11;6;25;4;3,6;0;1,76;2,08;1,99;12,68;12,68;6,4;17;177;24/nov/25
1702782;DET PO GIRANDO SOL HIPO SH 800G;18;6;25;3,2;2,68;0;0,72;0,6;0,65;28,71;28,71;6,4;17;177;24/nov/25
1702780;DET PO GIRANDO SOL ROSA SH 400G;1;6;30;0,73;0,53;0;0,3;0,13;0,1;36,92;36,92;0;17;177;24/nov/25
1702780;DET PO GIRANDO SOL ROSA SH 400G;3;6;30;2,67;3,4;1;0,5;0,57;0,56;42,5;55;2,67;17;177;24/nov/25
1702780;DET PO GIRANDO SOL ROSA SH 400G;7;6;30;2;3,57;0;0,5;0,37;0,4;61,73;61,73;5,33;17;177;24/nov/25
1702790;DET PO GIRANDO SOL ROSA SH 4K;2;6;5;4;3,6;0;0;0,4;0,33;77,14;77,14;2,4;17;177;24/nov/25
1702790;DET PO GIRANDO SOL ROSA SH 4K;3;6;5;5;6;2;1,2;0,6;0,84;50;66,67;2,4;17;177;24/nov/25
1702790;DET PO GIRANDO SOL ROSA SH 4K;12;6;5;4;3,8;0;0,8;1,6;1,26;21,11;21,11;2,4;17;177;24/nov/25
1702790;DET PO GIRANDO SOL ROSA SH 4K;17;6;5;4;3,8;0;1,2;1;1,35;19,66;19,66;4,8;17;177;24/nov/25
1702783;DET PO GIRANDO SOL ROSA SH 800G;6;6;25;2;1,92;0;1,12;0,6;1,05;12,86;12,86;3,2;17;177;24/nov/25
1702783;DET PO GIRANDO SOL ROSA SH 800G;17;6;25;4;3,76;0;0,72;1,28;0,9;29,38;29,38;6,4;17;177;24/nov/25
1002235;DET PO GOTA  LIMPA HARMONIA 1,6KG;2;6;12;1,25;0,83;1;0,75;0,5;0,6;9,68;21,29;1;17;177;24/nov/25
1002235;DET PO GOTA  LIMPA HARMONIA 1,6KG;3;6;12;2,5;3;1;1,33;1,58;1,48;14,21;18,95;1;17;177;24/nov/25
1002235;DET PO GOTA  LIMPA HARMONIA 1,6KG;7;6;12;0,83;0,75;1;0,5;1;0,53;10;23,33;2;17;177;24/nov/25
1002235;DET PO GOTA  LIMPA HARMONIA 1,6KG;8;6;12;1,25;4,17;1;0,42;0,92;0,62;46,88;58,13;1;17;177;24/nov/25
1002235;DET PO GOTA  LIMPA HARMONIA 1,6KG;17;6;12;1,67;2,58;0;0,08;0,42;0,37;48,95;48,95;2;17;177;24/nov/25
1002234;DET PO GOTA LIMPA EQUILIBIO 1,6KG;2;6;12;1,67;1,17;1;0,67;0,33;0,39;21;39;1;17;177;24/nov/25
1002234;DET PO GOTA LIMPA EQUILIBIO 1,6KG;5;6;12;1,25;0,92;0;0,67;0,67;0,31;20,63;20,63;1;17;177;24/nov/25
1002234;DET PO GOTA LIMPA EQUILIBIO 1,6KG;8;6;12;1,25;1;1;0,92;0,17;0,39;18;36;1;17;177;24/nov/25
1002234;DET PO GOTA LIMPA EQUILIBIO 1,6KG;13;6;12;1,67;1,17;0;1,25;0,83;0,68;12;12;1;17;177;24/nov/25
1002236;DET PO GOTA LIMPA EQUILIBRIO 4KG;2;6;5;6;5,4;0;1;0,4;0,61;62,31;62,31;3;17;177;24/nov/25
1002236;DET PO GOTA LIMPA EQUILIBRIO 4KG;5;6;5;2;1,4;2;1,2;0,8;1,03;9,55;23,18;3;17;177;24/nov/25
1002231;DET PO GOTA LIMPA EQUILIBRIO 800G;1;6;20;1,7;0,95;2;1,25;0,3;0,57;11,63;36,12;0;17;177;24/nov/25
1002231;DET PO GOTA LIMPA EQUILIBRIO 800G;2;6;20;2,5;2;0;1,25;0,75;0,93;15;15;4;17;177;24/nov/25
1002231;DET PO GOTA LIMPA EQUILIBRIO 800G;4;6;20;1,5;0,65;2;1,15;0,8;1,25;3,64;14,86;4;17;177;24/nov/25
1002231;DET PO GOTA LIMPA EQUILIBRIO 800G;5;6;20;2;1,05;2;1,85;0,6;0,98;7,5;21,79;2;17;177;24/nov/25
1002231;DET PO GOTA LIMPA EQUILIBRIO 800G;14;6;20;1,5;1,15;0;1,15;0,1;0,37;21,56;21,56;4;17;177;24/nov/25
1002231;DET PO GOTA LIMPA EQUILIBRIO 800G;18;6;20;3;2,35;2;1,45;0,9;1,62;10,14;18,78;4;17;177;24/nov/25
1002237;DET PO GOTA LIMPA HARMONIA 4KG;1;6;5;3;2,4;0;1;1,8;1,17;14,4;14,4;0;17;177;24/nov/25
1002237;DET PO GOTA LIMPA HARMONIA 4KG;3;6;5;6;7,4;2;1,2;3;2,05;25,23;32,05;9;17;177;24/nov/25
1002237;DET PO GOTA LIMPA HARMONIA 4KG;12;6;5;2;1,4;0;0,8;0;0,56;17,5;17,5;3;17;177;24/nov/25
1002237;DET PO GOTA LIMPA HARMONIA 4KG;13;6;5;2;1,6;0;0,8;0;0,65;17,14;17,14;3;17;177;24/nov/25
1002233;DET PO GOTA LIMPA HARMONIA 800G;2;6;20;3;1,85;4;3;1,8;2,28;5,69;18;4;17;177;24/nov/25
1002233;DET PO GOTA LIMPA HARMONIA 800G;7;6;20;2;2,05;0;2,25;1,4;1,14;12,55;12,55;4;17;177;24/nov/25
1002233;DET PO GOTA LIMPA HARMONIA 800G;13;6;20;2;1,6;0;1,7;1;1,13;9,9;9,9;2;17;177;24/nov/25
1002233;DET PO GOTA LIMPA HARMONIA 800G;17;6;20;2;1,9;0;0,3;0,65;0,4;33,53;33,53;4;17;177;24/nov/25
1702252;DET PO OMO LAVAG.PERFEITA 2.2K;2;6;9;8,89;3,44;0;0,78;0,11;0,21;116,25;116,25;1;17;177;24/nov/25
1702252;DET PO OMO LAVAG.PERFEITA 2.2K;3;6;9;11,11;11,89;1;1;0,11;0,26;321;348;0,67;17;177;24/nov/25
1702252;DET PO OMO LAVAG.PERFEITA 2.2K;5;6;9;2,22;1,56;0;0,33;0,11;0,1;105;105;1;17;177;24/nov/25
1702252;DET PO OMO LAVAG.PERFEITA 2.2K;11;6;9;3,33;2,11;0;0,22;0,67;0,21;71,25;71,25;1;17;177;24/nov/25
1702252;DET PO OMO LAVAG.PERFEITA 2.2K;18;6;9;8,89;2,11;8;1,11;0,78;0,44;33,53;160,59;1;17;177;24/nov/25
1702134;DET PO OMO LAVAGEM PERFEITA 800G;2;6;20;12;11,05;0;0,8;0,8;0,76;102;102;0,8;17;177;24/nov/25
1702134;DET PO OMO LAVAGEM PERFEITA 800G;6;6;20;3;2,9;0;0,45;0,5;0,58;34,8;34,8;0,8;17;177;24/nov/25
1702134;DET PO OMO LAVAGEM PERFEITA 800G;14;6;20;0,8;0,75;1;0,6;0,65;0,58;9;21;0,8;17;177;24/nov/25
1702993;DET PO SURF FLOR DE LIS 1.6K;2;6;7;1,71;1,29;1;1,14;0,57;0,4;22,5;40;2,86;17;177;24/nov/25
1702993;DET PO SURF FLOR DE LIS 1.6K;11;6;7;1,43;1;1;1,14;0;0,27;26,25;52,5;4,29;17;177;24/nov/25
1702993;DET PO SURF FLOR DE LIS 1.6K;13;6;7;2,86;1,86;0;2;0,14;0,5;26;26;1,43;17;177;24/nov/25
1702993;DET PO SURF FLOR DE LIS 1.6K;18;6;7;1,71;1,57;0;0,57;0,29;0,2;55;55;2,86;17;177;24/nov/25
1702989;DET PO SURF FLOR DE LIS 800G;7;6;16;2,5;1,88;0;1;0,19;0,29;45;45;5;17;177;24/nov/25
1702989;DET PO SURF FLOR DE LIS 800G;17;6;16;1,88;1,81;0;0,38;0,56;0,5;25,59;25,59;5;17;177;24/nov/25
1702990;DET PO SURF LAVANDA 800G;2;6;16;1,88;0,69;2;1,69;0,63;0,99;4,85;18,97;2,5;17;177;24/nov/25
1702990;DET PO SURF LAVANDA 800G;3;6;16;3,13;4,38;2;1,31;0,31;0,42;72,41;105,52;5;17;177;24/nov/25
1702990;DET PO SURF LAVANDA 800G;5;6;16;1,88;1,75;0;0,44;0,38;0,19;64,62;64,62;2,5;17;177;24/nov/25
1702990;DET PO SURF LAVANDA 800G;7;6;16;1,88;1,69;0;1,31;0;0,31;38,57;38,57;2,5;17;177;24/nov/25
1702990;DET PO SURF LAVANDA 800G;11;6;16;2,5;2,13;0;0,88;0;0,22;68;68;5;17;177;24/nov/25
1702990;DET PO SURF LAVANDA 800G;13;6;16;1,56;1,5;0;0,5;0,31;1,11;9,47;9,47;2,5;17;177;24/nov/25
1702992;DET PO SURF LIMAO BICARBONATO 800G;5;6;16;1,25;1;0;0,63;0,31;0,22;32;32;2,5;17;177;24/nov/25
1702992;DET PO SURF LIMAO BICARBONATO 800G;7;6;16;1,88;1,63;0;1,13;0,56;0,39;28,89;28,89;2,5;17;177;24/nov/25
1702992;DET PO SURF LIMAO BICARBONATO 800G;8;6;16;1,88;1,69;0;0,44;0,19;0,15;81;81;2,5;17;177;24/nov/25
1702992;DET PO SURF LIMAO BICARBONATO 800G;11;6;16;2,5;2,25;0;0,69;0,06;0,18;90;90;5;17;177;24/nov/25
1702992;DET PO SURF LIMAO BICARBONATO 800G;17;6;16;3,13;2,38;0;0,94;0,63;0,38;43,85;43,85;5;17;177;24/nov/25
1004873;DET PO TIXAN CONC MACIEZ 1,6KG;3;6;9;4,44;5,33;1;0,56;0,11;0,16;240;285;1,33;17;177;24/nov/25
1004873;DET PO TIXAN CONC MACIEZ 1,6KG;12;6;9;1;0,67;1;0,89;1,33;0,52;9;22,5;0;17;177;24/nov/25
1004873;DET PO TIXAN CONC MACIEZ 1,6KG;18;6;9;4,44;3;1;1,11;0,89;0,47;45;60;0;17;177;24/nov/25
1702949;DET PO TIXAN YPE MACIEZ CT 400G;13;6;28;0,71;0,68;0;0,14;0,18;0,24;19,66;19,66;0,57;17;177;24/nov/25
1702950;DET PO TIXAN YPE PRIMAVERA CT 400G;7;6;28;1,07;1;0;0,18;0,11;0,41;17,14;17,14;2,14;17;177;24/nov/25
1702950;DET PO TIXAN YPE PRIMAVERA CT 400G;13;6;28;1;0,82;0;0,18;0;0,16;36,32;36,32;0;17;177;24/nov/25
1702952;DET PO TIXAN YPE PRIMAVERA CT 800G;3;6;24;2,5;3,21;1;1,13;0,92;0,86;26,25;34,43;0,83;17;177;24/nov/25
1702952;DET PO TIXAN YPE PRIMAVERA CT 800G;7;6;24;1,25;1,38;0;0,83;0,67;0,67;14,35;14,35;0,83;17;177;24/nov/25
1017184;DET PO TIXAN YPE PRIMAVERA PROMO SH 800G;2;6;20;1,5;1,1;1;0,8;0,65;0,91;8,46;16,15;4;17;177;24/nov/25
1017184;DET PO TIXAN YPE PRIMAVERA PROMO SH 800G;3;6;20;2;2,7;1;1;1,05;1,03;18,41;25,23;16;17;177;24/nov/25
1017184;DET PO TIXAN YPE PRIMAVERA PROMO SH 800G;13;6;20;1,5;1,3;0;0,8;1,15;0,92;9,87;9,87;2;17;177;24/nov/25
1017184;DET PO TIXAN YPE PRIMAVERA PROMO SH 800G;17;6;20;2;1,4;0;0,6;0,85;0,6;16,47;16,47;12;17;177;24/nov/25
1023012;DETERGENTE ZAVASKI CLORADO 1L;12;6;12;1,67;1,42;0;0,08;0,67;0,33;30;30;0,5;17;177;24/nov/25
1023012;DETERGENTE ZAVASKI CLORADO 1L;17;6;12;1;0,5;2;0,58;0,42;0,33;10,59;52,94;1,5;17;177;24/nov/25
113937;SABAO BARRA YPE COCO PE 160G;17;6;60;0,8;0,77;0;0,2;0,23;0,34;15,68;15,68;0,57;17;177;24/nov/25
9000038;SABAO GIRANDO SOL GLIC 200G;2;6;50;1;0,38;1;0,42;0,44;0,55;4,87;17,69;1,36;17;177;24/nov/25
9000038;SABAO GIRANDO SOL GLIC 200G;3;6;50;2;0,32;1;0,68;0,58;0,54;4,17;17,22;2,72;17;177;24/nov/25
9000038;SABAO GIRANDO SOL GLIC 200G;6;6;50;0,5;0,46;0;0,2;0,16;0,22;14,68;14,68;1,36;17;177;24/nov/25
9000038;SABAO GIRANDO SOL GLIC 200G;13;6;50;0,5;0,26;1;0,38;0,74;0,43;4,19;20,32;1,36;17;177;24/nov/25
9000038;SABAO GIRANDO SOL GLIC 200G;14;6;50;0,5;1,02;2;0,24;0,44;0,34;21,25;62,92;0;17;177;24/nov/25
1022044;SABAO GIRANDO SOL GLIC FRESH 180G;7;6;50;0,36;1,14;0;0,32;0,4;0,33;24,08;24,08;0,68;17;177;24/nov/25
1023443;SABAO GIRANDO SOL GLIC NEUTRO C/5;17;6;10;2;1,8;0;0,7;0,5;0,47;27;27;2;17;177;24/nov/25
109529;SABAO GIRANDO SOL GLICERINA C/5;14;6;10;0,8;3,6;2;0,1;0,2;0,09;270;420;0;17;177;24/nov/25
1702919;SABAO YPE ALOE VERA C/5 160G;3;6;12;3;2,67;1;1,17;2;1,36;13,71;18,86;3,33;17;177;24/nov/25
1702919;SABAO YPE ALOE VERA C/5 160G;13;6;12;2;1;2;1,08;1;0,99;7,06;21,18;5;17;177;24/nov/25
1702919;SABAO YPE ALOE VERA C/5 160G;14;6;12;1;2,08;3;0,08;0,42;0,14;107,14;261,43;0;17;177;24/nov/25
1702917;SABAO YPE ALOE VERA PE 160G;18;6;60;1;0,92;0;0,17;0,2;0,26;24,63;24,63;1,13;17;177;24/nov/25
114199;SABAO YPE COCO TQ AVEIA PE C/5 160G;14;6;12;0,67;2,75;3;0,25;0,25;0,21;90;188,18;0;17;177;24/nov/25
1702946;SABAO YPE FRESH C/5 160G;2;6;12;1,67;1,5;0;0,17;0,25;0,35;30;30;0;17;177;24/nov/25
1702946;SABAO YPE FRESH C/5 160G;11;6;12;1;0,92;1;0,75;0,5;0,89;7,17;15;1,67;17;177;24/nov/25
1702946;SABAO YPE FRESH C/5 160G;14;6;12;0,67;2,5;2;0,08;0,08;0,16;112,5;202,5;0;17;177;24/nov/25
1702923;SABAO YPE MULTIATIVO C/5 160G;14;6;12;0,67;1,17;2;0,17;0,25;0,33;24,71;67,06;0;17;177;24/nov/25
1702922;SABAO YPE NEUTRO C/5 160G;8;6;12;1,5;1,42;0;0,5;0,08;0,14;72,86;72,86;3,33;17;177;24/nov/25
1702922;SABAO YPE NEUTRO C/5 160G;14;6;12;1;1,33;3;0,33;0,75;0,62;15;48,75;0;17;177;24/nov/25
1702918;SABAO YPE NEUTRO PE160G;12;6;60;1,33;1,17;1;0,98;0,65;0,89;9,17;17,03;1,13;17;177;24/nov/25
1702918;SABAO YPE NEUTRO PE160G;17;6;60;1;1,47;0;0,47;0;0,18;57,39;57,39;0,57;17;177;24/nov/25
9945715;SABAO ZAVASKI COCO 200G;5;6;50;0,48;0,44;0;0,1;0,16;0,08;36,67;36,67;1,36;17;177;24/nov/25
9945692;SABAO ZAVASKI CONVENC C/5 200G;6;6;10;1;0,7;1;0,4;0,1;0,23;21;51;0;17;177;24/nov/25
9945692;SABAO ZAVASKI CONVENC C/5 200G;12;6;10;1,2;1,1;0;0,5;0,7;0,61;12,69;12,69;2;17;177;24/nov/25
9945692;SABAO ZAVASKI CONVENC C/5 200G;14;6;10;0,8;1,8;2;0,3;0;0,09;135;285;0;17;177;24/nov/25
9945692;SABAO ZAVASKI CONVENC C/5 200G;18;6;10;1,2;0,8;1;0,5;0;0,28;20;45;2;17;177;24/nov/25
1019329;SABAO ZAVASKI GLICERINADO 200G;3;6;50;0,96;0,72;1;0,36;0,56;0,45;11,25;26,88;1,36;17;177;24/nov/25
1019329;SABAO ZAVASKI GLICERINADO 200G;6;6;50;0,72;0,62;0;0,36;0,42;0,27;16,03;16,03;1,36;17;177;24/nov/25
1019329;SABAO ZAVASKI GLICERINADO 200G;11;6;50;0,72;0,6;0;0,38;0,34;0,4;10,47;10,47;1,36;17;177;24/nov/25
9945722;SABAO ZAVASKI GLICERINADO C/5 200G;14;6;10;0,8;0,6;0;0,3;0,2;0,19;22,5;22,5;0;17;177;24/nov/25
9945722;SABAO ZAVASKI GLICERINADO C/5 200G;14;6;10;0,8;0,6;0;0,3;0,2;0,19;22,5;22,5;0;17;177;24/nov/25
1019330;SABAO ZAVASKI GLICERINADO LIMAO 200G;5;6;50;1;0,88;0;0,22;0,16;0,26;24;24;0;17;177;24/nov/25
1005032;ESC LIMPAMANIA MULTIUSO CLIP;3;6;12;2;1,83;1;1;1,5;0,76;16,92;26,15;0;17;178;24/nov/25
1005032;ESC LIMPAMANIA MULTIUSO CLIP;6;6;12;1;0,83;1;1,08;0,08;0,27;21,43;47,14;0;17;178;24/nov/25
9963979;ESFREGAO ACO GOTA LIMPA;13;6;36;0,83;0,72;1;0,86;0,44;0,3;16,6;39,57;0;17;178;24/nov/25
1701489;ESFREGAO ACO SANINOX C/2;2;6;12;3;2,92;1;1,08;0,08;0,39;52,5;70,5;0;17;178;24/nov/25
1701489;ESFREGAO ACO SANINOX C/2;3;6;12;3;2,17;2;2,08;2,5;1,36;11,14;21,43;0;17;178;24/nov/25
1701489;ESFREGAO ACO SANINOX C/2;5;6;12;2;1,83;1;0,75;0,42;0,49;26,4;40,8;0;17;178;24/nov/25
1701489;ESFREGAO ACO SANINOX C/2;11;6;12;2,5;1,67;2;2,33;1,83;2,35;4,96;10,91;0;17;178;24/nov/25
9000;ESPONJA ACO ASSOLAN C/08;2;6;20;12;9,45;4;5,65;5,65;5,43;12,19;17,35;0;17;178;24/nov/25
9000;ESPONJA ACO ASSOLAN C/08;3;6;20;15;9,65;6;6,4;5,95;7,67;8,81;14,29;0;17;178;24/nov/25
9000;ESPONJA ACO ASSOLAN C/08;6;6;20;6;1,55;4;5,55;4;4,18;2,6;9,3;0;17;178;24/nov/25
9000;ESPONJA ACO ASSOLAN C/08;11;6;20;9;4,3;2;5;5,85;5,01;6,01;8,81;0;17;178;24/nov/25
9000;ESPONJA ACO ASSOLAN C/08;12;6;20;8;4,6;1;4,5;7,1;6,24;5,16;6,28;0;17;178;24/nov/25
9000;ESPONJA ACO ASSOLAN C/08;14;6;20;4,5;6,6;5;1,85;0,65;1,56;29,55;51,94;0;17;178;24/nov/25
9000;ESPONJA ACO ASSOLAN C/08;17;6;20;12;11,8;1;2,15;5,9;4,31;19,19;20,81;0;17;178;24/nov/25
93242;ESPONJA ACO DIVINOX 10G;4;6;50;0,6;0,52;1;0,44;0,06;0,35;10,54;30,81;0;17;178;24/nov/25
93242;ESPONJA ACO DIVINOX 10G;11;6;50;0,8;0,74;1;0,48;0,56;0,6;8,67;20,39;0;17;178;24/nov/25
93242;ESPONJA ACO DIVINOX 10G;17;6;50;2;0,48;3;1,6;1,18;0,81;4,14;30;0;17;178;24/nov/25
1702475;ESPONJA YPE SINTETICA MULTIUSO C/3;6;6;10;2;1,5;1;1;0,5;0,58;18;30;0;17;178;24/nov/25
1702475;ESPONJA YPE SINTETICA MULTIUSO C/3;11;6;10;4;1,9;3;3,1;1,4;3,24;4,1;10,58;0;17;178;24/nov/25
1702475;ESPONJA YPE SINTETICA MULTIUSO C/3;12;6;10;3;2;2;1,4;1,4;1,61;8,7;17,39;0;17;178;24/nov/25
1702475;ESPONJA YPE SINTETICA MULTIUSO C/3;17;7;10;9,6;8,9;2;2;0;0,47;133,5;163,5;0;17;178;24/nov/25
1702475;ESPONJA YPE SINTETICA MULTIUSO C/3;18;7;10;4;3,7;1;1,2;2,4;2,33;11,1;14,1;0;17;178;24/nov/25
41058;LUVA CONFORT LATEX M AMARELA;4;6;12;1;0,67;1;0,33;0;0,08;60;150;0;17;178;24/nov/25
41058;LUVA CONFORT LATEX M AMARELA;8;6;12;0,67;0,42;1;0,58;0,5;0,41;7,14;24,29;0;17;178;24/nov/25
1018739;LUVA DANNY SILVER GRIP AZUL P;4;6;12;1;0,67;1;0,75;0,33;0,33;14,12;35,29;0;17;178;24/nov/25
1018733;LUVA DANNY SILVER GRIP AZUL XG;12;6;12;0,83;-0,17;0,17;0;0,17;0,08;-15;0;0;17;178;24/nov/25
1018733;LUVA DANNY SILVER GRIP AZUL XG;17;7;12;1;0,33;2;0;0,83;0,47;5;35;0;17;178;24/nov/25
1018733;LUVA DANNY SILVER GRIP AZUL XG;18;7;12;1;0;2;0,08;0;0,06;0;240;0;17;178;24/nov/25
1702303;LUVA VABENE MULT FLEX AMARELA M;3;6;144;1;0;0,5;0;0;0;;;0;17;178;24/nov/25
1702303;LUVA VABENE MULT FLEX AMARELA M;17;6;144;1;0;0,5;0;0;0;;;0;17;178;24/nov/25
1004467;SACO LIXO ALMOF CASAFORT 100L C/5UN;14;6;50;0,3;0,16;1;0,12;0,1;0,13;8,57;62,14;0;17;178;24/nov/25
1702461;SACO LIXO PRO LIXO ROLAO 100L C/25;13;6;12;1,5;1;1;0,5;0,33;0,41;17,14;34,29;0;17;178;24/nov/25
1702461;SACO LIXO PRO LIXO ROLAO 100L C/25;14;6;12;0,83;0,67;1;0,25;0,83;0,31;15;37,5;0;17;178;24/nov/25
1702461;SACO LIXO PRO LIXO ROLAO 100L C/25;17;6;12;1,5;1,25;1;0,42;0,58;0,43;20,45;36,82;0;17;178;24/nov/25
1702462;SACO LIXO PRO LIXO ROLAO 150L C/10;13;6;12;1,5;1,25;1;0,33;0,42;0,53;16,67;30;0;17;178;24/nov/25
1702458;SACO LIXO PRO LIXO ROLAO 15L C/100;4;6;12;1;0,75;1;0,33;0,25;0,31;16,88;39,38;0;17;178;24/nov/25
1702458;SACO LIXO PRO LIXO ROLAO 15L C/100;18;6;12;1,5;1,33;1;0,17;0,33;0,25;36,92;64,62;0;17;178;24/nov/25
1702460;SACO LIXO PRO LIXO ROLAO 50L C/50;17;6;12;2;1,58;1;0,75;2,08;1,03;10,75;17,55;0;17;178;24/nov/25
1702454;SACO LIXO PRO LIXO ROLINHO 15L C/20;17;6;25;1;0,24;2;0,6;0;0,67;2,5;23,33;0;17;178;24/nov/25
1702455;SACO LIXO PRO LIXO ROLINHO 30L C/10;11;6;25;1;0,88;1;0,32;0,56;0,47;13,2;28,2;0;17;178;24/nov/25
1702456;SACO LIXO PRO LIXO ROLINHO 50L C/10;3;6;25;1,6;1,44;1;1,48;1,72;1,67;6,03;10,22;0;17;178;24/nov/25
1702456;SACO LIXO PRO LIXO ROLINHO 50L C/10;8;6;25;1;0,8;1;0,36;0,24;0,35;16,22;36,49;0;17;178;24/nov/25
1021163;SACO LIXO ROL CASAFORT AZ 100L C/10;3;6;25;0,8;0,6;1;0,24;0,68;0,46;9,18;24,49;0;17;178;24/nov/25
1021163;SACO LIXO ROL CASAFORT AZ 100L C/10;4;6;25;0,4;0,28;1;0,16;0,16;0,23;8,4;38,4;0;17;178;24/nov/25
1021163;SACO LIXO ROL CASAFORT AZ 100L C/10;17;6;25;0,8;0;2;0,8;0,16;0,52;0;26,79;0;17;178;24/nov/25
1021161;SACO LIXO ROL CASAFORT AZ 30L C/20;3;6;25;1;0,92;1;0,48;0,32;0,38;16,83;35,12;0;17;178;24/nov/25
1021161;SACO LIXO ROL CASAFORT AZ 30L C/20;17;6;25;1;0,56;1;0,32;0;0,17;23,33;65;0;17;178;24/nov/25
1021767;SACO LIXO ROL CASAFORT PT 100L C/10;3;6;25;1;0,84;1;0,4;0,52;0,46;12,86;28,16;0;17;178;24/nov/25
1004883;SACO LIXO ROL DOBRASIL AZ 50L C/20;2;7;25;0,8;0,64;1;0,2;0,16;0,13;34,29;87,86;0;17;178;24/nov/25
1004883;SACO LIXO ROL DOBRASIL AZ 50L C/20;3;6;25;1;0,84;1;0,28;0,72;0,36;16,15;35,38;0;17;178;24/nov/25
1004883;SACO LIXO ROL DOBRASIL AZ 50L C/20;17;6;25;1;0,44;2;0,64;0,88;0,6;5,16;28,59;0;17;178;24/nov/25
4040;VASSOURA BETTANIN NOVICA R.1672;17;6;15;2,4;1,2;2;1,47;2,73;1,54;5,45;14,55;0;17;178;24/nov/25
2911;VASSOURA CONDOR V-35 ESMERALDA;6;6;15;1,6;1,53;1;0,2;0,07;0,14;76,67;126,67;0;17;178;24/nov/25
1701616;ESPIRAL PIRISA C/10;2;6;60;6,67;6,53;0;0,62;0,35;0,36;127,83;127,83;0,13;17;179;24/nov/25
1701616;ESPIRAL PIRISA C/10;17;6;60;10;8,08;0;1,75;1,08;1;56,4;56,4;0;17;179;24/nov/25
1701591;INSET MAT INSET MULT EUC AERO 360ML;3;6;12;3;0,17;4;0,08;0,58;0,31;3,75;93,75;1,67;17;179;24/nov/25
1701591;INSET MAT INSET MULT EUC AERO 360ML;14;6;12;3;2,67;0;0,25;0,08;0,18;106,67;106,67;0,83;17;179;24/nov/25
1701591;INSET MAT INSET MULT EUC AERO 360ML;17;6;12;2;1,5;1;0,5;1,17;0,86;12,27;20,45;0;17;179;24/nov/25
8100444;INSET MAT INSET S/CHEIRO 360ML;3;6;12;6;5,67;1;0,67;0,5;0,41;97,14;114,29;3,33;17;179;24/nov/25
8100444;INSET MAT INSET S/CHEIRO 360ML;4;6;12;2;1,67;0;0,33;0;0,08;150;150;0;17;179;24/nov/25
1023411;INSET PROINSET MATA BARATAS 350ML;2;6;12;2;1,67;0;0;0;0,02;600;600;1,67;17;179;24/nov/25
1023411;INSET PROINSET MATA BARATAS 350ML;3;6;12;2;-0,83;2;0,08;0,33;0,27;-21,43;30;0,83;17;179;24/nov/25
1023411;INSET PROINSET MATA BARATAS 350ML;4;6;12;1;-0,42;2;0;0,33;0,14;-21,43;81,43;0;17;179;24/nov/25
1023411;INSET PROINSET MATA BARATAS 350ML;6;6;12;1;0;2;0;0;0;;;1,67;17;179;24/nov/25
1023411;INSET PROINSET MATA BARATAS 350ML;7;6;12;1;0;2;0;0;0;;;1,67;17;179;24/nov/25
1023411;INSET PROINSET MATA BARATAS 350ML;11;6;12;1;0;2;0;0;0;;;0,83;17;179;24/nov/25
1023411;INSET PROINSET MATA BARATAS 350ML;12;6;12;1;1,67;0;0,67;0,42;0,54;21,43;21,43;0,83;17;179;24/nov/25
1023415;INSET PROINSET MATA CUPIM 350ML;2;6;12;1;0,5;1;0,17;0,17;0,12;30;90;1,67;17;179;24/nov/25
1023415;INSET PROINSET MATA CUPIM 350ML;3;6;12;2;-0,25;1;0,08;0,17;0,1;-18;54;1,67;17;179;24/nov/25
1023415;INSET PROINSET MATA CUPIM 350ML;4;6;12;1;-0,25;2;0,08;0,08;0,06;-30;210;0;17;179;24/nov/25
1023415;INSET PROINSET MATA CUPIM 350ML;8;6;12;1;0;2;0,08;0;0,06;0;240;0,83;17;179;24/nov/25
1023415;INSET PROINSET MATA CUPIM 350ML;11;6;12;1;0;1;0;0;0;;;0,83;17;179;24/nov/25
1023415;INSET PROINSET MATA CUPIM 350ML;12;6;12;1;-0,17;1;0;0,08;0,12;-10;50;0,83;17;179;24/nov/25
1023415;INSET PROINSET MATA CUPIM 350ML;14;6;12;1;1;2;0;0;0;;;0,83;17;179;24/nov/25
1023415;INSET PROINSET MATA CUPIM 350ML;17;6;12;1;0,92;0;0,08;0;0,08;82,5;82,5;0;17;179;24/nov/25
1023416;INSET PROINSET MULTI 450ML;3;6;12;5;-2;3;0,08;1;1,05;-13,33;6,67;1,67;17;179;24/nov/25
1023416;INSET PROINSET MULTI 450ML;4;6;12;2;-0,17;3;0;0;0,23;-5;85;0;17;179;24/nov/25
1023416;INSET PROINSET MULTI 450ML;5;6;12;3;2,83;0;0,17;0;0,04;510;510;1,67;17;179;24/nov/25
1023416;INSET PROINSET MULTI 450ML;7;6;12;3;2,5;0;0,33;0,92;0,53;33,33;33,33;1,67;17;179;24/nov/25
1023416;INSET PROINSET MULTI 450ML;8;6;12;3;2,25;2;0,33;0,42;0,19;81;153;1,67;17;179;24/nov/25
1023416;INSET PROINSET MULTI 450ML;12;6;12;4;13,08;0;1,67;0,17;1,09;84,11;84,11;1,67;17;179;24/nov/25
1023416;INSET PROINSET MULTI 450ML;18;6;12;6;-3;5;0,92;2,17;1,5;-14,03;9,35;3,33;17;179;24/nov/25
1023418;INSET PROINSET S/ CHEIRO 450ML;3;6;12;5;-1,42;1;0;0,83;0,8;-12,44;-3,66;1,67;17;179;24/nov/25
1023418;INSET PROINSET S/ CHEIRO 450ML;4;6;12;2;-1;3;0,17;0,42;0,35;-20;40;0;17;179;24/nov/25
1023418;INSET PROINSET S/ CHEIRO 450ML;7;6;12;3;1,25;3;0,25;0,75;0,39;22,5;76,5;1,67;17;179;24/nov/25
1023418;INSET PROINSET S/ CHEIRO 450ML;8;6;12;2;-0,58;3;0,17;0,25;0,25;-16,15;66,92;1,67;17;179;24/nov/25
1023418;INSET PROINSET S/ CHEIRO 450ML;12;6;12;4;13,17;0;1,17;0,25;1,54;60;60;1,67;17;179;24/nov/25
1023418;INSET PROINSET S/ CHEIRO 450ML;14;6;12;4;-0,42;5;0,25;0,17;0,1;-30;330;1,67;17;179;24/nov/25
1023418;INSET PROINSET S/ CHEIRO 450ML;17;6;12;4;3,5;1;8;1,92;3,36;7,28;9,36;0;17;179;24/nov/25
1023418;INSET PROINSET S/ CHEIRO 450ML;18;6;12;4;-1,92;5;0,67;1,17;1,26;-10,62;17,08;3,33;17;179;24/nov/25
1020785;INSET PROINSET SUPER ECONOMICO 750ML;2;6;12;41,33;31,25;0;6,33;6,08;5,46;40,04;40,04;1,67;17;179;24/nov/25
1020785;INSET PROINSET SUPER ECONOMICO 750ML;3;6;12;57;48,92;9;9,17;9,25;6,3;54,35;64,35;1,67;17;179;24/nov/25
1020785;INSET PROINSET SUPER ECONOMICO 750ML;17;6;12;72,67;77,08;0;25,17;35,83;20,71;26,06;26,06;76,67;17;179;24/nov/25
1701168;INSET RAID AERO MATA BARATA/FORM 300ML;4;6;12;2;1,58;1;0,67;0,25;0,25;43,85;71,54;2,67;17;179;24/nov/25
1701168;INSET RAID AERO MATA BARATA/FORM 300ML;5;6;12;4;2,92;0;0,33;0,33;0,25;80,77;80,77;2;17;179;24/nov/25
1701168;INSET RAID AERO MATA BARATA/FORM 300ML;7;6;12;4;1,5;3;0,08;0,42;0,12;90;270;2;17;179;24/nov/25
1701168;INSET RAID AERO MATA BARATA/FORM 300ML;11;6;12;4;1;3;0,25;0,67;0,21;32,73;130,91;1,33;17;179;24/nov/25
1701168;INSET RAID AERO MATA BARATA/FORM 300ML;12;6;12;4;2,75;0;0;0,25;0,1;198;198;2;17;179;24/nov/25
1605969;INSET RAID AERO MULTI EUCALIPTO 420ML;2;6;12;18,33;29,42;0;0,58;0,67;0,58;353;353;4;17;179;24/nov/25
1605969;INSET RAID AERO MULTI EUCALIPTO 420ML;4;6;12;3;2,75;0;1,25;0,17;0,72;26,76;26,76;2;17;179;24/nov/25
1605969;INSET RAID AERO MULTI EUCALIPTO 420ML;8;6;12;4;3,83;0;1,42;0,17;0,58;46;46;2;17;179;24/nov/25
1701786;INSET SBP AERO C/CITRONELA 380ML;3;6;6;14;13,5;1;0,67;0,83;0,43;220,91;237,27;3,33;17;179;24/nov/25
1702829;INSET SBP ELETRICO LIQ CHEIRO SV AP+REF;11;6;12;1;0,92;1;0;0;0;;;0;17;179;24/nov/25
1014926;INSET SBP MULTI ACAO MAGNETICA 360ML;7;6;12;2;1,83;0;0,17;0;0,04;330;330;0;17;179;24/nov/25
1018814;MOLUSC MADELESMA RES UMED LESMAS 250G;2;6;4;3;4,25;3;1,5;0,25;0,82;36,43;62,14;0,75;17;179;24/nov/25
1018814;MOLUSC MADELESMA RES UMED LESMAS 250G;4;6;4;3;1,25;0;0,75;0,25;0,23;37,5;37,5;0,75;17;179;24/nov/25
1018814;MOLUSC MADELESMA RES UMED LESMAS 250G;6;6;4;2,5;2,25;0;0,75;0;0,82;19,29;19,29;0,75;17;179;24/nov/25
1018814;MOLUSC MADELESMA RES UMED LESMAS 250G;17;6;4;3;1,5;0;0,75;0,25;0,47;22,5;22,5;0;17;179;24/nov/25
1019963;RATICIDA RODILON ISCA 25G;11;6;40;0,75;0,68;0;0,13;0;0,09;54;54;1,25;17;179;24/nov/25
1015024;REPELENTE SPRAY MH REPELLERE 105ML;13;6;12;1,5;1,08;0;0,5;0,08;0,27;27,86;27,86;1,33;17;179;24/nov/25
1015024;REPELENTE SPRAY MH REPELLERE 105ML;17;6;12;1,5;0,92;0;1;0,08;0,41;15,71;15,71;0;17;179;24/nov/25
45356;AGUA SANIT GIRANDO SOL 2L;2;6;6;8;6,33;3;5,33;6,33;5,37;8,26;12,17;1,67;17;182;24/nov/25
45356;AGUA SANIT GIRANDO SOL 2L;4;6;6;5,33;4,5;2;2,33;4,33;3,85;8,18;11,82;3,33;17;182;24/nov/25
45356;AGUA SANIT GIRANDO SOL 2L;8;6;6;5,33;6,33;2;2;1,67;1,98;22,35;29,41;3,33;17;182;24/nov/25
45356;AGUA SANIT GIRANDO SOL 2L;12;6;6;8;4,67;4;3,67;1,17;2,61;12,54;23,28;0,83;17;182;24/nov/25
45356;AGUA SANIT GIRANDO SOL 2L;13;6;6;8;4;2;5,17;2;3,77;7,42;11,13;3,33;17;182;24/nov/25
45356;AGUA SANIT GIRANDO SOL 2L;17;6;6;8;7,17;0;1,33;2;2,61;19,25;19,25;5;17;182;24/nov/25
45356;AGUA SANIT GIRANDO SOL 2L;18;6;6;13,33;11,83;2;6,83;4,83;6,96;11,9;13,91;5;17;182;24/nov/25
8000678;AGUA SANIT GOTA LIMPA 1L;2;6;12;8;6,33;3;2,08;2,92;2,99;14,81;21,82;0,58;17;182;24/nov/25
8000678;AGUA SANIT GOTA LIMPA 1L;3;6;12;10;7,58;3;3;5,92;4,61;11,52;16,08;8,75;17;182;24/nov/25
8000678;AGUA SANIT GOTA LIMPA 1L;4;6;12;8;6,58;2;2,75;3,25;4,14;11,13;14,51;7;17;182;24/nov/25
8000678;AGUA SANIT GOTA LIMPA 1L;5;6;12;4,33;4,17;0;0,58;1,58;1,07;27,27;27,27;3,5;17;182;24/nov/25
8000678;AGUA SANIT GOTA LIMPA 1L;6;6;12;8;6,83;3;4,5;4;5;9,57;13,77;3,5;17;182;24/nov/25
8000678;AGUA SANIT GOTA LIMPA 1L;7;6;12;4,33;3,67;2;1,83;2,25;2,22;11,58;17,89;3,5;17;182;24/nov/25
8000678;AGUA SANIT GOTA LIMPA 1L;11;6;12;8;7,17;0;1,5;2,25;1,81;27,74;27,74;3,5;17;182;24/nov/25
8000678;AGUA SANIT GOTA LIMPA 1L;12;6;12;8;7,33;0;1,25;2,17;2,26;22,76;22,76;1,17;17;182;24/nov/25
8000678;AGUA SANIT GOTA LIMPA 1L;17;6;12;10;6,75;0;3,83;4,5;4,04;11,68;11,68;3,5;17;182;24/nov/25
8000678;AGUA SANIT GOTA LIMPA 1L;18;6;12;10;9,83;1;0,58;1,33;1,48;46,58;51,32;3,5;17;182;24/nov/25
1021093;AGUA SANIT IMPERIAL 1L;1;6;12;7;6;0;3,25;4,33;2,8;15;15;0;17;182;24/nov/25
1021093;AGUA SANIT IMPERIAL 1L;2;6;12;12;4,25;9;9,58;11,25;9,2;3,23;10,08;1,5;17;182;24/nov/25
1021093;AGUA SANIT IMPERIAL 1L;3;6;12;41,67;26,17;17;22,08;26,25;24,17;7,58;12,5;7,5;17;182;24/nov/25
1021093;AGUA SANIT IMPERIAL 1L;13;6;12;18,33;8,58;3;8,75;17,08;13,84;4,34;5,86;4;17;182;24/nov/25
1021098;AGUA SANIT IMPERIAL 2L;2;6;6;16;14,17;5;2,83;3,17;4,36;22,77;30,8;1,67;17;182;24/nov/25
1021098;AGUA SANIT IMPERIAL 2L;3;6;6;20;21;7;8,83;9,83;9,72;15,12;20,16;10;17;182;24/nov/25
1021098;AGUA SANIT IMPERIAL 2L;8;6;6;10;8,17;8;6,83;7,33;6,61;8,65;17,12;3,33;17;182;24/nov/25
1021098;AGUA SANIT IMPERIAL 2L;12;6;6;14;10;4;7;12,83;10,19;6,87;9,62;1,67;17;182;24/nov/25
1021098;AGUA SANIT IMPERIAL 2L;13;6;6;12;6,83;2;5,33;11;5,95;8,04;10,39;5;17;182;24/nov/25
1021098;AGUA SANIT IMPERIAL 2L;17;6;6;20;15,17;7;6,17;21,5;11,86;8,95;13,08;3,33;17;182;24/nov/25
1021438;AGUA SANIT IMPERIAL 5L;1;6;4;6;8,75;0;5;6,75;4,9;12,5;12,5;0;17;182;24/nov/25
1021438;AGUA SANIT IMPERIAL 5L;5;6;4;6;4,25;5;4,75;5,25;6,24;4,77;10,37;4,5;17;182;24/nov/25
1021438;AGUA SANIT IMPERIAL 5L;11;6;4;12;10,75;8;9,5;14,75;13,13;5,73;10;2,25;17;182;24/nov/25
1021438;AGUA SANIT IMPERIAL 5L;13;6;4;12;7,25;0;5,5;0;3,79;13,38;13,38;2,25;17;182;24/nov/25
1021438;AGUA SANIT IMPERIAL 5L;14;6;4;7;2,25;8;10;4,75;7,29;2,16;9,84;3,75;17;182;24/nov/25
1021438;AGUA SANIT IMPERIAL 5L;17;6;4;18;13;0;9,75;8,5;8,46;10,76;10,76;2,25;17;182;24/nov/25
1021438;AGUA SANIT IMPERIAL 5L;18;6;4;21;16;5;13;9,75;12,48;8,97;11,78;2,25;17;182;24/nov/25
18526;AGUA SANIT Q-BOA 5L;11;6;3;4;3,33;2;3,33;4;3,81;6,12;9,8;2;17;182;24/nov/25
18526;AGUA SANIT Q-BOA 5L;17;6;3;4;3;4;2,33;9,67;4,43;4,74;11,05;2;17;182;24/nov/25
18526;AGUA SANIT Q-BOA 5L;18;6;3;5,33;4,33;2;2,67;4,33;4,04;7,5;10,96;2;17;182;24/nov/25
11515;AGUA SANIT Q-BOA TRAD 1L;17;6;12;4;2,67;0;2;0;1,61;11,57;11,57;3;17;182;24/nov/25
11765;AGUA SANIT Q-BOA TRAD 2L;2;6;6;6;3,67;3;3,67;2,5;3,54;7,25;13,19;0,83;17;182;24/nov/25
11765;AGUA SANIT Q-BOA TRAD 2L;5;6;6;4;3,17;2;2,17;3,67;2,92;7,6;12,4;6,67;17;182;24/nov/25
11765;AGUA SANIT Q-BOA TRAD 2L;6;6;6;4;3,5;3;3,5;4,33;2,64;9,26;17,21;0,83;17;182;24/nov/25
11765;AGUA SANIT Q-BOA TRAD 2L;12;6;6;8;4,5;4;4,83;1,5;4,55;6,92;13,08;1,67;17;182;24/nov/25
11765;AGUA SANIT Q-BOA TRAD 2L;17;6;6;6;3,5;5;5;0;3,19;7,68;18,66;5;17;182;24/nov/25
1700904;AGUA SANIT YPE 1L;3;6;12;5,33;5,83;2;1,75;1,25;2,16;18,92;25,41;15;17;182;24/nov/25
1700904;AGUA SANIT YPE 1L;5;6;12;2;1,58;1;0,92;0,83;0,99;11,18;18,24;3;17;182;24/nov/25
1700904;AGUA SANIT YPE 1L;6;6;12;3;2;3;2,25;2,08;1,98;7,06;17,65;1;17;182;24/nov/25
1700904;AGUA SANIT YPE 1L;8;6;12;2;3,08;2;1,33;1,17;1,05;20,56;33,89;2;17;182;24/nov/25
1700904;AGUA SANIT YPE 1L;11;6;12;3;2;2;1;2;1,5;9,35;18,7;2;17;182;24/nov/25
1700904;AGUA SANIT YPE 1L;13;6;12;2;1,42;0;1,08;0,5;0,84;11,86;11,86;3;17;182;24/nov/25
1700904;AGUA SANIT YPE 1L;17;6;12;3;2,08;2;1,08;1,42;1,59;9,15;17,93;2;17;182;24/nov/25
123260;AGUA SANIT YPE 2L;2;6;6;4;2,33;3;3;2,33;2,64;6,18;14,12;0,83;17;182;24/nov/25
123260;AGUA SANIT YPE 2L;4;6;6;4;3,17;2;1,83;1,83;1,83;12,13;19,79;3,33;17;182;24/nov/25
123260;AGUA SANIT YPE 2L;5;6;6;3;1,5;3;2,17;1,5;1,75;6;18;5;17;182;24/nov/25
123260;AGUA SANIT YPE 2L;7;6;6;3;1,83;2;2,67;0;0,97;13,2;27,6;5;17;182;24/nov/25
123260;AGUA SANIT YPE 2L;11;6;6;5,33;4,33;2;1,67;2,83;2,18;13,93;20,36;3,33;17;182;24/nov/25
123260;AGUA SANIT YPE 2L;13;6;6;4;2,83;2;2,83;2,33;2,41;8,23;14,03;3,33;17;182;24/nov/25
1604337;AGUA SANIT ZAVASKI 5L;2;6;4;6;5,25;0;1,75;2,5;1,46;25,2;25,2;1,5;17;182;24/nov/25
1604337;AGUA SANIT ZAVASKI 5L;3;6;4;6;7,5;4;3,5;7,25;6,3;8,33;12,78;3;17;182;24/nov/25
1604337;AGUA SANIT ZAVASKI 5L;5;6;4;1,5;1,25;1;0,75;0,25;0,82;10,71;19,29;3;17;182;24/nov/25
1604337;AGUA SANIT ZAVASKI 5L;17;6;4;12;12,5;4;4;7;8,23;10,64;14,04;1,5;17;182;24/nov/25
1604337;AGUA SANIT ZAVASKI 5L;18;6;4;9;7,5;3;6,5;7;6,83;7,69;10,77;1,5;17;182;24/nov/25
1014796;ADITIVO RADIADOR TECBRIL AZUL 1L;3;6;12;1;-0,25;1;0;0,17;0,08;-22,5;67,5;0,58;17;185;24/nov/25
1014796;ADITIVO RADIADOR TECBRIL AZUL 1L;6;6;12;0,83;0,67;1;0,67;0;0,21;21,82;54,55;0,58;17;185;24/nov/25
1014796;ADITIVO RADIADOR TECBRIL AZUL 1L;17;6;12;0,83;0,67;0;0,08;0,17;0,12;40;40;1,17;17;185;24/nov/25
1014796;ADITIVO RADIADOR TECBRIL AZUL 1L;18;6;12;1;0;1;0;0;0,19;0;36;1,75;17;185;24/nov/25
1014798;ADITIVO RADIADOR TECBRIL ROSA1L;2;6;12;1;1,75;1;1,33;0,67;0,76;16,15;25,38;1,17;17;185;24/nov/25
1014798;ADITIVO RADIADOR TECBRIL ROSA1L;4;6;12;0,67;0,08;2;0,08;0;0,12;5;125;1,17;17;185;24/nov/25
1014798;ADITIVO RADIADOR TECBRIL ROSA1L;6;6;12;0,83;-0,33;2;0,5;0,92;0,56;-4,14;20,69;1,17;17;185;24/nov/25
1014798;ADITIVO RADIADOR TECBRIL ROSA1L;7;6;12;0,67;-0,83;2;0;0,42;0,19;-30;42;1,75;17;185;24/nov/25
1014798;ADITIVO RADIADOR TECBRIL ROSA1L;12;6;12;0,83;2,08;0;0,75;0;0,33;44,12;44,12;1,17;17;185;24/nov/25
1014798;ADITIVO RADIADOR TECBRIL ROSA1L;14;6;12;0,67;-0,83;2;0,08;0,25;0,21;-27,27;38,18;1,17;17;185;24/nov/25
1701695;AROMAT CENTRALSUL GEL LAVANDA 60G;3;6;12;1;0;2;0;0;0;;;5;17;185;24/nov/25
1701695;AROMAT CENTRALSUL GEL LAVANDA 60G;5;6;12;0,5;0,83;1;0;0;0;;;0;17;185;24/nov/25
1701695;AROMAT CENTRALSUL GEL LAVANDA 60G;17;6;12;0,5;-0,25;2;0,08;0,08;0,1;-18;126;2,5;17;185;24/nov/25
1701695;AROMAT CENTRALSUL GEL LAVANDA 60G;18;6;12;1;0,5;1;0;0;0;;;0;17;185;24/nov/25
1701126;AROMAT CENTRALSUL GEL MARINE;2;6;12;1;0,75;0;0,08;0;0,04;135;135;2,5;17;185;24/nov/25
1701126;AROMAT CENTRALSUL GEL MARINE;3;6;12;1,5;0;2;0;0;0;;;5;17;185;24/nov/25
1701126;AROMAT CENTRALSUL GEL MARINE;4;6;12;1;-0,08;2;0;0,08;0,02;-30;690;0;17;185;24/nov/25
1701126;AROMAT CENTRALSUL GEL MARINE;6;6;12;0,67;-0,08;2;0,08;0;0,02;-30;690;5;17;185;24/nov/25
1701126;AROMAT CENTRALSUL GEL MARINE;13;6;12;1;0,67;1;0;0;0;;;5;17;185;24/nov/25
1701126;AROMAT CENTRALSUL GEL MARINE;17;6;12;0,83;0,58;0;0;0,17;0,1;42;42;5;17;185;24/nov/25
1701126;AROMAT CENTRALSUL GEL MARINE;18;6;12;1;0,5;1;0;0;0;;;2,5;17;185;24/nov/25
1701127;AROMAT CENTRALSUL GEL TUTTI FRUTTI;3;6;12;1,5;1;1;0;0;0;;;5;17;185;24/nov/25
1701127;AROMAT CENTRALSUL GEL TUTTI FRUTTI;6;6;12;0,67;0;2;0;0;0,08;0;180;5;17;185;24/nov/25
1701127;AROMAT CENTRALSUL GEL TUTTI FRUTTI;12;6;12;1;0;2;0;0;0;;;0;17;185;24/nov/25
1701127;AROMAT CENTRALSUL GEL TUTTI FRUTTI;17;6;12;0,83;0;2;0;0;0;;;2,5;17;185;24/nov/25
1701127;AROMAT CENTRALSUL GEL TUTTI FRUTTI;18;6;12;1;0,33;2;0;0;0,02;120;840;2,5;17;185;24/nov/25
1701694;AROMAT CENTRALSUL GEL V8 60G;3;6;12;0,67;0;2;0;0;0,06;0;240;5;17;185;24/nov/25
1701694;AROMAT CENTRALSUL GEL V8 60G;12;6;12;0,5;0;1;0;0;0;;;0;17;185;24/nov/25
1701694;AROMAT CENTRALSUL GEL V8 60G;17;6;12;1;0,5;1;0;0,42;0,12;30;90;0;17;185;24/nov/25
1701694;AROMAT CENTRALSUL GEL V8 60G;18;6;12;0,67;0;2;0;0;0;;;1,67;17;185;24/nov/25
76630;CERA CARRO CENTRALSUL EXPRESSA 500ML;3;6;12;1;0,75;1;0,08;0,17;0,14;38,57;90;0,67;17;185;24/nov/25
76630;CERA CARRO CENTRALSUL EXPRESSA 500ML;13;6;12;0,67;0,33;1;0,08;0,08;0,04;60;240;0,67;17;185;24/nov/25
76630;CERA CARRO CENTRALSUL EXPRESSA 500ML;14;6;12;0,67;0;2;0;0;0;;;0,67;17;185;24/nov/25
76630;CERA CARRO CENTRALSUL EXPRESSA 500ML;17;6;12;0,67;-0,25;2;0;0,08;0,1;-18;126;0,67;17;185;24/nov/25
1019210;CERA TECBRIL LIMPADORA 200G;4;6;24;0,5;0;1;0;0;0;;;0;17;185;24/nov/25
1019210;CERA TECBRIL LIMPADORA 200G;7;6;24;0,33;0;1;0;0;0,02;0;360;1,67;17;185;24/nov/25
1017191;GRAFITE CHEMICOLOR 250ML;2;6;12;0,83;0;1;0;0,08;0,04;0;180;1,67;17;185;24/nov/25
1017191;GRAFITE CHEMICOLOR 250ML;3;6;12;1;0,58;1;0,25;0,17;0,14;30;81,43;0,83;17;185;24/nov/25
1017191;GRAFITE CHEMICOLOR 250ML;7;6;12;1;0;1;0;0;0,06;0;120;1,67;17;185;24/nov/25
1017191;GRAFITE CHEMICOLOR 250ML;8;6;12;1;0,67;1;0;0;0,04;120;300;1,67;17;185;24/nov/25
1017191;GRAFITE CHEMICOLOR 250ML;12;1;12;1;0,08;2;0,08;0;0,04;15;375;1,67;17;185;24/nov/25
1610697;LAVA AUTO CENTRALSUL C/CERA 500ML;3;6;12;1;0,83;1;0;0;0;;;1,33;17;185;24/nov/25
1610697;LAVA AUTO CENTRALSUL C/CERA 500ML;12;6;12;1;0;2;0;0;0;;;0,67;17;185;24/nov/25
1610697;LAVA AUTO CENTRALSUL C/CERA 500ML;13;6;12;0,83;0,08;2;0;0;0,06;10;250;0,67;17;185;24/nov/25
1610697;LAVA AUTO CENTRALSUL C/CERA 500ML;17;6;12;1;-0,83;2;0,08;0,42;0,25;-23,08;32,31;0;17;185;24/nov/25
1702940;LAVA AUTO CENTRALSUL C/CERA HOT ROD 500M;2;6;12;0,83;0,42;1;0,08;0,33;0,18;16,67;56,67;0,67;17;185;24/nov/25
1702940;LAVA AUTO CENTRALSUL C/CERA HOT ROD 500M;5;6;12;0,67;0,58;0;0,08;0,08;0,1;42;42;1,33;17;185;24/nov/25
1702940;LAVA AUTO CENTRALSUL C/CERA HOT ROD 500M;13;6;12;0,83;0,17;2;0,25;0,08;0,12;10;130;0,67;17;185;24/nov/25
1702940;LAVA AUTO CENTRALSUL C/CERA HOT ROD 500M;18;6;12;1;0,25;2;0,25;0;0,18;10;90;0;17;185;24/nov/25
1702941;LAVA AUTO CENTRALSUL HOT ROD 500ML;2;6;12;0,83;0,67;1;0;0,08;0,08;60;150;1,33;17;185;24/nov/25
1702941;LAVA AUTO CENTRALSUL HOT ROD 500ML;13;6;12;0,83;0,5;1;0;0;0;;;1,33;17;185;24/nov/25
1702941;LAVA AUTO CENTRALSUL HOT ROD 500ML;18;6;12;1;0,75;1;0,17;0,17;0,1;54;126;1,33;17;185;24/nov/25
76838;LAVA AUTO VIP CAR 500ML;2;6;12;0,83;0,58;1;0,08;0,33;0,12;35;95;1,33;17;185;24/nov/25
1003592;LIMPA PARA-BRISAS MAXXI VISAO SH 100ML;3;6;12;1;0,92;1;0;0;0;;;1,67;17;185;24/nov/25
1003592;LIMPA PARA-BRISAS MAXXI VISAO SH 100ML;12;6;12;0,83;0;2;0;0;0,02;0;720;1,67;17;185;24/nov/25
1003592;LIMPA PARA-BRISAS MAXXI VISAO SH 100ML;17;6;12;1;0;2;0;0;0;;;0,83;17;185;24/nov/25
1003592;LIMPA PARA-BRISAS MAXXI VISAO SH 100ML;18;6;12;0,83;0,58;1;0;0;0,04;105;285;0,83;17;185;24/nov/25
13759;OLEO IPIRANGA 2T MOTO 200ML;2;6;10;1;0,7;1;0,4;0,8;0,77;6,36;15,45;2;17;185;24/nov/25
13759;OLEO IPIRANGA 2T MOTO 200ML;12;6;10;1;0,6;1;0,5;0,7;0,35;12;32;2;17;185;24/nov/25
1701123;OLEO IPIRANGA F1 MASTER 20W50 1L;6;6;24;1,5;1;1;1,71;1,21;0,84;8,37;16,74;2,08;17;185;24/nov/25
1603668;OLEO IPIRANGA F1 MASTER PERF 15W40 1L;2;6;24;1,25;0,79;1;0,88;0,88;0,75;7,4;16,75;1,25;17;185;24/nov/25
1603668;OLEO IPIRANGA F1 MASTER PERF 15W40 1L;3;6;24;1,67;0,92;2;0,88;0,83;0,6;10,65;33,87;2,5;17;185;24/nov/25
1603668;OLEO IPIRANGA F1 MASTER PERF 15W40 1L;7;6;24;1;0,83;1;0,46;0,46;0,55;10,53;23,16;1,25;17;185;24/nov/25
1603668;OLEO IPIRANGA F1 MASTER PERF 15W40 1L;18;6;24;1,5;1,38;0;0,75;0,75;0,61;15,71;15,71;5;17;185;24/nov/25
34883;OLEO IPIRANGA MOTO PROT 20W50 SL;2;6;24;1;0,83;0;0,5;0,25;0,33;17,65;17,65;0,83;17;185;24/nov/25
34883;OLEO IPIRANGA MOTO PROT 20W50 SL;13;6;24;1,25;1,17;0;0,38;1;0,71;11,51;11,51;0,83;17;185;24/nov/25
1702942;PRETEADOR PNEUS CENTRALSUL HOT ROD 500ML;3;6;12;1;0,58;1;0;0,25;0,1;42;114;0;17;185;24/nov/25
1702942;PRETEADOR PNEUS CENTRALSUL HOT ROD 500ML;6;6;12;0,67;-0,08;2;0,08;0,08;0,04;-15;345;1,17;17;185;24/nov/25
1702942;PRETEADOR PNEUS CENTRALSUL HOT ROD 500ML;17;6;12;0,83;-0,17;2;0,08;0;0,06;-20;220;1,75;17;185;24/nov/25
1702942;PRETEADOR PNEUS CENTRALSUL HOT ROD 500ML;18;6;12;1;0;2;0;0;0;;;1,17;17;185;24/nov/25
76821;PRETEADOR PNEUS OURO PRETO 500ML;14;6;12;0,5;-0,33;1;0,33;0;0,1;-24;48;0,58;17;185;24/nov/25
1701554;REVITALIZADOR PAINEL COM UV 300G;3;6;12;1;0,83;1;0;0,08;0,08;75;165;2;17;185;24/nov/25
1701554;REVITALIZADOR PAINEL COM UV 300G;12;6;12;1;0,75;1;0;0,17;0,08;67,5;157,5;2;17;185;24/nov/25
1701554;REVITALIZADOR PAINEL COM UV 300G;17;6;12;1;0,25;2;0,08;0,58;0,31;5,63;50,63;1,33;17;185;24/nov/25
1702449;SILICONE CENTRASUL GERMANY 400ML;12;6;6;1;0,33;2;0;0;0;;;1,67;17;185;24/nov/25
1702449;SILICONE CENTRASUL GERMANY 400ML;17;6;6;1,33;-0,17;2;0,17;1,33;0,66;-1,76;19,41;1,67;17;185;24/nov/25
1701761;SILICONE DESTAQUE AMERICA  AERO 400ML;2;6;6;0,83;0;2;0;0;0;;;0;17;185;24/nov/25
1701761;SILICONE DESTAQUE AMERICA  AERO 400ML;3;6;6;1,33;0;2;0;0;0;;;0;17;185;24/nov/25
1701761;SILICONE DESTAQUE AMERICA  AERO 400ML;12;6;6;1;0;2;0;0;0;;;0;17;185;24/nov/25
1701761;SILICONE DESTAQUE AMERICA  AERO 400ML;18;6;6;1;0;2;0;0;0;;;0;17;185;24/nov/25
1000326;SILICONE DESTAQUE AREA 51;2;6;1;8;5;0;0;1;0,23;150;150;10;17;185;24/nov/25
1000326;SILICONE DESTAQUE AREA 51;3;6;1;8;5;4;0;0;0;;;10;17;185;24/nov/25
1000326;SILICONE DESTAQUE AREA 51;12;6;1;8;-1;9;0;1;0,47;-15;120;10;17;185;24/nov/25
1000326;SILICONE DESTAQUE AREA 51;13;6;1;8;5;0;0;0;0,47;75;75;10;17;185;24/nov/25
1000326;SILICONE DESTAQUE AREA 51;17;6;1;8;-2;9;0;0;0,47;-30;105;10;17;185;24/nov/25
1000326;SILICONE DESTAQUE AREA 51;18;6;1;8;7;2;0;0;0;;;10;17;185;24/nov/25
76692;SILICONE DESTAQUE LAVANDA AERO 400ML;2;6;12;0,83;0,5;1;0,08;0,17;0,1;36;108;0,83;17;185;24/nov/25
76692;SILICONE DESTAQUE LAVANDA AERO 400ML;3;6;12;1;-0,67;2;0,08;0,17;0,18;-26,67;53,33;0,83;17;185;24/nov/25
76692;SILICONE DESTAQUE LAVANDA AERO 400ML;6;6;12;1;0,67;1;0,33;0,08;0,12;40;100;2,5;17;185;24/nov/25
76692;SILICONE DESTAQUE LAVANDA AERO 400ML;13;6;12;0,83;0,58;1;0;0;0;;;0,83;17;185;24/nov/25
76692;SILICONE DESTAQUE LAVANDA AERO 400ML;17;6;12;1;-0,42;2;0;0,08;0,21;-13,64;51,82;0,83;17;185;24/nov/25
76692;SILICONE DESTAQUE LAVANDA AERO 400ML;18;6;12;1;0,58;1;0,17;0;0,04;105;285;0,83;17;185;24/nov/25
1701287;SILICONE DESTAQUE LAVANDA GEL 250G;3;6;12;1,5;-0,33;2;0,17;0,17;0,08;-30;150;1,67;17;185;24/nov/25
1701287;SILICONE DESTAQUE LAVANDA GEL 250G;12;6;12;0,67;0,5;1;0,08;0,08;0,12;30;90;1,67;17;185;24/nov/25
1701287;SILICONE DESTAQUE LAVANDA GEL 250G;14;6;12;0,5;-0,08;1;0;0,08;0,02;-30;330;1,67;17;185;24/nov/25
1701287;SILICONE DESTAQUE LAVANDA GEL 250G;18;6;12;1;0;2;0;0;0,06;0;240;1,67;17;185;24/nov/25
1701286;SILICONE DESTAQUE SPORT GEL 250G;3;6;12;0,83;-0,17;2;0;0,17;0,06;-20;220;1,67;17;185;24/nov/25
1701286;SILICONE DESTAQUE SPORT GEL 250G;6;6;12;0,67;0;2;0;0;0;;;3,33;17;185;24/nov/25
1701288;SILICONE DESTAQUE V8 GEL 250G;3;6;12;1;-0,08;2;0;0;0,06;-10;230;1,67;17;185;24/nov/25
1701288;SILICONE DESTAQUE V8 GEL 250G;6;6;12;0,67;0;2;0;0;0;;;3,33;17;185;24/nov/25
1701288;SILICONE DESTAQUE V8 GEL 250G;12;6;12;1;0;2;0;0;0,02;0;720;1,67;17;185;24/nov/25
1701288;SILICONE DESTAQUE V8 GEL 250G;17;6;12;1;-0,17;2;0;0,17;0,14;-8,57;94,29;1,67;17;185;24/nov/25
1701288;SILICONE DESTAQUE V8 GEL 250G;18;6;12;1;0;2;0;0;0,02;0;720;1,67;17;185;24/nov/25
1701614;SILICONE LAVANDA GT PREMIUM 250NL;2;6;6;1,67;1,5;0;0;0,17;0,08;135;135;3,33;17;185;24/nov/25
1701614;SILICONE LAVANDA GT PREMIUM 250NL;7;6;6;2;0;3;0;0;0;;;0;17;185;24/nov/25
1701614;SILICONE LAVANDA GT PREMIUM 250NL;12;6;6;1,67;0,83;2;0;0;0,19;30;102;1,67;17;185;24/nov/25
1701614;SILICONE LAVANDA GT PREMIUM 250NL;13;6;6;1,67;1,17;0;0;0;0,04;210;210;2;17;185;24/nov/25
1701614;SILICONE LAVANDA GT PREMIUM 250NL;14;6;6;0,83;-0,5;2;0;0,5;0,19;-18;54;1,67;17;185;24/nov/25
1701614;SILICONE LAVANDA GT PREMIUM 250NL;17;6;6;1,67;1,17;1;0,67;0;0,16;52,5;97,5;1,67;17;185;24/nov/25
1701614;SILICONE LAVANDA GT PREMIUM 250NL;18;6;6;1,67;-0,33;3;0,17;0,17;0,19;-12;96;1,67;17;185;24/nov/25
1017495;TINTA CHEMICOLOR USO GERAL PRETO B 250ML;2;6;6;1;0;2;0;0;0;;;2,83;17;185;24/nov/25
1017495;TINTA CHEMICOLOR USO GERAL PRETO B 250ML;12;6;6;1;-2,17;2;0;0;0;;;2,83;17;185;24/nov/25
1017497;TINTA CHEMICOLOR USOGERAL BRANCO F 250ML;2;6;6;1;0;1;0;0;0;;;2,83;17;185;24/nov/25
1017497;TINTA CHEMICOLOR USOGERAL BRANCO F 250ML;3;6;6;1,33;1;1;0;0;0;;;0;17;185;24/nov/25
1017497;TINTA CHEMICOLOR USOGERAL BRANCO F 250ML;4;1;6;1;0;2;0;0;0;;;0;17;185;24/nov/25
1017497;TINTA CHEMICOLOR USOGERAL BRANCO F 250ML;7;6;6;1;0;1;0;0;0;;;0;17;185;24/nov/25
1017497;TINTA CHEMICOLOR USOGERAL BRANCO F 250ML;13;1;6;1,33;1;1;0,17;0;0,04;180;360;0;17;185;24/nov/25
1017497;TINTA CHEMICOLOR USOGERAL BRANCO F 250ML;14;6;6;1;-0,17;1;0;0,17;0,12;-10;50;2,83;17;185;24/nov/25
1609936;PRENDEDOR ROUPA EMBORRACHADO PARANA C/12;3;6;12;2;0,83;2;0;0,17;0,12;50;170;0;17;200;24/nov/25
1609936;PRENDEDOR ROUPA EMBORRACHADO PARANA C/12;12;6;12;1,5;0,75;2;0,17;0,33;0,23;22,5;82,5;0;17;200;24/nov/25
1609936;PRENDEDOR ROUPA EMBORRACHADO PARANA C/12;14;6;12;0,83;0,58;1;0,08;0,33;0,1;42;114;0;17;200;24/nov/25
1609936;PRENDEDOR ROUPA EMBORRACHADO PARANA C/12;17;6;12;1,5;0;2;0;0;0;;;0;17;200;24/nov/25
2000;PRENDEDOR ROUPA GABOARDI C/12;12;6;50;0,96;0,92;0;0,46;0,58;0,42;15,33;15,33;0;17;200;24/nov/25
118552;PRENDEDOR ROUPA PARANA C/12;6;6;50;1,2;0,84;0;0,46;0,38;0,27;21,72;21,72;0;17;200;24/nov/25
118552;PRENDEDOR ROUPA PARANA C/12;8;6;50;0,72;0,42;1;0,34;0,22;0,18;16,58;56,05;0;17;200;24/nov/25
1900318;BISNAGUINHA BAUDUCCO 260G;2;6;9;1,11;0;0,89;0;0;0;;;0;19;191;24/nov/25
1900318;BISNAGUINHA BAUDUCCO 260G;3;6;9;1,11;0;0,89;0;0;0;;;0;19;191;24/nov/25
1900318;BISNAGUINHA BAUDUCCO 260G;6;6;9;0,78;0;0,89;0;0;0;;;0;19;191;24/nov/25
1900318;BISNAGUINHA BAUDUCCO 260G;12;6;9;1,11;0,11;0,89;0;0;0;;;0;19;191;24/nov/25
1900316;PAO BAUDUCCO INTEGRAL 390G;4;6;10;0,6;0;2;0;0;0;;;0;19;191;24/nov/25
1900316;PAO BAUDUCCO INTEGRAL 390G;6;6;10;0,6;0;1;0;0;0;;;0;19;191;24/nov/25
1900316;PAO BAUDUCCO INTEGRAL 390G;18;6;10;0,6;0;1;0;0;0;;;0;19;191;24/nov/25
227;AMEIXA PTA UNIAGRO C/C KG 10;3;6;10;8;8,76;1;0,83;0,85;0,9;68,19;75,97;0;22;224;24/nov/25
227;AMEIXA PTA UNIAGRO C/C KG 10;13;6;10;2;1,84;0;0,16;0,06;0,17;77,87;77,87;0;22;224;24/nov/25
256;AMEIXA PTA UNIAGRO S/C KG C/10;14;6;10;8;2,9;1;0,52;1,12;0,7;28,91;38,88;0;22;224;24/nov/25
256;AMEIXA PTA UNIAGRO S/C KG C/10;17;6;10;5;3,67;0;0,38;0,4;0,48;53,97;53,97;0;22;224;24/nov/25
5669;CASTANHA CAJU UNIAGRO T/S KG C/24KG;8;6;12;0,92;1,91;1;0,03;0,01;0,02;692,32;1.054,50;0;22;224;24/nov/25
260;FRUTAS CRIST UNIAGRO KG;5;6;10;3;3,7;0;0,22;0,29;0,21;125,93;125,93;0;22;224;24/nov/25
260;FRUTAS CRIST UNIAGRO KG;17;6;10;24;-0,01;30;0;0;0,22;-0,47;958,2;0;22;224;24/nov/25
263;PASSAS UVA BCA UNIAGRO KG;13;6;10;0,5;0,5;1;0,08;0,02;0,05;64,29;193,37;0;22;224;24/nov/25
371;PASSAS UVA PRETA UNIAGRO KG;3;6;10;24;11,65;4;1,76;2,43;1,89;43,15;57,97;0;22;224;24/nov/25
371;PASSAS UVA PRETA UNIAGRO KG;5;6;10;5;4,86;0;0,31;0,34;0,36;95,24;95,24;0;22;224;24/nov/25
371;PASSAS UVA PRETA UNIAGRO KG;17;6;10;8;3,57;2;1,2;1,42;0,93;26,72;41,7;0;22;224;24/nov/25
2366;LEITE UHT ELEGE DESNATADO 1L;1;6;12;4;1,83;3;2,58;1,25;0,99;12,94;34,12;2;23;230;24/nov/25
2366;LEITE UHT ELEGE DESNATADO 1L;11;6;12;4;3,83;2;1,92;6,5;2,61;10,3;15,67;2;23;230;24/nov/25
2365;LEITE UHT ELEGE INTEGRAL 1L;5;6;12;12;11,67;3;3,5;12,75;5,31;15,38;19,34;10,5;23;230;24/nov/25
2365;LEITE UHT ELEGE INTEGRAL 1L;7;6;12;40;37,83;2;8,25;19,67;10,87;24,36;25,65;3,5;23;230;24/nov/25
2365;LEITE UHT ELEGE INTEGRAL 1L;8;6;12;10;8,67;11;9;3,5;5,97;10,16;23,06;3,5;23;230;24/nov/25
2365;LEITE UHT ELEGE INTEGRAL 1L;13;6;12;30;28,75;11;11,25;18;8,44;23,85;32,97;3,5;23;230;24/nov/25
2303050;LEITE UHT ELEGE INTEGRAL GFA 1LT;3;6;6;60;56,67;23;9,33;18;21,74;18,25;25,65;27;23;230;24/nov/25
2303050;LEITE UHT ELEGE INTEGRAL GFA 1LT;17;6;6;12;10,17;0;3,83;5,5;4,9;14,52;14,52;7;23;230;24/nov/25
2303052;LEITE UHT ELEGE S.DESNATADO GFA 1LT;17;6;6;6;6;0;3,67;1,67;1,67;25,12;25,12;4;23;230;24/nov/25
36924;LEITE UHT MOLICO DESNATADO 1L;17;6;12;5;6;0;3,5;1,5;1,67;25,12;25,12;2;23;230;24/nov/25
2302674;LEITE UHT MOLICO ZERO LACTOSE 1L;12;6;12;5;3,83;4;1,5;0,17;0,8;33,66;68,78;1;23;230;24/nov/25
37228;LEITE UHT NINHO INTEGRAL 1L;3;6;12;30;29,67;10;10,5;10,67;10,48;19,81;26,49;16;23;230;24/nov/25
37228;LEITE UHT NINHO INTEGRAL 1L;17;6;12;8;4,83;7;3,83;4,33;3,99;8,49;20,78;4;23;230;24/nov/25
22576;LEITE UHT NINHO SEMI DESN LEVINH 1L;2;6;12;6;5,08;3;2,83;1,25;1,83;19,47;30,96;6;23;230;24/nov/25
22576;LEITE UHT NINHO SEMI DESN LEVINH 1L;7;6;12;3;2,83;1;1,25;1,33;0,89;22,17;30;2;23;230;24/nov/25
2300757;LEITE UHT NINHO ZERO LACTOSE 1L;12;6;12;7;5,5;3;2,42;4;3,05;12,61;19,49;1;23;230;24/nov/25
2302096;LEITE UHT PIRACANJU ZER LACTOSE 1L;5;6;12;4;5,75;0;0,33;1,92;1,81;22,26;22,26;4;23;230;24/nov/25
2302096;LEITE UHT PIRACANJU ZER LACTOSE 1L;8;6;12;6;-2,92;3;3,33;5,17;3,85;-5,3;0,15;1;23;230;24/nov/25
2302096;LEITE UHT PIRACANJU ZER LACTOSE 1L;17;6;12;16;15,83;0;6,67;8,17;7,25;15,28;15,28;1;23;230;24/nov/25
9938564;LEITE UHT STA CLARA DESNATADO 1L;1;6;12;5;4,58;2;1,83;1,58;1,61;19,88;28,55;2,5;23;230;24/nov/25
9938564;LEITE UHT STA CLARA DESNATADO 1L;5;6;12;6;6,5;3;3;3,08;3,87;11,76;17,19;6;23;230;24/nov/25
9938564;LEITE UHT STA CLARA DESNATADO 1L;17;6;12;30;5,92;29;32,67;48;33,27;1,24;7,35;4,5;23;230;24/nov/25
21771;LEITE UHT STA CLARA INTEGRAL 1L;5;6;12;170;219,5;85;214,58;175,33;209,67;7,33;10,17;14;23;230;24/nov/25
9952720;LEITE UHT STA CLARA SEMI DESNAT1L;5;6;12;10;11,25;7;6,83;9,17;8,5;9,27;15,03;8;23;230;24/nov/25
2302881;LEITE UHT STA CLARA SENIOR 1LT;5;6;12;3;3,5;1;0,75;1,08;1,3;18,81;24,18;4;23;230;24/nov/25
2302589;LEITE UHT STA CLARA ZERO LACTOSE 1L;5;6;12;4;6,5;3;2,17;2,83;2,14;21,27;31,09;4;23;230;24/nov/25
2302589;LEITE UHT STA CLARA ZERO LACTOSE 1L;18;6;12;8;6,67;3;3,25;4,92;5,74;8,14;11,8;6;23;230;24/nov/25
1023796;LEITE UHT TIROL BIO PROTEINA 1LT;17;6;12;2;1,17;2;1,42;0,42;0,74;11,05;30;1;23;230;24/nov/25
2302893;LEITE UHT TIROL DESNATADO C/TAMPA 1L;2;6;12;7;6,83;1;2,33;2,17;2,14;22,36;25,64;4,5;23;230;24/nov/25
2302893;LEITE UHT TIROL DESNATADO C/TAMPA 1L;17;6;12;8;6;8;5,67;3,75;4,43;9,47;22,11;3;23;230;24/nov/25
2302892;LEITE UHT TIROL INTEGRAL C/TAMPA 1L;6;6;12;85;75,83;94;63,17;33,17;100,74;5,27;11,8;;23;230;24/nov/25
2302857;LEITE UHT TIROL S.DESN ZERO LACT 1L;5;6;12;4;5,17;3;3,17;3,5;2,04;17,71;28;6;23;230;24/nov/25
2302857;LEITE UHT TIROL S.DESN ZERO LACT 1L;17;6;12;15;7,75;12;11,42;10,33;9,74;5,57;14,19;1,5;23;230;24/nov/25
2302894;LEITE UHT TIROL SEMI DESN C/TP 1L;3;6;12;8;7,83;2;6,17;8,67;8,11;6,76;8,49;7,5;23;230;24/nov/25
2302894;LEITE UHT TIROL SEMI DESN C/TP 1L;17;6;12;5;3,67;0;1,83;1;1,32;19,41;19,41;3;23;230;24/nov/25
1016941;LEITE UHT TIROL ZERO LACTOSE INTEGRAL1L;18;6;12;12;11,5;4;1,58;3;2,2;36,64;49,38;2;23;230;24/nov/25
